method,seed,split,atomic_macro,atomic_min_cell,old_all3_k,old_n,old_all3,old_min_source,P_k,U_k,G_k,natural_today_k,n,N,all_fixed4_k,all_edited3_k,first_k,endpoint2_k,full2_k,capability_working_pass,self_working_pass,exploratory
F,42,iid,0.99953125,0.9875,160,160,1.0,1.0,160,160,103,160,160,160,103,103,160,160,160,True,True,False
F,42,template_ood,0.98625,0.775,113,113,1.0,1.0,160,122,158,152,160,160,120,120,160,160,160,False,True,False
N,42,iid,1.0,1.0,160,160,1.0,1.0,0,0,0,160,160,160,0,0,160,0,0,True,False,False
N,42,template_ood,0.9765625,0.7625,113,113,1.0,1.0,0,0,0,160,160,160,0,0,160,0,0,False,False,False
O,42,iid,1.0,1.0,160,160,1.0,1.0,135,157,0,160,160,160,0,0,160,160,160,True,True,False
O,42,template_ood,0.98109375,0.7625,113,113,1.0,1.0,160,127,15,149,160,160,15,15,160,160,160,False,True,False
P,42,iid,1.0,1.0,160,160,1.0,1.0,0,0,0,160,160,160,0,0,160,0,0,True,False,False
P,42,template_ood,0.97671875,0.75,113,113,1.0,1.0,0,0,0,154,160,160,0,0,160,0,0,False,False,False
F,43,iid,1.0,1.0,160,160,1.0,1.0,160,160,137,160,160,160,137,137,160,160,160,True,True,False
F,43,template_ood,0.94109375,0.75,119,119,1.0,1.0,160,160,151,127,160,160,123,151,160,160,160,False,True,False
N,43,iid,1.0,1.0,160,160,1.0,1.0,0,0,0,160,160,160,0,0,160,0,0,True,False,False
N,43,template_ood,0.929375,0.75,119,119,1.0,1.0,0,0,0,121,160,160,0,0,160,0,0,False,False,False
O,43,iid,1.0,1.0,160,160,1.0,1.0,160,160,94,160,160,160,94,94,160,160,160,True,True,False
O,43,template_ood,0.94234375,0.75,119,119,1.0,1.0,160,160,93,128,160,160,91,93,160,160,160,False,True,False
P,43,iid,1.0,1.0,160,160,1.0,1.0,0,0,0,160,160,160,0,0,160,0,0,True,False,False
P,43,template_ood,0.97,0.7625,119,119,1.0,1.0,0,0,0,148,160,160,0,0,160,0,0,False,False,False
F,44,iid,0.895625,0.1625,160,160,1.0,1.0,160,160,29,160,160,160,29,29,160,160,160,False,True,False
F,44,template_ood,0.81703125,0.0,115,115,1.0,1.0,160,160,43,160,160,160,43,43,160,160,160,False,True,False
N,44,iid,1.0,1.0,160,160,1.0,1.0,0,0,0,160,160,160,0,0,160,0,0,True,False,False
N,44,template_ood,0.9996875,0.99375,115,115,1.0,1.0,0,0,0,160,160,160,0,0,160,0,0,True,False,False
O,44,iid,0.8735937500000001,0.06875,160,160,1.0,1.0,160,160,18,160,160,160,18,18,160,160,160,False,True,False
O,44,template_ood,0.7853125,0.0,104,115,0.9043478260869565,0.9043478260869565,160,160,9,160,160,160,9,9,160,160,160,False,True,False
P,44,iid,1.0,1.0,160,160,1.0,1.0,0,0,0,160,160,160,0,0,160,0,0,True,False,False
P,44,template_ood,0.98671875,0.88125,115,115,1.0,1.0,0,0,0,160,160,160,0,0,160,0,0,False,False,False
