seed,method,split,kind,source,N,success,format_only,date_error,fact_error,date_and_fact_error,parse_unresolved,perspective_error,length_limit
42,F,iid,old,H0,160,160,0,0,0,0,0,0,0
42,F,iid,old,H1,160,160,0,0,0,0,0,0,0
42,F,iid,old,H2,160,160,0,0,0,0,0,0,0
42,F,iid,fixed,E,160,160,0,0,0,0,0,0,0
42,F,iid,fixed,P,160,160,0,0,0,0,0,0,0
42,F,iid,fixed,G,160,103,0,57,0,0,0,0,0
42,F,iid,fixed,U,160,160,0,0,0,0,0,0,0
42,F,iid,reset_fixed,P,160,160,0,0,0,0,0,0,0
42,F,iid,reset_fixed,G,160,160,0,0,0,0,0,0,0
42,F,iid,reset_fixed,U,160,160,0,0,0,0,0,0,0
42,F,iid,self_first,Q,160,160,0,0,0,0,0,0,0
42,F,iid,self_second,Q,160,160,0,0,0,0,0,0,0
42,F,iid,reset_self,Q,160,160,0,0,0,0,0,0,0
42,F,template_ood,old,H0,160,160,0,0,0,0,0,0,0
42,F,template_ood,old,H1,160,160,0,0,0,0,0,0,0
42,F,template_ood,old,H2,160,160,0,0,0,0,0,0,0
42,F,template_ood,fixed,E,160,152,0,8,0,0,0,0,0
42,F,template_ood,fixed,P,160,160,0,0,0,0,0,0,0
42,F,template_ood,fixed,G,160,158,0,2,0,0,0,0,0
42,F,template_ood,fixed,U,160,122,0,38,0,0,0,0,0
42,F,template_ood,reset_fixed,P,160,152,0,8,0,0,0,0,0
42,F,template_ood,reset_fixed,G,160,152,0,8,0,0,0,0,0
42,F,template_ood,reset_fixed,U,160,152,0,8,0,0,0,0,0
42,F,template_ood,self_first,Q,160,160,0,0,0,0,0,0,0
42,F,template_ood,self_second,Q,160,160,0,0,0,0,0,0,0
42,F,template_ood,reset_self,Q,160,152,0,8,0,0,0,0,0
42,N,iid,old,H0,160,160,0,0,0,0,0,0,0
42,N,iid,old,H1,160,160,0,0,0,0,0,0,0
42,N,iid,old,H2,160,160,0,0,0,0,0,0,0
42,N,iid,fixed,E,160,160,0,0,0,0,0,0,0
42,N,iid,fixed,P,160,0,0,160,0,0,0,0,0
42,N,iid,fixed,G,160,0,0,160,0,0,0,0,0
42,N,iid,fixed,U,160,0,0,160,0,0,0,0,0
42,N,iid,reset_fixed,P,160,160,0,0,0,0,0,0,0
42,N,iid,reset_fixed,G,160,160,0,0,0,0,0,0,0
42,N,iid,reset_fixed,U,160,160,0,0,0,0,0,0,0
42,N,iid,self_first,Q,160,160,0,0,0,0,0,0,0
42,N,iid,self_second,Q,160,0,0,129,0,0,31,0,0
42,N,iid,reset_self,Q,160,160,0,0,0,0,0,0,0
42,N,template_ood,old,H0,160,160,0,0,0,0,0,0,0
42,N,template_ood,old,H1,160,160,0,0,0,0,0,0,0
42,N,template_ood,old,H2,160,160,0,0,0,0,0,0,0
42,N,template_ood,fixed,E,160,160,0,0,0,0,0,0,0
42,N,template_ood,fixed,P,160,0,0,160,0,0,0,0,0
42,N,template_ood,fixed,G,160,0,0,160,0,0,0,0,0
42,N,template_ood,fixed,U,160,0,0,160,0,0,0,0,0
42,N,template_ood,reset_fixed,P,160,160,0,0,0,0,0,0,0
42,N,template_ood,reset_fixed,G,160,160,0,0,0,0,0,0,0
42,N,template_ood,reset_fixed,U,160,160,0,0,0,0,0,0,0
42,N,template_ood,self_first,Q,160,160,0,0,0,0,0,0,0
42,N,template_ood,self_second,Q,160,0,0,159,0,0,1,0,0
42,N,template_ood,reset_self,Q,160,160,0,0,0,0,0,0,0
42,O,iid,old,H0,160,160,0,0,0,0,0,0,0
42,O,iid,old,H1,160,160,0,0,0,0,0,0,0
42,O,iid,old,H2,160,160,0,0,0,0,0,0,0
42,O,iid,fixed,E,160,160,0,0,0,0,0,0,0
42,O,iid,fixed,P,160,135,0,25,0,0,0,0,0
42,O,iid,fixed,G,160,0,0,160,0,0,0,0,0
42,O,iid,fixed,U,160,157,0,3,0,0,0,0,0
42,O,iid,reset_fixed,P,160,160,0,0,0,0,0,0,0
42,O,iid,reset_fixed,G,160,160,0,0,0,0,0,0,0
42,O,iid,reset_fixed,U,160,160,0,0,0,0,0,0,0
42,O,iid,self_first,Q,160,160,0,0,0,0,0,0,0
42,O,iid,self_second,Q,160,160,0,0,0,0,0,0,0
42,O,iid,reset_self,Q,160,160,0,0,0,0,0,0,0
42,O,template_ood,old,H0,160,160,0,0,0,0,0,0,0
42,O,template_ood,old,H1,160,160,0,0,0,0,0,0,0
42,O,template_ood,old,H2,160,160,0,0,0,0,0,0,0
42,O,template_ood,fixed,E,160,149,0,11,0,0,0,0,0
42,O,template_ood,fixed,P,160,160,0,0,0,0,0,0,0
42,O,template_ood,fixed,G,160,15,0,145,0,0,0,0,0
42,O,template_ood,fixed,U,160,127,0,33,0,0,0,0,0
42,O,template_ood,reset_fixed,P,160,149,0,11,0,0,0,0,0
42,O,template_ood,reset_fixed,G,160,149,0,11,0,0,0,0,0
42,O,template_ood,reset_fixed,U,160,149,0,11,0,0,0,0,0
42,O,template_ood,self_first,Q,160,160,0,0,0,0,0,0,0
42,O,template_ood,self_second,Q,160,160,0,0,0,0,0,0,0
42,O,template_ood,reset_self,Q,160,149,0,11,0,0,0,0,0
42,P,iid,old,H0,160,160,0,0,0,0,0,0,0
42,P,iid,old,H1,160,160,0,0,0,0,0,0,0
42,P,iid,old,H2,160,160,0,0,0,0,0,0,0
42,P,iid,fixed,E,160,160,0,0,0,0,0,0,0
42,P,iid,fixed,P,160,0,0,160,0,0,0,0,0
42,P,iid,fixed,G,160,0,0,160,0,0,0,0,0
42,P,iid,fixed,U,160,0,0,160,0,0,0,0,0
42,P,iid,reset_fixed,P,160,160,0,0,0,0,0,0,0
42,P,iid,reset_fixed,G,160,160,0,0,0,0,0,0,0
42,P,iid,reset_fixed,U,160,160,0,0,0,0,0,0,0
42,P,iid,self_first,Q,160,160,0,0,0,0,0,0,0
42,P,iid,self_second,Q,160,0,0,160,0,0,0,0,0
42,P,iid,reset_self,Q,160,160,0,0,0,0,0,0,0
42,P,template_ood,old,H0,160,160,0,0,0,0,0,0,0
42,P,template_ood,old,H1,160,150,0,10,0,0,0,0,0
42,P,template_ood,old,H2,160,160,0,0,0,0,0,0,0
42,P,template_ood,fixed,E,160,154,0,6,0,0,0,0,0
42,P,template_ood,fixed,P,160,0,0,160,0,0,0,0,0
42,P,template_ood,fixed,G,160,0,0,160,0,0,0,0,0
42,P,template_ood,fixed,U,160,0,0,160,0,0,0,0,0
42,P,template_ood,reset_fixed,P,160,154,0,6,0,0,0,0,0
42,P,template_ood,reset_fixed,G,160,154,0,6,0,0,0,0,0
42,P,template_ood,reset_fixed,U,160,154,0,6,0,0,0,0,0
42,P,template_ood,self_first,Q,160,160,0,0,0,0,0,0,0
42,P,template_ood,self_second,Q,160,0,0,160,0,0,0,0,0
42,P,template_ood,reset_self,Q,160,154,0,6,0,0,0,0,0
43,F,iid,old,H0,160,160,0,0,0,0,0,0,0
43,F,iid,old,H1,160,160,0,0,0,0,0,0,0
43,F,iid,old,H2,160,160,0,0,0,0,0,0,0
43,F,iid,fixed,E,160,160,0,0,0,0,0,0,0
43,F,iid,fixed,P,160,160,0,0,0,0,0,0,0
43,F,iid,fixed,G,160,137,0,23,0,0,0,0,0
43,F,iid,fixed,U,160,160,0,0,0,0,0,0,0
43,F,iid,reset_fixed,P,160,160,0,0,0,0,0,0,0
43,F,iid,reset_fixed,G,160,160,0,0,0,0,0,0,0
43,F,iid,reset_fixed,U,160,160,0,0,0,0,0,0,0
43,F,iid,self_first,Q,160,160,0,0,0,0,0,0,0
43,F,iid,self_second,Q,160,160,0,0,0,0,0,0,0
43,F,iid,reset_self,Q,160,160,0,0,0,0,0,0,0
43,F,template_ood,old,H0,160,145,0,15,0,0,0,0,0
43,F,template_ood,old,H1,160,160,0,0,0,0,0,0,0
43,F,template_ood,old,H2,160,160,0,0,0,0,0,0,0
43,F,template_ood,fixed,E,160,127,0,33,0,0,0,0,0
43,F,template_ood,fixed,P,160,160,0,0,0,0,0,0,0
43,F,template_ood,fixed,G,160,151,0,9,0,0,0,0,0
43,F,template_ood,fixed,U,160,160,0,0,0,0,0,0,0
43,F,template_ood,reset_fixed,P,160,127,0,33,0,0,0,0,0
43,F,template_ood,reset_fixed,G,160,127,0,33,0,0,0,0,0
43,F,template_ood,reset_fixed,U,160,127,0,33,0,0,0,0,0
43,F,template_ood,self_first,Q,160,160,0,0,0,0,0,0,0
43,F,template_ood,self_second,Q,160,160,0,0,0,0,0,0,0
43,F,template_ood,reset_self,Q,160,127,0,33,0,0,0,0,0
43,N,iid,old,H0,160,160,0,0,0,0,0,0,0
43,N,iid,old,H1,160,160,0,0,0,0,0,0,0
43,N,iid,old,H2,160,160,0,0,0,0,0,0,0
43,N,iid,fixed,E,160,160,0,0,0,0,0,0,0
43,N,iid,fixed,P,160,0,0,159,0,0,1,0,0
43,N,iid,fixed,G,160,0,0,160,0,0,0,0,0
43,N,iid,fixed,U,160,0,0,160,0,0,0,0,0
43,N,iid,reset_fixed,P,160,160,0,0,0,0,0,0,0
43,N,iid,reset_fixed,G,160,160,0,0,0,0,0,0,0
43,N,iid,reset_fixed,U,160,160,0,0,0,0,0,0,0
43,N,iid,self_first,Q,160,160,0,0,0,0,0,0,0
43,N,iid,self_second,Q,160,0,0,151,0,0,9,0,0
43,N,iid,reset_self,Q,160,160,0,0,0,0,0,0,0
43,N,template_ood,old,H0,160,158,0,2,0,0,0,0,0
43,N,template_ood,old,H1,160,160,0,0,0,0,0,0,0
43,N,template_ood,old,H2,160,160,0,0,0,0,0,0,0
43,N,template_ood,fixed,E,160,121,0,39,0,0,0,0,0
43,N,template_ood,fixed,P,160,0,0,160,0,0,0,0,0
43,N,template_ood,fixed,G,160,0,0,160,0,0,0,0,0
43,N,template_ood,fixed,U,160,0,0,160,0,0,0,0,0
43,N,template_ood,reset_fixed,P,160,121,0,39,0,0,0,0,0
43,N,template_ood,reset_fixed,G,160,121,0,39,0,0,0,0,0
43,N,template_ood,reset_fixed,U,160,121,0,39,0,0,0,0,0
43,N,template_ood,self_first,Q,160,160,0,0,0,0,0,0,0
43,N,template_ood,self_second,Q,160,0,0,160,0,0,0,0,0
43,N,template_ood,reset_self,Q,160,121,0,39,0,0,0,0,0
43,O,iid,old,H0,160,160,0,0,0,0,0,0,0
43,O,iid,old,H1,160,160,0,0,0,0,0,0,0
43,O,iid,old,H2,160,160,0,0,0,0,0,0,0
43,O,iid,fixed,E,160,160,0,0,0,0,0,0,0
43,O,iid,fixed,P,160,160,0,0,0,0,0,0,0
43,O,iid,fixed,G,160,94,0,66,0,0,0,0,0
43,O,iid,fixed,U,160,160,0,0,0,0,0,0,0
43,O,iid,reset_fixed,P,160,160,0,0,0,0,0,0,0
43,O,iid,reset_fixed,G,160,160,0,0,0,0,0,0,0
43,O,iid,reset_fixed,U,160,160,0,0,0,0,0,0,0
43,O,iid,self_first,Q,160,160,0,0,0,0,0,0,0
43,O,iid,self_second,Q,160,160,0,0,0,0,0,0,0
43,O,iid,reset_self,Q,160,160,0,0,0,0,0,0,0
43,O,template_ood,old,H0,160,146,0,14,0,0,0,0,0
43,O,template_ood,old,H1,160,160,0,0,0,0,0,0,0
43,O,template_ood,old,H2,160,160,0,0,0,0,0,0,0
43,O,template_ood,fixed,E,160,128,0,32,0,0,0,0,0
43,O,template_ood,fixed,P,160,160,0,0,0,0,0,0,0
43,O,template_ood,fixed,G,160,93,0,67,0,0,0,0,0
43,O,template_ood,fixed,U,160,160,0,0,0,0,0,0,0
43,O,template_ood,reset_fixed,P,160,128,0,32,0,0,0,0,0
43,O,template_ood,reset_fixed,G,160,128,0,32,0,0,0,0,0
43,O,template_ood,reset_fixed,U,160,128,0,32,0,0,0,0,0
43,O,template_ood,self_first,Q,160,160,0,0,0,0,0,0,0
43,O,template_ood,self_second,Q,160,160,0,0,0,0,0,0,0
43,O,template_ood,reset_self,Q,160,128,0,32,0,0,0,0,0
43,P,iid,old,H0,160,160,0,0,0,0,0,0,0
43,P,iid,old,H1,160,160,0,0,0,0,0,0,0
43,P,iid,old,H2,160,160,0,0,0,0,0,0,0
43,P,iid,fixed,E,160,160,0,0,0,0,0,0,0
43,P,iid,fixed,P,160,0,0,160,0,0,0,0,0
43,P,iid,fixed,G,160,0,0,160,0,0,0,0,0
43,P,iid,fixed,U,160,0,0,160,0,0,0,0,0
43,P,iid,reset_fixed,P,160,160,0,0,0,0,0,0,0
43,P,iid,reset_fixed,G,160,160,0,0,0,0,0,0,0
43,P,iid,reset_fixed,U,160,160,0,0,0,0,0,0,0
43,P,iid,self_first,Q,160,160,0,0,0,0,0,0,0
43,P,iid,self_second,Q,160,0,0,160,0,0,0,0,0
43,P,iid,reset_self,Q,160,160,0,0,0,0,0,0,0
43,P,template_ood,old,H0,160,156,0,4,0,0,0,0,0
43,P,template_ood,old,H1,160,160,0,0,0,0,0,0,0
43,P,template_ood,old,H2,160,160,0,0,0,0,0,0,0
43,P,template_ood,fixed,E,160,148,0,12,0,0,0,0,0
43,P,template_ood,fixed,P,160,0,0,160,0,0,0,0,0
43,P,template_ood,fixed,G,160,0,0,160,0,0,0,0,0
43,P,template_ood,fixed,U,160,0,0,160,0,0,0,0,0
43,P,template_ood,reset_fixed,P,160,148,0,12,0,0,0,0,0
43,P,template_ood,reset_fixed,G,160,148,0,12,0,0,0,0,0
43,P,template_ood,reset_fixed,U,160,148,0,12,0,0,0,0,0
43,P,template_ood,self_first,Q,160,160,0,0,0,0,0,0,0
43,P,template_ood,self_second,Q,160,0,0,160,0,0,0,0,0
43,P,template_ood,reset_self,Q,160,148,0,12,0,0,0,0,0
44,F,iid,old,H0,160,160,0,0,0,0,0,0,0
44,F,iid,old,H1,160,160,0,0,0,0,0,0,0
44,F,iid,old,H2,160,160,0,0,0,0,0,0,0
44,F,iid,fixed,E,160,160,0,0,0,0,0,0,0
44,F,iid,fixed,P,160,160,0,0,0,0,0,0,0
44,F,iid,fixed,G,160,29,0,131,0,0,0,0,0
44,F,iid,fixed,U,160,160,0,0,0,0,0,0,0
44,F,iid,reset_fixed,P,160,160,0,0,0,0,0,0,0
44,F,iid,reset_fixed,G,160,160,0,0,0,0,0,0,0
44,F,iid,reset_fixed,U,160,160,0,0,0,0,0,0,0
44,F,iid,self_first,Q,160,160,0,0,0,0,0,0,0
44,F,iid,self_second,Q,160,160,0,0,0,0,0,0,0
44,F,iid,reset_self,Q,160,160,0,0,0,0,0,0,0
44,F,template_ood,old,H0,160,120,0,40,0,0,0,0,0
44,F,template_ood,old,H1,160,160,0,0,0,0,0,0,0
44,F,template_ood,old,H2,160,160,0,0,0,0,0,0,0
44,F,template_ood,fixed,E,160,160,0,0,0,0,0,0,0
44,F,template_ood,fixed,P,160,160,0,0,0,0,0,0,0
44,F,template_ood,fixed,G,160,43,0,117,0,0,0,0,0
44,F,template_ood,fixed,U,160,160,0,0,0,0,0,0,0
44,F,template_ood,reset_fixed,P,160,160,0,0,0,0,0,0,0
44,F,template_ood,reset_fixed,G,160,160,0,0,0,0,0,0,0
44,F,template_ood,reset_fixed,U,160,160,0,0,0,0,0,0,0
44,F,template_ood,self_first,Q,160,160,0,0,0,0,0,0,0
44,F,template_ood,self_second,Q,160,160,0,0,0,0,0,0,0
44,F,template_ood,reset_self,Q,160,160,0,0,0,0,0,0,0
44,N,iid,old,H0,160,160,0,0,0,0,0,0,0
44,N,iid,old,H1,160,160,0,0,0,0,0,0,0
44,N,iid,old,H2,160,160,0,0,0,0,0,0,0
44,N,iid,fixed,E,160,160,0,0,0,0,0,0,0
44,N,iid,fixed,P,160,0,0,160,0,0,0,0,0
44,N,iid,fixed,G,160,0,0,160,0,0,0,0,0
44,N,iid,fixed,U,160,0,0,160,0,0,0,0,0
44,N,iid,reset_fixed,P,160,160,0,0,0,0,0,0,0
44,N,iid,reset_fixed,G,160,160,0,0,0,0,0,0,0
44,N,iid,reset_fixed,U,160,160,0,0,0,0,0,0,0
44,N,iid,self_first,Q,160,160,0,0,0,0,0,0,0
44,N,iid,self_second,Q,160,0,0,156,0,0,4,0,0
44,N,iid,reset_self,Q,160,160,0,0,0,0,0,0,0
44,N,template_ood,old,H0,160,160,0,0,0,0,0,0,0
44,N,template_ood,old,H1,160,160,0,0,0,0,0,0,0
44,N,template_ood,old,H2,160,160,0,0,0,0,0,0,0
44,N,template_ood,fixed,E,160,160,0,0,0,0,0,0,0
44,N,template_ood,fixed,P,160,0,0,160,0,0,0,0,0
44,N,template_ood,fixed,G,160,0,0,160,0,0,0,0,0
44,N,template_ood,fixed,U,160,0,0,160,0,0,0,0,0
44,N,template_ood,reset_fixed,P,160,160,0,0,0,0,0,0,0
44,N,template_ood,reset_fixed,G,160,160,0,0,0,0,0,0,0
44,N,template_ood,reset_fixed,U,160,160,0,0,0,0,0,0,0
44,N,template_ood,self_first,Q,160,160,0,0,0,0,0,0,0
44,N,template_ood,self_second,Q,160,0,0,159,0,0,1,0,0
44,N,template_ood,reset_self,Q,160,160,0,0,0,0,0,0,0
44,O,iid,old,H0,160,160,0,0,0,0,0,0,0
44,O,iid,old,H1,160,160,0,0,0,0,0,0,0
44,O,iid,old,H2,160,160,0,0,0,0,0,0,0
44,O,iid,fixed,E,160,160,0,0,0,0,0,0,0
44,O,iid,fixed,P,160,160,0,0,0,0,0,0,0
44,O,iid,fixed,G,160,18,0,142,0,0,0,0,0
44,O,iid,fixed,U,160,160,0,0,0,0,0,0,0
44,O,iid,reset_fixed,P,160,160,0,0,0,0,0,0,0
44,O,iid,reset_fixed,G,160,160,0,0,0,0,0,0,0
44,O,iid,reset_fixed,U,160,160,0,0,0,0,0,0,0
44,O,iid,self_first,Q,160,160,0,0,0,0,0,0,0
44,O,iid,self_second,Q,160,160,0,0,0,0,0,0,0
44,O,iid,reset_self,Q,160,160,0,0,0,0,0,0,0
44,O,template_ood,old,H0,160,109,0,51,0,0,0,0,0
44,O,template_ood,old,H1,160,160,0,0,0,0,0,0,0
44,O,template_ood,old,H2,160,160,0,0,0,0,0,0,0
44,O,template_ood,fixed,E,160,160,0,0,0,0,0,0,0
44,O,template_ood,fixed,P,160,160,0,0,0,0,0,0,0
44,O,template_ood,fixed,G,160,9,0,151,0,0,0,0,0
44,O,template_ood,fixed,U,160,160,0,0,0,0,0,0,0
44,O,template_ood,reset_fixed,P,160,160,0,0,0,0,0,0,0
44,O,template_ood,reset_fixed,G,160,160,0,0,0,0,0,0,0
44,O,template_ood,reset_fixed,U,160,160,0,0,0,0,0,0,0
44,O,template_ood,self_first,Q,160,160,0,0,0,0,0,0,0
44,O,template_ood,self_second,Q,160,160,0,0,0,0,0,0,0
44,O,template_ood,reset_self,Q,160,160,0,0,0,0,0,0,0
44,P,iid,old,H0,160,160,0,0,0,0,0,0,0
44,P,iid,old,H1,160,160,0,0,0,0,0,0,0
44,P,iid,old,H2,160,160,0,0,0,0,0,0,0
44,P,iid,fixed,E,160,160,0,0,0,0,0,0,0
44,P,iid,fixed,P,160,0,0,160,0,0,0,0,0
44,P,iid,fixed,G,160,0,0,160,0,0,0,0,0
44,P,iid,fixed,U,160,0,0,160,0,0,0,0,0
44,P,iid,reset_fixed,P,160,160,0,0,0,0,0,0,0
44,P,iid,reset_fixed,G,160,160,0,0,0,0,0,0,0
44,P,iid,reset_fixed,U,160,160,0,0,0,0,0,0,0
44,P,iid,self_first,Q,160,160,0,0,0,0,0,0,0
44,P,iid,self_second,Q,160,0,0,160,0,0,0,0,0
44,P,iid,reset_self,Q,160,160,0,0,0,0,0,0,0
44,P,template_ood,old,H0,160,154,0,6,0,0,0,0,0
44,P,template_ood,old,H1,160,160,0,0,0,0,0,0,0
44,P,template_ood,old,H2,160,160,0,0,0,0,0,0,0
44,P,template_ood,fixed,E,160,160,0,0,0,0,0,0,0
44,P,template_ood,fixed,P,160,0,0,160,0,0,0,0,0
44,P,template_ood,fixed,G,160,0,0,160,0,0,0,0,0
44,P,template_ood,fixed,U,160,0,0,160,0,0,0,0,0
44,P,template_ood,reset_fixed,P,160,160,0,0,0,0,0,0,0
44,P,template_ood,reset_fixed,G,160,160,0,0,0,0,0,0,0
44,P,template_ood,reset_fixed,U,160,160,0,0,0,0,0,0,0
44,P,template_ood,self_first,Q,160,160,0,0,0,0,0,0,0
44,P,template_ood,self_second,Q,160,0,0,160,0,0,0,0,0
44,P,template_ood,reset_self,Q,160,160,0,0,0,0,0,0,0
