seed,method,split,source,k,n,N,rate,wilson_lo,wilson_hi,gate_and_next_k,gate_and_next_N,raw_next_k
42,F,iid,H0,160,160,160,1.0,0.9765538048284949,1,160,160,160
42,F,iid,H1,160,160,160,1.0,0.9765538048284949,1,160,160,160
42,F,iid,H2,160,160,160,1.0,0.9765538048284949,1,160,160,160
42,F,iid,all3,160,160,160,1.0,0.9765538048284949,1,160,160,
42,F,template_ood,H0,113,113,160,1.0,0.967122467834048,1,113,160,160
42,F,template_ood,H1,113,113,160,1.0,0.967122467834048,1,113,160,160
42,F,template_ood,H2,113,113,160,1.0,0.967122467834048,1,113,160,160
42,F,template_ood,all3,113,113,160,1.0,0.967122467834048,1,113,160,
42,N,iid,H0,160,160,160,1.0,0.9765538048284949,1,160,160,160
42,N,iid,H1,160,160,160,1.0,0.9765538048284949,1,160,160,160
42,N,iid,H2,160,160,160,1.0,0.9765538048284949,1,160,160,160
42,N,iid,all3,160,160,160,1.0,0.9765538048284949,1,160,160,
42,N,template_ood,H0,113,113,160,1.0,0.967122467834048,1,113,160,160
42,N,template_ood,H1,113,113,160,1.0,0.967122467834048,1,113,160,160
42,N,template_ood,H2,113,113,160,1.0,0.967122467834048,1,113,160,160
42,N,template_ood,all3,113,113,160,1.0,0.967122467834048,1,113,160,
42,O,iid,H0,160,160,160,1.0,0.9765538048284949,1,160,160,160
42,O,iid,H1,160,160,160,1.0,0.9765538048284949,1,160,160,160
42,O,iid,H2,160,160,160,1.0,0.9765538048284949,1,160,160,160
42,O,iid,all3,160,160,160,1.0,0.9765538048284949,1,160,160,
42,O,template_ood,H0,113,113,160,1.0,0.967122467834048,1,113,160,160
42,O,template_ood,H1,113,113,160,1.0,0.967122467834048,1,113,160,160
42,O,template_ood,H2,113,113,160,1.0,0.967122467834048,1,113,160,160
42,O,template_ood,all3,113,113,160,1.0,0.967122467834048,1,113,160,
42,P,iid,H0,160,160,160,1.0,0.9765538048284949,1,160,160,160
42,P,iid,H1,160,160,160,1.0,0.9765538048284949,1,160,160,160
42,P,iid,H2,160,160,160,1.0,0.9765538048284949,1,160,160,160
42,P,iid,all3,160,160,160,1.0,0.9765538048284949,1,160,160,
42,P,template_ood,H0,113,113,160,1.0,0.967122467834048,1,113,160,160
42,P,template_ood,H1,113,113,160,1.0,0.967122467834048,1,113,160,150
42,P,template_ood,H2,113,113,160,1.0,0.967122467834048,1,113,160,160
42,P,template_ood,all3,113,113,160,1.0,0.967122467834048,1,113,160,
43,F,iid,H0,160,160,160,1.0,0.9765538048284949,1,160,160,160
43,F,iid,H1,160,160,160,1.0,0.9765538048284949,1,160,160,160
43,F,iid,H2,160,160,160,1.0,0.9765538048284949,1,160,160,160
43,F,iid,all3,160,160,160,1.0,0.9765538048284949,1,160,160,
43,F,template_ood,H0,119,119,160,1.0,0.9687283197580606,1,119,160,145
43,F,template_ood,H1,119,119,160,1.0,0.9687283197580606,1,119,160,160
43,F,template_ood,H2,119,119,160,1.0,0.9687283197580606,1,119,160,160
43,F,template_ood,all3,119,119,160,1.0,0.9687283197580606,1,119,160,
43,N,iid,H0,160,160,160,1.0,0.9765538048284949,1,160,160,160
43,N,iid,H1,160,160,160,1.0,0.9765538048284949,1,160,160,160
43,N,iid,H2,160,160,160,1.0,0.9765538048284949,1,160,160,160
43,N,iid,all3,160,160,160,1.0,0.9765538048284949,1,160,160,
43,N,template_ood,H0,119,119,160,1.0,0.9687283197580606,1,119,160,158
43,N,template_ood,H1,119,119,160,1.0,0.9687283197580606,1,119,160,160
43,N,template_ood,H2,119,119,160,1.0,0.9687283197580606,1,119,160,160
43,N,template_ood,all3,119,119,160,1.0,0.9687283197580606,1,119,160,
43,O,iid,H0,160,160,160,1.0,0.9765538048284949,1,160,160,160
43,O,iid,H1,160,160,160,1.0,0.9765538048284949,1,160,160,160
43,O,iid,H2,160,160,160,1.0,0.9765538048284949,1,160,160,160
43,O,iid,all3,160,160,160,1.0,0.9765538048284949,1,160,160,
43,O,template_ood,H0,119,119,160,1.0,0.9687283197580606,1,119,160,146
43,O,template_ood,H1,119,119,160,1.0,0.9687283197580606,1,119,160,160
43,O,template_ood,H2,119,119,160,1.0,0.9687283197580606,1,119,160,160
43,O,template_ood,all3,119,119,160,1.0,0.9687283197580606,1,119,160,
43,P,iid,H0,160,160,160,1.0,0.9765538048284949,1,160,160,160
43,P,iid,H1,160,160,160,1.0,0.9765538048284949,1,160,160,160
43,P,iid,H2,160,160,160,1.0,0.9765538048284949,1,160,160,160
43,P,iid,all3,160,160,160,1.0,0.9765538048284949,1,160,160,
43,P,template_ood,H0,119,119,160,1.0,0.9687283197580606,1,119,160,156
43,P,template_ood,H1,119,119,160,1.0,0.9687283197580606,1,119,160,160
43,P,template_ood,H2,119,119,160,1.0,0.9687283197580606,1,119,160,160
43,P,template_ood,all3,119,119,160,1.0,0.9687283197580606,1,119,160,
44,F,iid,H0,160,160,160,1.0,0.9765538048284949,1,160,160,160
44,F,iid,H1,160,160,160,1.0,0.9765538048284949,1,160,160,160
44,F,iid,H2,160,160,160,1.0,0.9765538048284949,1,160,160,160
44,F,iid,all3,160,160,160,1.0,0.9765538048284949,1,160,160,
44,F,template_ood,H0,115,115,160,1.0,0.9676757685506868,0.9999999999999999,115,160,120
44,F,template_ood,H1,115,115,160,1.0,0.9676757685506868,0.9999999999999999,115,160,160
44,F,template_ood,H2,115,115,160,1.0,0.9676757685506868,0.9999999999999999,115,160,160
44,F,template_ood,all3,115,115,160,1.0,0.9676757685506868,0.9999999999999999,115,160,
44,N,iid,H0,160,160,160,1.0,0.9765538048284949,1,160,160,160
44,N,iid,H1,160,160,160,1.0,0.9765538048284949,1,160,160,160
44,N,iid,H2,160,160,160,1.0,0.9765538048284949,1,160,160,160
44,N,iid,all3,160,160,160,1.0,0.9765538048284949,1,160,160,
44,N,template_ood,H0,115,115,160,1.0,0.9676757685506868,0.9999999999999999,115,160,160
44,N,template_ood,H1,115,115,160,1.0,0.9676757685506868,0.9999999999999999,115,160,160
44,N,template_ood,H2,115,115,160,1.0,0.9676757685506868,0.9999999999999999,115,160,160
44,N,template_ood,all3,115,115,160,1.0,0.9676757685506868,0.9999999999999999,115,160,
44,O,iid,H0,160,160,160,1.0,0.9765538048284949,1,160,160,160
44,O,iid,H1,160,160,160,1.0,0.9765538048284949,1,160,160,160
44,O,iid,H2,160,160,160,1.0,0.9765538048284949,1,160,160,160
44,O,iid,all3,160,160,160,1.0,0.9765538048284949,1,160,160,
44,O,template_ood,H0,104,115,160,0.9043478260869565,0.8368077057238427,0.9457474810171477,104,160,109
44,O,template_ood,H1,115,115,160,1.0,0.9676757685506868,0.9999999999999999,115,160,160
44,O,template_ood,H2,115,115,160,1.0,0.9676757685506868,0.9999999999999999,115,160,160
44,O,template_ood,all3,104,115,160,0.9043478260869565,0.8368077057238427,0.9457474810171477,104,160,
44,P,iid,H0,160,160,160,1.0,0.9765538048284949,1,160,160,160
44,P,iid,H1,160,160,160,1.0,0.9765538048284949,1,160,160,160
44,P,iid,H2,160,160,160,1.0,0.9765538048284949,1,160,160,160
44,P,iid,all3,160,160,160,1.0,0.9765538048284949,1,160,160,
44,P,template_ood,H0,115,115,160,1.0,0.9676757685506868,0.9999999999999999,115,160,154
44,P,template_ood,H1,115,115,160,1.0,0.9676757685506868,0.9999999999999999,115,160,160
44,P,template_ood,H2,115,115,160,1.0,0.9676757685506868,0.9999999999999999,115,160,160
44,P,template_ood,all3,115,115,160,1.0,0.9676757685506868,0.9999999999999999,115,160,
