seed,split,contrast,metric,n,delta_pp,ci_lo_pp,ci_hi_pp,bootstrap_replicates,empty_draws,empty_handling,degenerate,fixed_training_models_world_uncertainty_only,seed_SD_pp,contributing_seeds
42,iid,F-N,U,160,100.0,100.0,100.0,2000,0,"NA empty cohort; omit and count empty draw, never replace denominator",True,True,,
42,iid,F-N,P_source,160,100.0,100.0,100.0,2000,0,"NA empty cohort; omit and count empty draw, never replace denominator",True,True,,
42,iid,F-N,G_source,160,64.375,56.875,71.25,2000,0,"NA empty cohort; omit and count empty draw, never replace denominator",False,True,,
42,iid,F-N,self_full,160,100.0,100.0,100.0,2000,0,"NA empty cohort; omit and count empty draw, never replace denominator",True,True,,
42,iid,F-N,atomic_macro,"40 cells, 160 worlds/status",-0.046875,-0.10937499999999999,0.0,2000,0,"NA empty cohort; omit and count empty draw, never replace denominator",False,True,,
42,iid,F-N,old_all3,160,0.0,0.0,0.0,2000,0,"NA empty cohort; omit and count empty draw, never replace denominator",True,True,,
42,iid,O-N,U,160,98.125,95.625,100.0,2000,0,"NA empty cohort; omit and count empty draw, never replace denominator",False,True,,
42,iid,O-N,P_source,160,84.375,78.75,89.375,2000,0,"NA empty cohort; omit and count empty draw, never replace denominator",False,True,,
42,iid,O-N,G_source,160,0.0,0.0,0.0,2000,0,"NA empty cohort; omit and count empty draw, never replace denominator",True,True,,
42,iid,O-N,self_full,160,100.0,100.0,100.0,2000,0,"NA empty cohort; omit and count empty draw, never replace denominator",True,True,,
42,iid,O-N,atomic_macro,"40 cells, 160 worlds/status",0.0,0.0,0.0,2000,0,"NA empty cohort; omit and count empty draw, never replace denominator",True,True,,
42,iid,O-N,old_all3,160,0.0,0.0,0.0,2000,0,"NA empty cohort; omit and count empty draw, never replace denominator",True,True,,
42,iid,O-F,U,160,-1.875,-4.375,0.0,2000,0,"NA empty cohort; omit and count empty draw, never replace denominator",False,True,,
42,iid,O-F,P_source,160,-15.625,-21.25,-10.625,2000,0,"NA empty cohort; omit and count empty draw, never replace denominator",False,True,,
42,iid,O-F,G_source,160,-64.375,-71.25,-56.875,2000,0,"NA empty cohort; omit and count empty draw, never replace denominator",False,True,,
42,iid,O-F,self_full,160,0.0,0.0,0.0,2000,0,"NA empty cohort; omit and count empty draw, never replace denominator",True,True,,
42,iid,O-F,atomic_macro,"40 cells, 160 worlds/status",0.046875,0.0,0.10937499999999999,2000,0,"NA empty cohort; omit and count empty draw, never replace denominator",False,True,,
42,iid,O-F,old_all3,160,0.0,0.0,0.0,2000,0,"NA empty cohort; omit and count empty draw, never replace denominator",True,True,,
42,iid,F-P,U,160,100.0,100.0,100.0,2000,0,"NA empty cohort; omit and count empty draw, never replace denominator",True,True,,
42,iid,F-P,P_source,160,100.0,100.0,100.0,2000,0,"NA empty cohort; omit and count empty draw, never replace denominator",True,True,,
42,iid,F-P,G_source,160,64.375,56.875,71.25,2000,0,"NA empty cohort; omit and count empty draw, never replace denominator",False,True,,
42,iid,F-P,self_full,160,100.0,100.0,100.0,2000,0,"NA empty cohort; omit and count empty draw, never replace denominator",True,True,,
42,iid,F-P,atomic_macro,"40 cells, 160 worlds/status",-0.046875,-0.10937499999999999,0.0,2000,0,"NA empty cohort; omit and count empty draw, never replace denominator",False,True,,
42,iid,F-P,old_all3,160,0.0,0.0,0.0,2000,0,"NA empty cohort; omit and count empty draw, never replace denominator",True,True,,
42,iid,O-P,U,160,98.125,95.625,100.0,2000,0,"NA empty cohort; omit and count empty draw, never replace denominator",False,True,,
42,iid,O-P,P_source,160,84.375,78.75,89.375,2000,0,"NA empty cohort; omit and count empty draw, never replace denominator",False,True,,
42,iid,O-P,G_source,160,0.0,0.0,0.0,2000,0,"NA empty cohort; omit and count empty draw, never replace denominator",True,True,,
42,iid,O-P,self_full,160,100.0,100.0,100.0,2000,0,"NA empty cohort; omit and count empty draw, never replace denominator",True,True,,
42,iid,O-P,atomic_macro,"40 cells, 160 worlds/status",0.0,0.0,0.0,2000,0,"NA empty cohort; omit and count empty draw, never replace denominator",True,True,,
42,iid,O-P,old_all3,160,0.0,0.0,0.0,2000,0,"NA empty cohort; omit and count empty draw, never replace denominator",True,True,,
42,iid,N-P,U,160,0.0,0.0,0.0,2000,0,"NA empty cohort; omit and count empty draw, never replace denominator",True,True,,
42,iid,N-P,P_source,160,0.0,0.0,0.0,2000,0,"NA empty cohort; omit and count empty draw, never replace denominator",True,True,,
42,iid,N-P,G_source,160,0.0,0.0,0.0,2000,0,"NA empty cohort; omit and count empty draw, never replace denominator",True,True,,
42,iid,N-P,self_full,160,0.0,0.0,0.0,2000,0,"NA empty cohort; omit and count empty draw, never replace denominator",True,True,,
42,iid,N-P,atomic_macro,"40 cells, 160 worlds/status",0.0,0.0,0.0,2000,0,"NA empty cohort; omit and count empty draw, never replace denominator",True,True,,
42,iid,N-P,old_all3,160,0.0,0.0,0.0,2000,0,"NA empty cohort; omit and count empty draw, never replace denominator",True,True,,
42,template_ood,F-N,U,160,76.25,69.375,82.5,2000,0,"NA empty cohort; omit and count empty draw, never replace denominator",False,True,,
42,template_ood,F-N,P_source,160,100.0,100.0,100.0,2000,0,"NA empty cohort; omit and count empty draw, never replace denominator",True,True,,
42,template_ood,F-N,G_source,160,98.75,96.875,100.0,2000,0,"NA empty cohort; omit and count empty draw, never replace denominator",False,True,,
42,template_ood,F-N,self_full,160,100.0,100.0,100.0,2000,0,"NA empty cohort; omit and count empty draw, never replace denominator",True,True,,
42,template_ood,F-N,atomic_macro,"40 cells, 160 worlds/status",0.9687500000000002,0.484375,1.46875,2000,0,"NA empty cohort; omit and count empty draw, never replace denominator",False,True,,
42,template_ood,F-N,old_all3,113,0.0,0.0,0.0,2000,0,"NA empty cohort; omit and count empty draw, never replace denominator",True,True,,
42,template_ood,O-N,U,160,79.375,73.73437500000001,85.625,2000,0,"NA empty cohort; omit and count empty draw, never replace denominator",False,True,,
42,template_ood,O-N,P_source,160,100.0,100.0,100.0,2000,0,"NA empty cohort; omit and count empty draw, never replace denominator",True,True,,
42,template_ood,O-N,G_source,160,9.375,5.0,14.374999999999998,2000,0,"NA empty cohort; omit and count empty draw, never replace denominator",False,True,,
42,template_ood,O-N,self_full,160,100.0,100.0,100.0,2000,0,"NA empty cohort; omit and count empty draw, never replace denominator",True,True,,
42,template_ood,O-N,atomic_macro,"40 cells, 160 worlds/status",0.45312500000000006,-0.10937500000000001,1.015625,2000,0,"NA empty cohort; omit and count empty draw, never replace denominator",False,True,,
42,template_ood,O-N,old_all3,113,0.0,0.0,0.0,2000,0,"NA empty cohort; omit and count empty draw, never replace denominator",True,True,,
42,template_ood,O-F,U,160,3.125,-0.625,6.875000000000001,2000,0,"NA empty cohort; omit and count empty draw, never replace denominator",False,True,,
42,template_ood,O-F,P_source,160,0.0,0.0,0.0,2000,0,"NA empty cohort; omit and count empty draw, never replace denominator",True,True,,
42,template_ood,O-F,G_source,160,-89.375,-93.75,-84.375,2000,0,"NA empty cohort; omit and count empty draw, never replace denominator",False,True,,
42,template_ood,O-F,self_full,160,0.0,0.0,0.0,2000,0,"NA empty cohort; omit and count empty draw, never replace denominator",True,True,,
42,template_ood,O-F,atomic_macro,"40 cells, 160 worlds/status",-0.515625,-0.71875,-0.32812500000000006,2000,0,"NA empty cohort; omit and count empty draw, never replace denominator",False,True,,
42,template_ood,O-F,old_all3,113,0.0,0.0,0.0,2000,0,"NA empty cohort; omit and count empty draw, never replace denominator",True,True,,
42,template_ood,F-P,U,160,76.25,69.375,82.5,2000,0,"NA empty cohort; omit and count empty draw, never replace denominator",False,True,,
42,template_ood,F-P,P_source,160,100.0,100.0,100.0,2000,0,"NA empty cohort; omit and count empty draw, never replace denominator",True,True,,
42,template_ood,F-P,G_source,160,98.75,96.875,100.0,2000,0,"NA empty cohort; omit and count empty draw, never replace denominator",False,True,,
42,template_ood,F-P,self_full,160,100.0,100.0,100.0,2000,0,"NA empty cohort; omit and count empty draw, never replace denominator",True,True,,
42,template_ood,F-P,atomic_macro,"40 cells, 160 worlds/status",0.9531250000000001,0.703125,1.21875,2000,0,"NA empty cohort; omit and count empty draw, never replace denominator",False,True,,
42,template_ood,F-P,old_all3,113,0.0,0.0,0.0,2000,0,"NA empty cohort; omit and count empty draw, never replace denominator",True,True,,
42,template_ood,O-P,U,160,79.375,73.73437500000001,85.625,2000,0,"NA empty cohort; omit and count empty draw, never replace denominator",False,True,,
42,template_ood,O-P,P_source,160,100.0,100.0,100.0,2000,0,"NA empty cohort; omit and count empty draw, never replace denominator",True,True,,
42,template_ood,O-P,G_source,160,9.375,5.0,14.374999999999998,2000,0,"NA empty cohort; omit and count empty draw, never replace denominator",False,True,,
42,template_ood,O-P,self_full,160,100.0,100.0,100.0,2000,0,"NA empty cohort; omit and count empty draw, never replace denominator",True,True,,
42,template_ood,O-P,atomic_macro,"40 cells, 160 worlds/status",0.43750000000000006,0.1875,0.6875,2000,0,"NA empty cohort; omit and count empty draw, never replace denominator",False,True,,
42,template_ood,O-P,old_all3,113,0.0,0.0,0.0,2000,0,"NA empty cohort; omit and count empty draw, never replace denominator",True,True,,
42,template_ood,N-P,U,160,0.0,0.0,0.0,2000,0,"NA empty cohort; omit and count empty draw, never replace denominator",True,True,,
42,template_ood,N-P,P_source,160,0.0,0.0,0.0,2000,0,"NA empty cohort; omit and count empty draw, never replace denominator",True,True,,
42,template_ood,N-P,G_source,160,0.0,0.0,0.0,2000,0,"NA empty cohort; omit and count empty draw, never replace denominator",True,True,,
42,template_ood,N-P,self_full,160,0.0,0.0,0.0,2000,0,"NA empty cohort; omit and count empty draw, never replace denominator",True,True,,
42,template_ood,N-P,atomic_macro,"40 cells, 160 worlds/status",-0.015624999999999927,-0.5003906250000001,0.4535156249999979,2000,0,"NA empty cohort; omit and count empty draw, never replace denominator",False,True,,
42,template_ood,N-P,old_all3,113,0.0,0.0,0.0,2000,0,"NA empty cohort; omit and count empty draw, never replace denominator",True,True,,
43,iid,F-N,U,160,100.0,100.0,100.0,2000,0,"NA empty cohort; omit and count empty draw, never replace denominator",True,True,,
43,iid,F-N,P_source,160,100.0,100.0,100.0,2000,0,"NA empty cohort; omit and count empty draw, never replace denominator",True,True,,
43,iid,F-N,G_source,160,85.625,80.0,90.625,2000,0,"NA empty cohort; omit and count empty draw, never replace denominator",False,True,,
43,iid,F-N,self_full,160,100.0,100.0,100.0,2000,0,"NA empty cohort; omit and count empty draw, never replace denominator",True,True,,
43,iid,F-N,atomic_macro,"40 cells, 160 worlds/status",0.0,0.0,0.0,2000,0,"NA empty cohort; omit and count empty draw, never replace denominator",True,True,,
43,iid,F-N,old_all3,160,0.0,0.0,0.0,2000,0,"NA empty cohort; omit and count empty draw, never replace denominator",True,True,,
43,iid,O-N,U,160,100.0,100.0,100.0,2000,0,"NA empty cohort; omit and count empty draw, never replace denominator",True,True,,
43,iid,O-N,P_source,160,100.0,100.0,100.0,2000,0,"NA empty cohort; omit and count empty draw, never replace denominator",True,True,,
43,iid,O-N,G_source,160,58.75,51.24999999999999,66.25,2000,0,"NA empty cohort; omit and count empty draw, never replace denominator",False,True,,
43,iid,O-N,self_full,160,100.0,100.0,100.0,2000,0,"NA empty cohort; omit and count empty draw, never replace denominator",True,True,,
43,iid,O-N,atomic_macro,"40 cells, 160 worlds/status",0.0,0.0,0.0,2000,0,"NA empty cohort; omit and count empty draw, never replace denominator",True,True,,
43,iid,O-N,old_all3,160,0.0,0.0,0.0,2000,0,"NA empty cohort; omit and count empty draw, never replace denominator",True,True,,
43,iid,O-F,U,160,0.0,0.0,0.0,2000,0,"NA empty cohort; omit and count empty draw, never replace denominator",True,True,,
43,iid,O-F,P_source,160,0.0,0.0,0.0,2000,0,"NA empty cohort; omit and count empty draw, never replace denominator",True,True,,
43,iid,O-F,G_source,160,-26.875,-33.75,-20.0,2000,0,"NA empty cohort; omit and count empty draw, never replace denominator",False,True,,
43,iid,O-F,self_full,160,0.0,0.0,0.0,2000,0,"NA empty cohort; omit and count empty draw, never replace denominator",True,True,,
43,iid,O-F,atomic_macro,"40 cells, 160 worlds/status",0.0,0.0,0.0,2000,0,"NA empty cohort; omit and count empty draw, never replace denominator",True,True,,
43,iid,O-F,old_all3,160,0.0,0.0,0.0,2000,0,"NA empty cohort; omit and count empty draw, never replace denominator",True,True,,
43,iid,F-P,U,160,100.0,100.0,100.0,2000,0,"NA empty cohort; omit and count empty draw, never replace denominator",True,True,,
43,iid,F-P,P_source,160,100.0,100.0,100.0,2000,0,"NA empty cohort; omit and count empty draw, never replace denominator",True,True,,
43,iid,F-P,G_source,160,85.625,80.0,90.625,2000,0,"NA empty cohort; omit and count empty draw, never replace denominator",False,True,,
43,iid,F-P,self_full,160,100.0,100.0,100.0,2000,0,"NA empty cohort; omit and count empty draw, never replace denominator",True,True,,
43,iid,F-P,atomic_macro,"40 cells, 160 worlds/status",0.0,0.0,0.0,2000,0,"NA empty cohort; omit and count empty draw, never replace denominator",True,True,,
43,iid,F-P,old_all3,160,0.0,0.0,0.0,2000,0,"NA empty cohort; omit and count empty draw, never replace denominator",True,True,,
43,iid,O-P,U,160,100.0,100.0,100.0,2000,0,"NA empty cohort; omit and count empty draw, never replace denominator",True,True,,
43,iid,O-P,P_source,160,100.0,100.0,100.0,2000,0,"NA empty cohort; omit and count empty draw, never replace denominator",True,True,,
43,iid,O-P,G_source,160,58.75,51.24999999999999,66.25,2000,0,"NA empty cohort; omit and count empty draw, never replace denominator",False,True,,
43,iid,O-P,self_full,160,100.0,100.0,100.0,2000,0,"NA empty cohort; omit and count empty draw, never replace denominator",True,True,,
43,iid,O-P,atomic_macro,"40 cells, 160 worlds/status",0.0,0.0,0.0,2000,0,"NA empty cohort; omit and count empty draw, never replace denominator",True,True,,
43,iid,O-P,old_all3,160,0.0,0.0,0.0,2000,0,"NA empty cohort; omit and count empty draw, never replace denominator",True,True,,
43,iid,N-P,U,160,0.0,0.0,0.0,2000,0,"NA empty cohort; omit and count empty draw, never replace denominator",True,True,,
43,iid,N-P,P_source,160,0.0,0.0,0.0,2000,0,"NA empty cohort; omit and count empty draw, never replace denominator",True,True,,
43,iid,N-P,G_source,160,0.0,0.0,0.0,2000,0,"NA empty cohort; omit and count empty draw, never replace denominator",True,True,,
43,iid,N-P,self_full,160,0.0,0.0,0.0,2000,0,"NA empty cohort; omit and count empty draw, never replace denominator",True,True,,
43,iid,N-P,atomic_macro,"40 cells, 160 worlds/status",0.0,0.0,0.0,2000,0,"NA empty cohort; omit and count empty draw, never replace denominator",True,True,,
43,iid,N-P,old_all3,160,0.0,0.0,0.0,2000,0,"NA empty cohort; omit and count empty draw, never replace denominator",True,True,,
43,template_ood,F-N,U,160,100.0,100.0,100.0,2000,0,"NA empty cohort; omit and count empty draw, never replace denominator",True,True,,
43,template_ood,F-N,P_source,160,100.0,100.0,100.0,2000,0,"NA empty cohort; omit and count empty draw, never replace denominator",True,True,,
43,template_ood,F-N,G_source,160,94.375,90.625,97.5,2000,0,"NA empty cohort; omit and count empty draw, never replace denominator",False,True,,
43,template_ood,F-N,self_full,160,100.0,100.0,100.0,2000,0,"NA empty cohort; omit and count empty draw, never replace denominator",True,True,,
43,template_ood,F-N,atomic_macro,"40 cells, 160 worlds/status",1.171875,0.75,1.5625,2000,0,"NA empty cohort; omit and count empty draw, never replace denominator",False,True,,
43,template_ood,F-N,old_all3,119,0.0,0.0,0.0,2000,0,"NA empty cohort; omit and count empty draw, never replace denominator",True,True,,
43,template_ood,O-N,U,160,100.0,100.0,100.0,2000,0,"NA empty cohort; omit and count empty draw, never replace denominator",True,True,,
43,template_ood,O-N,P_source,160,100.0,100.0,100.0,2000,0,"NA empty cohort; omit and count empty draw, never replace denominator",True,True,,
43,template_ood,O-N,G_source,160,58.12500000000001,50.625,65.01562499999991,2000,0,"NA empty cohort; omit and count empty draw, never replace denominator",False,True,,
43,template_ood,O-N,self_full,160,100.0,100.0,100.0,2000,0,"NA empty cohort; omit and count empty draw, never replace denominator",True,True,,
43,template_ood,O-N,atomic_macro,"40 cells, 160 worlds/status",1.296875,0.8906250000000001,1.7031250000000002,2000,0,"NA empty cohort; omit and count empty draw, never replace denominator",False,True,,
43,template_ood,O-N,old_all3,119,0.0,0.0,0.0,2000,0,"NA empty cohort; omit and count empty draw, never replace denominator",True,True,,
43,template_ood,O-F,U,160,0.0,0.0,0.0,2000,0,"NA empty cohort; omit and count empty draw, never replace denominator",True,True,,
43,template_ood,O-F,P_source,160,0.0,0.0,0.0,2000,0,"NA empty cohort; omit and count empty draw, never replace denominator",True,True,,
43,template_ood,O-F,G_source,160,-36.25,-43.75,-28.749999999999996,2000,0,"NA empty cohort; omit and count empty draw, never replace denominator",False,True,,
43,template_ood,O-F,self_full,160,0.0,0.0,0.0,2000,0,"NA empty cohort; omit and count empty draw, never replace denominator",True,True,,
43,template_ood,O-F,atomic_macro,"40 cells, 160 worlds/status",0.12500000000000003,-0.046875,0.3125,2000,0,"NA empty cohort; omit and count empty draw, never replace denominator",False,True,,
43,template_ood,O-F,old_all3,119,0.0,0.0,0.0,2000,0,"NA empty cohort; omit and count empty draw, never replace denominator",True,True,,
43,template_ood,F-P,U,160,100.0,100.0,100.0,2000,0,"NA empty cohort; omit and count empty draw, never replace denominator",True,True,,
43,template_ood,F-P,P_source,160,100.0,100.0,100.0,2000,0,"NA empty cohort; omit and count empty draw, never replace denominator",True,True,,
43,template_ood,F-P,G_source,160,94.375,90.625,97.5,2000,0,"NA empty cohort; omit and count empty draw, never replace denominator",False,True,,
43,template_ood,F-P,self_full,160,100.0,100.0,100.0,2000,0,"NA empty cohort; omit and count empty draw, never replace denominator",True,True,,
43,template_ood,F-P,atomic_macro,"40 cells, 160 worlds/status",-2.890625,-3.5000000000000004,-2.28125,2000,0,"NA empty cohort; omit and count empty draw, never replace denominator",False,True,,
43,template_ood,F-P,old_all3,119,0.0,0.0,0.0,2000,0,"NA empty cohort; omit and count empty draw, never replace denominator",True,True,,
43,template_ood,O-P,U,160,100.0,100.0,100.0,2000,0,"NA empty cohort; omit and count empty draw, never replace denominator",True,True,,
43,template_ood,O-P,P_source,160,100.0,100.0,100.0,2000,0,"NA empty cohort; omit and count empty draw, never replace denominator",True,True,,
43,template_ood,O-P,G_source,160,58.12500000000001,50.625,65.01562499999991,2000,0,"NA empty cohort; omit and count empty draw, never replace denominator",False,True,,
43,template_ood,O-P,self_full,160,100.0,100.0,100.0,2000,0,"NA empty cohort; omit and count empty draw, never replace denominator",True,True,,
43,template_ood,O-P,atomic_macro,"40 cells, 160 worlds/status",-2.765625,-3.3593750000000004,-2.187109375000002,2000,0,"NA empty cohort; omit and count empty draw, never replace denominator",False,True,,
43,template_ood,O-P,old_all3,119,0.0,0.0,0.0,2000,0,"NA empty cohort; omit and count empty draw, never replace denominator",True,True,,
43,template_ood,N-P,U,160,0.0,0.0,0.0,2000,0,"NA empty cohort; omit and count empty draw, never replace denominator",True,True,,
43,template_ood,N-P,P_source,160,0.0,0.0,0.0,2000,0,"NA empty cohort; omit and count empty draw, never replace denominator",True,True,,
43,template_ood,N-P,G_source,160,0.0,0.0,0.0,2000,0,"NA empty cohort; omit and count empty draw, never replace denominator",True,True,,
43,template_ood,N-P,self_full,160,0.0,0.0,0.0,2000,0,"NA empty cohort; omit and count empty draw, never replace denominator",True,True,,
43,template_ood,N-P,atomic_macro,"40 cells, 160 worlds/status",-4.062500000000001,-4.734375,-3.34375,2000,0,"NA empty cohort; omit and count empty draw, never replace denominator",False,True,,
43,template_ood,N-P,old_all3,119,0.0,0.0,0.0,2000,0,"NA empty cohort; omit and count empty draw, never replace denominator",True,True,,
44,iid,F-N,U,160,100.0,100.0,100.0,2000,0,"NA empty cohort; omit and count empty draw, never replace denominator",True,True,,
44,iid,F-N,P_source,160,100.0,100.0,100.0,2000,0,"NA empty cohort; omit and count empty draw, never replace denominator",True,True,,
44,iid,F-N,G_source,160,18.125,12.5,24.375,2000,0,"NA empty cohort; omit and count empty draw, never replace denominator",False,True,,
44,iid,F-N,self_full,160,100.0,100.0,100.0,2000,0,"NA empty cohort; omit and count empty draw, never replace denominator",True,True,,
44,iid,F-N,atomic_macro,"40 cells, 160 worlds/status",-10.437500000000002,-11.15625,-9.703125000000002,2000,0,"NA empty cohort; omit and count empty draw, never replace denominator",False,True,,
44,iid,F-N,old_all3,160,0.0,0.0,0.0,2000,0,"NA empty cohort; omit and count empty draw, never replace denominator",True,True,,
44,iid,O-N,U,160,100.0,100.0,100.0,2000,0,"NA empty cohort; omit and count empty draw, never replace denominator",True,True,,
44,iid,O-N,P_source,160,100.0,100.0,100.0,2000,0,"NA empty cohort; omit and count empty draw, never replace denominator",True,True,,
44,iid,O-N,G_source,160,11.25,6.25,16.25,2000,0,"NA empty cohort; omit and count empty draw, never replace denominator",False,True,,
44,iid,O-N,self_full,160,100.0,100.0,100.0,2000,0,"NA empty cohort; omit and count empty draw, never replace denominator",True,True,,
44,iid,O-N,atomic_macro,"40 cells, 160 worlds/status",-12.640625000000002,-13.328125000000002,-11.890625,2000,0,"NA empty cohort; omit and count empty draw, never replace denominator",False,True,,
44,iid,O-N,old_all3,160,0.0,0.0,0.0,2000,0,"NA empty cohort; omit and count empty draw, never replace denominator",True,True,,
44,iid,O-F,U,160,0.0,0.0,0.0,2000,0,"NA empty cohort; omit and count empty draw, never replace denominator",True,True,,
44,iid,O-F,P_source,160,0.0,0.0,0.0,2000,0,"NA empty cohort; omit and count empty draw, never replace denominator",True,True,,
44,iid,O-F,G_source,160,-6.875000000000001,-11.25,-3.125,2000,0,"NA empty cohort; omit and count empty draw, never replace denominator",False,True,,
44,iid,O-F,self_full,160,0.0,0.0,0.0,2000,0,"NA empty cohort; omit and count empty draw, never replace denominator",True,True,,
44,iid,O-F,atomic_macro,"40 cells, 160 worlds/status",-2.203125,-2.5941406250000005,-1.8125000000000002,2000,0,"NA empty cohort; omit and count empty draw, never replace denominator",False,True,,
44,iid,O-F,old_all3,160,0.0,0.0,0.0,2000,0,"NA empty cohort; omit and count empty draw, never replace denominator",True,True,,
44,iid,F-P,U,160,100.0,100.0,100.0,2000,0,"NA empty cohort; omit and count empty draw, never replace denominator",True,True,,
44,iid,F-P,P_source,160,100.0,100.0,100.0,2000,0,"NA empty cohort; omit and count empty draw, never replace denominator",True,True,,
44,iid,F-P,G_source,160,18.125,12.5,24.375,2000,0,"NA empty cohort; omit and count empty draw, never replace denominator",False,True,,
44,iid,F-P,self_full,160,100.0,100.0,100.0,2000,0,"NA empty cohort; omit and count empty draw, never replace denominator",True,True,,
44,iid,F-P,atomic_macro,"40 cells, 160 worlds/status",-10.437500000000002,-11.15625,-9.703125000000002,2000,0,"NA empty cohort; omit and count empty draw, never replace denominator",False,True,,
44,iid,F-P,old_all3,160,0.0,0.0,0.0,2000,0,"NA empty cohort; omit and count empty draw, never replace denominator",True,True,,
44,iid,O-P,U,160,100.0,100.0,100.0,2000,0,"NA empty cohort; omit and count empty draw, never replace denominator",True,True,,
44,iid,O-P,P_source,160,100.0,100.0,100.0,2000,0,"NA empty cohort; omit and count empty draw, never replace denominator",True,True,,
44,iid,O-P,G_source,160,11.25,6.25,16.25,2000,0,"NA empty cohort; omit and count empty draw, never replace denominator",False,True,,
44,iid,O-P,self_full,160,100.0,100.0,100.0,2000,0,"NA empty cohort; omit and count empty draw, never replace denominator",True,True,,
44,iid,O-P,atomic_macro,"40 cells, 160 worlds/status",-12.640625000000002,-13.328125000000002,-11.890625,2000,0,"NA empty cohort; omit and count empty draw, never replace denominator",False,True,,
44,iid,O-P,old_all3,160,0.0,0.0,0.0,2000,0,"NA empty cohort; omit and count empty draw, never replace denominator",True,True,,
44,iid,N-P,U,160,0.0,0.0,0.0,2000,0,"NA empty cohort; omit and count empty draw, never replace denominator",True,True,,
44,iid,N-P,P_source,160,0.0,0.0,0.0,2000,0,"NA empty cohort; omit and count empty draw, never replace denominator",True,True,,
44,iid,N-P,G_source,160,0.0,0.0,0.0,2000,0,"NA empty cohort; omit and count empty draw, never replace denominator",True,True,,
44,iid,N-P,self_full,160,0.0,0.0,0.0,2000,0,"NA empty cohort; omit and count empty draw, never replace denominator",True,True,,
44,iid,N-P,atomic_macro,"40 cells, 160 worlds/status",0.0,0.0,0.0,2000,0,"NA empty cohort; omit and count empty draw, never replace denominator",True,True,,
44,iid,N-P,old_all3,160,0.0,0.0,0.0,2000,0,"NA empty cohort; omit and count empty draw, never replace denominator",True,True,,
44,template_ood,F-N,U,160,100.0,100.0,100.0,2000,0,"NA empty cohort; omit and count empty draw, never replace denominator",True,True,,
44,template_ood,F-N,P_source,160,100.0,100.0,100.0,2000,0,"NA empty cohort; omit and count empty draw, never replace denominator",True,True,,
44,template_ood,F-N,G_source,160,26.875,20.0,34.375,2000,0,"NA empty cohort; omit and count empty draw, never replace denominator",False,True,,
44,template_ood,F-N,self_full,160,100.0,100.0,100.0,2000,0,"NA empty cohort; omit and count empty draw, never replace denominator",True,True,,
44,template_ood,F-N,atomic_macro,"40 cells, 160 worlds/status",-18.265625000000004,-19.078125,-17.453125000000004,2000,0,"NA empty cohort; omit and count empty draw, never replace denominator",False,True,,
44,template_ood,F-N,old_all3,115,0.0,0.0,0.0,2000,0,"NA empty cohort; omit and count empty draw, never replace denominator",True,True,,
44,template_ood,O-N,U,160,100.0,100.0,100.0,2000,0,"NA empty cohort; omit and count empty draw, never replace denominator",True,True,,
44,template_ood,O-N,P_source,160,100.0,100.0,100.0,2000,0,"NA empty cohort; omit and count empty draw, never replace denominator",True,True,,
44,template_ood,O-N,G_source,160,5.625,2.5,9.375,2000,0,"NA empty cohort; omit and count empty draw, never replace denominator",False,True,,
44,template_ood,O-N,self_full,160,100.0,100.0,100.0,2000,0,"NA empty cohort; omit and count empty draw, never replace denominator",True,True,,
44,template_ood,O-N,atomic_macro,"40 cells, 160 worlds/status",-21.437500000000004,-22.484375,-20.375,2000,0,"NA empty cohort; omit and count empty draw, never replace denominator",False,True,,
44,template_ood,O-N,old_all3,115,-9.565217391304348,-15.180059523809522,-4.464285714285714,2000,0,"NA empty cohort; omit and count empty draw, never replace denominator",False,True,,
44,template_ood,O-F,U,160,0.0,0.0,0.0,2000,0,"NA empty cohort; omit and count empty draw, never replace denominator",True,True,,
44,template_ood,O-F,P_source,160,0.0,0.0,0.0,2000,0,"NA empty cohort; omit and count empty draw, never replace denominator",True,True,,
44,template_ood,O-F,G_source,160,-21.25,-28.125,-15.0,2000,0,"NA empty cohort; omit and count empty draw, never replace denominator",False,True,,
44,template_ood,O-F,self_full,160,0.0,0.0,0.0,2000,0,"NA empty cohort; omit and count empty draw, never replace denominator",True,True,,
44,template_ood,O-F,atomic_macro,"40 cells, 160 worlds/status",-3.1718750000000004,-3.703515625,-2.671875,2000,0,"NA empty cohort; omit and count empty draw, never replace denominator",False,True,,
44,template_ood,O-F,old_all3,115,-9.565217391304348,-15.180059523809522,-4.464285714285714,2000,0,"NA empty cohort; omit and count empty draw, never replace denominator",False,True,,
44,template_ood,F-P,U,160,100.0,100.0,100.0,2000,0,"NA empty cohort; omit and count empty draw, never replace denominator",True,True,,
44,template_ood,F-P,P_source,160,100.0,100.0,100.0,2000,0,"NA empty cohort; omit and count empty draw, never replace denominator",True,True,,
44,template_ood,F-P,G_source,160,26.875,20.0,34.375,2000,0,"NA empty cohort; omit and count empty draw, never replace denominator",False,True,,
44,template_ood,F-P,self_full,160,100.0,100.0,100.0,2000,0,"NA empty cohort; omit and count empty draw, never replace denominator",True,True,,
44,template_ood,F-P,atomic_macro,"40 cells, 160 worlds/status",-16.96875,-17.78125,-16.187109375,2000,0,"NA empty cohort; omit and count empty draw, never replace denominator",False,True,,
44,template_ood,F-P,old_all3,115,0.0,0.0,0.0,2000,0,"NA empty cohort; omit and count empty draw, never replace denominator",True,True,,
44,template_ood,O-P,U,160,100.0,100.0,100.0,2000,0,"NA empty cohort; omit and count empty draw, never replace denominator",True,True,,
44,template_ood,O-P,P_source,160,100.0,100.0,100.0,2000,0,"NA empty cohort; omit and count empty draw, never replace denominator",True,True,,
44,template_ood,O-P,G_source,160,5.625,2.5,9.375,2000,0,"NA empty cohort; omit and count empty draw, never replace denominator",False,True,,
44,template_ood,O-P,self_full,160,100.0,100.0,100.0,2000,0,"NA empty cohort; omit and count empty draw, never replace denominator",True,True,,
44,template_ood,O-P,atomic_macro,"40 cells, 160 worlds/status",-20.140625,-21.25,-19.0625,2000,0,"NA empty cohort; omit and count empty draw, never replace denominator",False,True,,
44,template_ood,O-P,old_all3,115,-9.565217391304348,-15.180059523809522,-4.464285714285714,2000,0,"NA empty cohort; omit and count empty draw, never replace denominator",False,True,,
44,template_ood,N-P,U,160,0.0,0.0,0.0,2000,0,"NA empty cohort; omit and count empty draw, never replace denominator",True,True,,
44,template_ood,N-P,P_source,160,0.0,0.0,0.0,2000,0,"NA empty cohort; omit and count empty draw, never replace denominator",True,True,,
44,template_ood,N-P,G_source,160,0.0,0.0,0.0,2000,0,"NA empty cohort; omit and count empty draw, never replace denominator",True,True,,
44,template_ood,N-P,self_full,160,0.0,0.0,0.0,2000,0,"NA empty cohort; omit and count empty draw, never replace denominator",True,True,,
44,template_ood,N-P,atomic_macro,"40 cells, 160 worlds/status",1.296875,0.9218750000000001,1.6875,2000,0,"NA empty cohort; omit and count empty draw, never replace denominator",False,True,,
44,template_ood,N-P,old_all3,115,0.0,0.0,0.0,2000,0,"NA empty cohort; omit and count empty draw, never replace denominator",True,True,,
mean,iid,F-N,U,"{""42"": 160, ""43"": 160, ""44"": 160}",100.0,100.0,100.0,2000,0,"all contributing seed cohorts nonempty per shared draw, otherwise omitted",,True,0.0,3
mean,iid,F-N,P_source,"{""42"": 160, ""43"": 160, ""44"": 160}",100.0,100.0,100.0,2000,0,"all contributing seed cohorts nonempty per shared draw, otherwise omitted",,True,0.0,3
mean,iid,F-N,G_source,"{""42"": 160, ""43"": 160, ""44"": 160}",56.041666666666664,51.66666666666667,60.416666666666664,2000,0,"all contributing seed cohorts nonempty per shared draw, otherwise omitted",,True,34.51298064979803,3
mean,iid,F-N,self_full,"{""42"": 160, ""43"": 160, ""44"": 160}",100.0,100.0,100.0,2000,0,"all contributing seed cohorts nonempty per shared draw, otherwise omitted",,True,0.0,3
mean,iid,F-N,atomic_macro,"{""42"": ""40 cells, 160 worlds/status"", ""43"": ""40 cells, 160 worlds/status"", ""44"": ""40 cells, 160 worlds/status""}",-3.494791666666667,-3.739583333333333,-3.2447916666666674,2000,0,"all contributing seed cohorts nonempty per shared draw, otherwise omitted",,True,6.012607468287643,3
mean,iid,F-N,old_all3,"{""42"": 160, ""43"": 160, ""44"": 160}",0.0,0.0,0.0,2000,0,"all contributing seed cohorts nonempty per shared draw, otherwise omitted",,True,0.0,3
mean,iid,O-N,U,"{""42"": 160, ""43"": 160, ""44"": 160}",99.375,98.54166666666666,100.0,2000,0,"all contributing seed cohorts nonempty per shared draw, otherwise omitted",,True,1.0825317547305509,3
mean,iid,O-N,P_source,"{""42"": 160, ""43"": 160, ""44"": 160}",94.79166666666666,92.91666666666667,96.45833333333333,2000,0,"all contributing seed cohorts nonempty per shared draw, otherwise omitted",,True,9.021097956087901,3
mean,iid,O-N,G_source,"{""42"": 160, ""43"": 160, ""44"": 160}",23.333333333333332,20.000000000000004,26.666666666666668,2000,0,"all contributing seed cohorts nonempty per shared draw, otherwise omitted",,True,31.183262070112765,3
mean,iid,O-N,self_full,"{""42"": 160, ""43"": 160, ""44"": 160}",100.0,100.0,100.0,2000,0,"all contributing seed cohorts nonempty per shared draw, otherwise omitted",,True,0.0,3
mean,iid,O-N,atomic_macro,"{""42"": ""40 cells, 160 worlds/status"", ""43"": ""40 cells, 160 worlds/status"", ""44"": ""40 cells, 160 worlds/status""}",-4.213541666666668,-4.442708333333334,-3.9635416666666665,2000,0,"all contributing seed cohorts nonempty per shared draw, otherwise omitted",,True,7.298068246475115,3
mean,iid,O-N,old_all3,"{""42"": 160, ""43"": 160, ""44"": 160}",0.0,0.0,0.0,2000,0,"all contributing seed cohorts nonempty per shared draw, otherwise omitted",,True,0.0,3
mean,iid,O-F,U,"{""42"": 160, ""43"": 160, ""44"": 160}",-0.625,-1.4583333333333333,0.0,2000,0,"all contributing seed cohorts nonempty per shared draw, otherwise omitted",,True,1.0825317547305484,3
mean,iid,O-F,P_source,"{""42"": 160, ""43"": 160, ""44"": 160}",-5.208333333333334,-7.083333333333333,-3.5416666666666665,2000,0,"all contributing seed cohorts nonempty per shared draw, otherwise omitted",,True,9.021097956087901,3
mean,iid,O-F,G_source,"{""42"": 160, ""43"": 160, ""44"": 160}",-32.708333333333336,-36.041666666666664,-29.375,2000,0,"all contributing seed cohorts nonempty per shared draw, otherwise omitted",,True,29.190466480228327,3
mean,iid,O-F,self_full,"{""42"": 160, ""43"": 160, ""44"": 160}",0.0,0.0,0.0,2000,0,"all contributing seed cohorts nonempty per shared draw, otherwise omitted",,True,0.0,3
mean,iid,O-F,atomic_macro,"{""42"": ""40 cells, 160 worlds/status"", ""43"": ""40 cells, 160 worlds/status"", ""44"": ""40 cells, 160 worlds/status""}",-0.7187500000000001,-0.8489583333333334,-0.5885416666666667,2000,0,"all contributing seed cohorts nonempty per shared draw, otherwise omitted",,True,1.2857200985731694,3
mean,iid,O-F,old_all3,"{""42"": 160, ""43"": 160, ""44"": 160}",0.0,0.0,0.0,2000,0,"all contributing seed cohorts nonempty per shared draw, otherwise omitted",,True,0.0,3
mean,iid,F-P,U,"{""42"": 160, ""43"": 160, ""44"": 160}",100.0,100.0,100.0,2000,0,"all contributing seed cohorts nonempty per shared draw, otherwise omitted",,True,0.0,3
mean,iid,F-P,P_source,"{""42"": 160, ""43"": 160, ""44"": 160}",100.0,100.0,100.0,2000,0,"all contributing seed cohorts nonempty per shared draw, otherwise omitted",,True,0.0,3
mean,iid,F-P,G_source,"{""42"": 160, ""43"": 160, ""44"": 160}",56.041666666666664,51.66666666666667,60.416666666666664,2000,0,"all contributing seed cohorts nonempty per shared draw, otherwise omitted",,True,34.51298064979803,3
mean,iid,F-P,self_full,"{""42"": 160, ""43"": 160, ""44"": 160}",100.0,100.0,100.0,2000,0,"all contributing seed cohorts nonempty per shared draw, otherwise omitted",,True,0.0,3
mean,iid,F-P,atomic_macro,"{""42"": ""40 cells, 160 worlds/status"", ""43"": ""40 cells, 160 worlds/status"", ""44"": ""40 cells, 160 worlds/status""}",-3.494791666666667,-3.739583333333333,-3.2447916666666674,2000,0,"all contributing seed cohorts nonempty per shared draw, otherwise omitted",,True,6.012607468287643,3
mean,iid,F-P,old_all3,"{""42"": 160, ""43"": 160, ""44"": 160}",0.0,0.0,0.0,2000,0,"all contributing seed cohorts nonempty per shared draw, otherwise omitted",,True,0.0,3
mean,iid,O-P,U,"{""42"": 160, ""43"": 160, ""44"": 160}",99.375,98.54166666666666,100.0,2000,0,"all contributing seed cohorts nonempty per shared draw, otherwise omitted",,True,1.0825317547305509,3
mean,iid,O-P,P_source,"{""42"": 160, ""43"": 160, ""44"": 160}",94.79166666666666,92.91666666666667,96.45833333333333,2000,0,"all contributing seed cohorts nonempty per shared draw, otherwise omitted",,True,9.021097956087901,3
mean,iid,O-P,G_source,"{""42"": 160, ""43"": 160, ""44"": 160}",23.333333333333332,20.000000000000004,26.666666666666668,2000,0,"all contributing seed cohorts nonempty per shared draw, otherwise omitted",,True,31.183262070112765,3
mean,iid,O-P,self_full,"{""42"": 160, ""43"": 160, ""44"": 160}",100.0,100.0,100.0,2000,0,"all contributing seed cohorts nonempty per shared draw, otherwise omitted",,True,0.0,3
mean,iid,O-P,atomic_macro,"{""42"": ""40 cells, 160 worlds/status"", ""43"": ""40 cells, 160 worlds/status"", ""44"": ""40 cells, 160 worlds/status""}",-4.213541666666668,-4.442708333333334,-3.9635416666666665,2000,0,"all contributing seed cohorts nonempty per shared draw, otherwise omitted",,True,7.298068246475115,3
mean,iid,O-P,old_all3,"{""42"": 160, ""43"": 160, ""44"": 160}",0.0,0.0,0.0,2000,0,"all contributing seed cohorts nonempty per shared draw, otherwise omitted",,True,0.0,3
mean,iid,N-P,U,"{""42"": 160, ""43"": 160, ""44"": 160}",0.0,0.0,0.0,2000,0,"all contributing seed cohorts nonempty per shared draw, otherwise omitted",,True,0.0,3
mean,iid,N-P,P_source,"{""42"": 160, ""43"": 160, ""44"": 160}",0.0,0.0,0.0,2000,0,"all contributing seed cohorts nonempty per shared draw, otherwise omitted",,True,0.0,3
mean,iid,N-P,G_source,"{""42"": 160, ""43"": 160, ""44"": 160}",0.0,0.0,0.0,2000,0,"all contributing seed cohorts nonempty per shared draw, otherwise omitted",,True,0.0,3
mean,iid,N-P,self_full,"{""42"": 160, ""43"": 160, ""44"": 160}",0.0,0.0,0.0,2000,0,"all contributing seed cohorts nonempty per shared draw, otherwise omitted",,True,0.0,3
mean,iid,N-P,atomic_macro,"{""42"": ""40 cells, 160 worlds/status"", ""43"": ""40 cells, 160 worlds/status"", ""44"": ""40 cells, 160 worlds/status""}",0.0,0.0,0.0,2000,0,"all contributing seed cohorts nonempty per shared draw, otherwise omitted",,True,0.0,3
mean,iid,N-P,old_all3,"{""42"": 160, ""43"": 160, ""44"": 160}",0.0,0.0,0.0,2000,0,"all contributing seed cohorts nonempty per shared draw, otherwise omitted",,True,0.0,3
mean,template_ood,F-N,U,"{""42"": 160, ""43"": 160, ""44"": 160}",92.08333333333333,89.79166666666667,94.16666666666667,2000,0,"all contributing seed cohorts nonempty per shared draw, otherwise omitted",,True,13.712068893253615,3
mean,template_ood,F-N,P_source,"{""42"": 160, ""43"": 160, ""44"": 160}",100.0,100.0,100.0,2000,0,"all contributing seed cohorts nonempty per shared draw, otherwise omitted",,True,0.0,3
mean,template_ood,F-N,G_source,"{""42"": 160, ""43"": 160, ""44"": 160}",73.33333333333334,70.41666666666667,76.04166666666666,2000,0,"all contributing seed cohorts nonempty per shared draw, otherwise omitted",,True,40.293519433444054,3
mean,template_ood,F-N,self_full,"{""42"": 160, ""43"": 160, ""44"": 160}",100.0,100.0,100.0,2000,0,"all contributing seed cohorts nonempty per shared draw, otherwise omitted",,True,0.0,3
mean,template_ood,F-N,atomic_macro,"{""42"": ""40 cells, 160 worlds/status"", ""43"": ""40 cells, 160 worlds/status"", ""44"": ""40 cells, 160 worlds/status""}",-5.375000000000001,-5.729296875000001,-5.015494791666667,2000,0,"all contributing seed cohorts nonempty per shared draw, otherwise omitted",,True,11.164070700661789,3
mean,template_ood,F-N,old_all3,"{""42"": 113, ""43"": 119, ""44"": 115}",0.0,0.0,0.0,2000,0,"all contributing seed cohorts nonempty per shared draw, otherwise omitted",,True,0.0,3
mean,template_ood,O-N,U,"{""42"": 160, ""43"": 160, ""44"": 160}",93.125,91.24479166666667,95.20833333333334,2000,0,"all contributing seed cohorts nonempty per shared draw, otherwise omitted",,True,11.907849302036034,3
mean,template_ood,O-N,P_source,"{""42"": 160, ""43"": 160, ""44"": 160}",100.0,100.0,100.0,2000,0,"all contributing seed cohorts nonempty per shared draw, otherwise omitted",,True,0.0,3
mean,template_ood,O-N,G_source,"{""42"": 160, ""43"": 160, ""44"": 160}",24.375000000000004,21.25,27.499999999999996,2000,0,"all contributing seed cohorts nonempty per shared draw, otherwise omitted",,True,29.288436284649954,3
mean,template_ood,O-N,self_full,"{""42"": 160, ""43"": 160, ""44"": 160}",100.0,100.0,100.0,2000,0,"all contributing seed cohorts nonempty per shared draw, otherwise omitted",,True,0.0,3
mean,template_ood,O-N,atomic_macro,"{""42"": ""40 cells, 160 worlds/status"", ""43"": ""40 cells, 160 worlds/status"", ""44"": ""40 cells, 160 worlds/status""}",-6.562500000000002,-6.989713541666667,-6.135416666666668,2000,0,"all contributing seed cohorts nonempty per shared draw, otherwise omitted",,True,12.889033992725174,3
mean,template_ood,O-N,old_all3,"{""42"": 113, ""43"": 119, ""44"": 115}",-3.1884057971014492,-5.060019841269841,-1.4880952380952381,2000,0,"all contributing seed cohorts nonempty per shared draw, otherwise omitted",,True,5.5224808357268556,3
mean,template_ood,O-F,U,"{""42"": 160, ""43"": 160, ""44"": 160}",1.0416666666666665,-0.20833333333333334,2.291666666666667,2000,0,"all contributing seed cohorts nonempty per shared draw, otherwise omitted",,True,1.8042195912175805,3
mean,template_ood,O-F,P_source,"{""42"": 160, ""43"": 160, ""44"": 160}",0.0,0.0,0.0,2000,0,"all contributing seed cohorts nonempty per shared draw, otherwise omitted",,True,0.0,3
mean,template_ood,O-F,G_source,"{""42"": 160, ""43"": 160, ""44"": 160}",-48.958333333333336,-53.125,-45.0,2000,0,"all contributing seed cohorts nonempty per shared draw, otherwise omitted",,True,35.79637144087838,3
mean,template_ood,O-F,self_full,"{""42"": 160, ""43"": 160, ""44"": 160}",0.0,0.0,0.0,2000,0,"all contributing seed cohorts nonempty per shared draw, otherwise omitted",,True,0.0,3
mean,template_ood,O-F,atomic_macro,"{""42"": ""40 cells, 160 worlds/status"", ""43"": ""40 cells, 160 worlds/status"", ""44"": ""40 cells, 160 worlds/status""}",-1.1875000000000002,-1.3854166666666667,-0.9895833333333335,2000,0,"all contributing seed cohorts nonempty per shared draw, otherwise omitted",,True,1.7481156149193913,3
mean,template_ood,O-F,old_all3,"{""42"": 113, ""43"": 119, ""44"": 115}",-3.1884057971014492,-5.060019841269841,-1.4880952380952381,2000,0,"all contributing seed cohorts nonempty per shared draw, otherwise omitted",,True,5.5224808357268556,3
mean,template_ood,F-P,U,"{""42"": 160, ""43"": 160, ""44"": 160}",92.08333333333333,89.79166666666667,94.16666666666667,2000,0,"all contributing seed cohorts nonempty per shared draw, otherwise omitted",,True,13.712068893253615,3
mean,template_ood,F-P,P_source,"{""42"": 160, ""43"": 160, ""44"": 160}",100.0,100.0,100.0,2000,0,"all contributing seed cohorts nonempty per shared draw, otherwise omitted",,True,0.0,3
mean,template_ood,F-P,G_source,"{""42"": 160, ""43"": 160, ""44"": 160}",73.33333333333334,70.41666666666667,76.04166666666666,2000,0,"all contributing seed cohorts nonempty per shared draw, otherwise omitted",,True,40.293519433444054,3
mean,template_ood,F-P,self_full,"{""42"": 160, ""43"": 160, ""44"": 160}",100.0,100.0,100.0,2000,0,"all contributing seed cohorts nonempty per shared draw, otherwise omitted",,True,0.0,3
mean,template_ood,F-P,atomic_macro,"{""42"": ""40 cells, 160 worlds/status"", ""43"": ""40 cells, 160 worlds/status"", ""44"": ""40 cells, 160 worlds/status""}",-6.302083333333333,-6.672005208333334,-5.9375,2000,0,"all contributing seed cohorts nonempty per shared draw, otherwise omitted",,True,9.435408674188857,3
mean,template_ood,F-P,old_all3,"{""42"": 113, ""43"": 119, ""44"": 115}",0.0,0.0,0.0,2000,0,"all contributing seed cohorts nonempty per shared draw, otherwise omitted",,True,0.0,3
mean,template_ood,O-P,U,"{""42"": 160, ""43"": 160, ""44"": 160}",93.125,91.24479166666667,95.20833333333334,2000,0,"all contributing seed cohorts nonempty per shared draw, otherwise omitted",,True,11.907849302036034,3
mean,template_ood,O-P,P_source,"{""42"": 160, ""43"": 160, ""44"": 160}",100.0,100.0,100.0,2000,0,"all contributing seed cohorts nonempty per shared draw, otherwise omitted",,True,0.0,3
mean,template_ood,O-P,G_source,"{""42"": 160, ""43"": 160, ""44"": 160}",24.375000000000004,21.25,27.499999999999996,2000,0,"all contributing seed cohorts nonempty per shared draw, otherwise omitted",,True,29.288436284649954,3
mean,template_ood,O-P,self_full,"{""42"": 160, ""43"": 160, ""44"": 160}",100.0,100.0,100.0,2000,0,"all contributing seed cohorts nonempty per shared draw, otherwise omitted",,True,0.0,3
mean,template_ood,O-P,atomic_macro,"{""42"": ""40 cells, 160 worlds/status"", ""43"": ""40 cells, 160 worlds/status"", ""44"": ""40 cells, 160 worlds/status""}",-7.489583333333334,-7.921875,-7.062500000000001,2000,0,"all contributing seed cohorts nonempty per shared draw, otherwise omitted",,True,11.072562660929417,3
mean,template_ood,O-P,old_all3,"{""42"": 113, ""43"": 119, ""44"": 115}",-3.1884057971014492,-5.060019841269841,-1.4880952380952381,2000,0,"all contributing seed cohorts nonempty per shared draw, otherwise omitted",,True,5.5224808357268556,3
mean,template_ood,N-P,U,"{""42"": 160, ""43"": 160, ""44"": 160}",0.0,0.0,0.0,2000,0,"all contributing seed cohorts nonempty per shared draw, otherwise omitted",,True,0.0,3
mean,template_ood,N-P,P_source,"{""42"": 160, ""43"": 160, ""44"": 160}",0.0,0.0,0.0,2000,0,"all contributing seed cohorts nonempty per shared draw, otherwise omitted",,True,0.0,3
mean,template_ood,N-P,G_source,"{""42"": 160, ""43"": 160, ""44"": 160}",0.0,0.0,0.0,2000,0,"all contributing seed cohorts nonempty per shared draw, otherwise omitted",,True,0.0,3
mean,template_ood,N-P,self_full,"{""42"": 160, ""43"": 160, ""44"": 160}",0.0,0.0,0.0,2000,0,"all contributing seed cohorts nonempty per shared draw, otherwise omitted",,True,0.0,3
mean,template_ood,N-P,atomic_macro,"{""42"": ""40 cells, 160 worlds/status"", ""43"": ""40 cells, 160 worlds/status"", ""44"": ""40 cells, 160 worlds/status""}",-0.9270833333333336,-1.1458333333333335,-0.7029947916666672,2000,0,"all contributing seed cohorts nonempty per shared draw, otherwise omitted",,True,2.7935268600298686,3
mean,template_ood,N-P,old_all3,"{""42"": 113, ""43"": 119, ""44"": 115}",0.0,0.0,0.0,2000,0,"all contributing seed cohorts nonempty per shared draw, otherwise omitted",,True,0.0,3
