seed,method,split,kind,source,next_k,full_k,N,conditional_k,n,rate,wilson_lo,wilson_hi,conditional_rate,correct_current_equal_natural_k,duplicate_controls_not_independent
42,F,iid,reset_fixed,P,160,160,160,160,160,1.0,0.9765538048284949,1,1.0,160,True
42,F,iid,reset_fixed,G,160,160,160,160,160,1.0,0.9765538048284949,1,1.0,160,True
42,F,iid,reset_fixed,U,160,160,160,160,160,1.0,0.9765538048284949,1,1.0,160,True
42,F,iid,reset_self,Q,160,160,160,160,160,1.0,0.9765538048284949,1,1.0,160,True
42,F,template_ood,reset_fixed,P,152,152,160,152,160,0.95,0.9044490208244798,0.9744494035211655,0.95,160,True
42,F,template_ood,reset_fixed,G,152,152,160,152,160,0.95,0.9044490208244798,0.9744494035211655,0.95,160,True
42,F,template_ood,reset_fixed,U,152,152,160,152,160,0.95,0.9044490208244798,0.9744494035211655,0.95,160,True
42,F,template_ood,reset_self,Q,152,152,160,152,160,0.95,0.9044490208244798,0.9744494035211655,0.95,160,True
42,N,iid,reset_fixed,P,160,160,160,160,160,1.0,0.9765538048284949,1,1.0,160,True
42,N,iid,reset_fixed,G,160,160,160,160,160,1.0,0.9765538048284949,1,1.0,160,True
42,N,iid,reset_fixed,U,160,160,160,160,160,1.0,0.9765538048284949,1,1.0,160,True
42,N,iid,reset_self,Q,160,160,160,160,160,1.0,0.9765538048284949,1,1.0,160,True
42,N,template_ood,reset_fixed,P,160,160,160,160,160,1.0,0.9765538048284949,1,1.0,160,True
42,N,template_ood,reset_fixed,G,160,160,160,160,160,1.0,0.9765538048284949,1,1.0,160,True
42,N,template_ood,reset_fixed,U,160,160,160,160,160,1.0,0.9765538048284949,1,1.0,160,True
42,N,template_ood,reset_self,Q,160,160,160,160,160,1.0,0.9765538048284949,1,1.0,160,True
42,O,iid,reset_fixed,P,160,160,160,160,160,1.0,0.9765538048284949,1,1.0,160,True
42,O,iid,reset_fixed,G,160,160,160,160,160,1.0,0.9765538048284949,1,1.0,160,True
42,O,iid,reset_fixed,U,160,160,160,160,160,1.0,0.9765538048284949,1,1.0,160,True
42,O,iid,reset_self,Q,160,160,160,160,160,1.0,0.9765538048284949,1,1.0,160,True
42,O,template_ood,reset_fixed,P,149,149,160,149,160,0.93125,0.8810970775754896,0.9611805790890873,0.93125,160,True
42,O,template_ood,reset_fixed,G,149,149,160,149,160,0.93125,0.8810970775754896,0.9611805790890873,0.93125,160,True
42,O,template_ood,reset_fixed,U,149,149,160,149,160,0.93125,0.8810970775754896,0.9611805790890873,0.93125,160,True
42,O,template_ood,reset_self,Q,149,149,160,149,160,0.93125,0.8810970775754896,0.9611805790890873,0.93125,160,True
42,P,iid,reset_fixed,P,160,160,160,160,160,1.0,0.9765538048284949,1,1.0,160,True
42,P,iid,reset_fixed,G,160,160,160,160,160,1.0,0.9765538048284949,1,1.0,160,True
42,P,iid,reset_fixed,U,160,160,160,160,160,1.0,0.9765538048284949,1,1.0,160,True
42,P,iid,reset_self,Q,160,160,160,160,160,1.0,0.9765538048284949,1,1.0,160,True
42,P,template_ood,reset_fixed,P,154,154,160,154,160,0.9625,0.9206101926328578,0.9827020768335,0.9625,160,True
42,P,template_ood,reset_fixed,G,154,154,160,154,160,0.9625,0.9206101926328578,0.9827020768335,0.9625,160,True
42,P,template_ood,reset_fixed,U,154,154,160,154,160,0.9625,0.9206101926328578,0.9827020768335,0.9625,160,True
42,P,template_ood,reset_self,Q,154,154,160,154,160,0.9625,0.9206101926328578,0.9827020768335,0.9625,160,True
43,F,iid,reset_fixed,P,160,160,160,160,160,1.0,0.9765538048284949,1,1.0,160,True
43,F,iid,reset_fixed,G,160,160,160,160,160,1.0,0.9765538048284949,1,1.0,160,True
43,F,iid,reset_fixed,U,160,160,160,160,160,1.0,0.9765538048284949,1,1.0,160,True
43,F,iid,reset_self,Q,160,160,160,160,160,1.0,0.9765538048284949,1,1.0,160,True
43,F,template_ood,reset_fixed,P,127,127,160,127,160,0.79375,0.7245262240066808,0.84919913633006,0.79375,160,True
43,F,template_ood,reset_fixed,G,127,127,160,127,160,0.79375,0.7245262240066808,0.84919913633006,0.79375,160,True
43,F,template_ood,reset_fixed,U,127,127,160,127,160,0.79375,0.7245262240066808,0.84919913633006,0.79375,160,True
43,F,template_ood,reset_self,Q,127,127,160,127,160,0.79375,0.7245262240066808,0.84919913633006,0.79375,160,True
43,N,iid,reset_fixed,P,160,160,160,160,160,1.0,0.9765538048284949,1,1.0,160,True
43,N,iid,reset_fixed,G,160,160,160,160,160,1.0,0.9765538048284949,1,1.0,160,True
43,N,iid,reset_fixed,U,160,160,160,160,160,1.0,0.9765538048284949,1,1.0,160,True
43,N,iid,reset_self,Q,160,160,160,160,160,1.0,0.9765538048284949,1,1.0,160,True
43,N,template_ood,reset_fixed,P,121,121,160,121,160,0.75625,0.6842262061492823,0.8162576188253212,0.75625,160,True
43,N,template_ood,reset_fixed,G,121,121,160,121,160,0.75625,0.6842262061492823,0.8162576188253212,0.75625,160,True
43,N,template_ood,reset_fixed,U,121,121,160,121,160,0.75625,0.6842262061492823,0.8162576188253212,0.75625,160,True
43,N,template_ood,reset_self,Q,121,121,160,121,160,0.75625,0.6842262061492823,0.8162576188253212,0.75625,160,True
43,O,iid,reset_fixed,P,160,160,160,160,160,1.0,0.9765538048284949,1,1.0,160,True
43,O,iid,reset_fixed,G,160,160,160,160,160,1.0,0.9765538048284949,1,1.0,160,True
43,O,iid,reset_fixed,U,160,160,160,160,160,1.0,0.9765538048284949,1,1.0,160,True
43,O,iid,reset_self,Q,160,160,160,160,160,1.0,0.9765538048284949,1,1.0,160,True
43,O,template_ood,reset_fixed,P,128,128,160,128,160,0.8,0.7313149744396211,0.8546173084574759,0.8,160,True
43,O,template_ood,reset_fixed,G,128,128,160,128,160,0.8,0.7313149744396211,0.8546173084574759,0.8,160,True
43,O,template_ood,reset_fixed,U,128,128,160,128,160,0.8,0.7313149744396211,0.8546173084574759,0.8,160,True
43,O,template_ood,reset_self,Q,128,128,160,128,160,0.8,0.7313149744396211,0.8546173084574759,0.8,160,True
43,P,iid,reset_fixed,P,160,160,160,160,160,1.0,0.9765538048284949,1,1.0,160,True
43,P,iid,reset_fixed,G,160,160,160,160,160,1.0,0.9765538048284949,1,1.0,160,True
43,P,iid,reset_fixed,U,160,160,160,160,160,1.0,0.9765538048284949,1,1.0,160,True
43,P,iid,reset_self,Q,160,160,160,160,160,1.0,0.9765538048284949,1,1.0,160,True
43,P,template_ood,reset_fixed,P,148,148,160,148,160,0.925,0.8734917309593303,0.9565790031448905,0.925,160,True
43,P,template_ood,reset_fixed,G,148,148,160,148,160,0.925,0.8734917309593303,0.9565790031448905,0.925,160,True
43,P,template_ood,reset_fixed,U,148,148,160,148,160,0.925,0.8734917309593303,0.9565790031448905,0.925,160,True
43,P,template_ood,reset_self,Q,148,148,160,148,160,0.925,0.8734917309593303,0.9565790031448905,0.925,160,True
44,F,iid,reset_fixed,P,160,160,160,160,160,1.0,0.9765538048284949,1,1.0,160,True
44,F,iid,reset_fixed,G,160,160,160,160,160,1.0,0.9765538048284949,1,1.0,160,True
44,F,iid,reset_fixed,U,160,160,160,160,160,1.0,0.9765538048284949,1,1.0,160,True
44,F,iid,reset_self,Q,160,160,160,160,160,1.0,0.9765538048284949,1,1.0,160,True
44,F,template_ood,reset_fixed,P,160,160,160,160,160,1.0,0.9765538048284949,1,1.0,160,True
44,F,template_ood,reset_fixed,G,160,160,160,160,160,1.0,0.9765538048284949,1,1.0,160,True
44,F,template_ood,reset_fixed,U,160,160,160,160,160,1.0,0.9765538048284949,1,1.0,160,True
44,F,template_ood,reset_self,Q,160,160,160,160,160,1.0,0.9765538048284949,1,1.0,160,True
44,N,iid,reset_fixed,P,160,160,160,160,160,1.0,0.9765538048284949,1,1.0,160,True
44,N,iid,reset_fixed,G,160,160,160,160,160,1.0,0.9765538048284949,1,1.0,160,True
44,N,iid,reset_fixed,U,160,160,160,160,160,1.0,0.9765538048284949,1,1.0,160,True
44,N,iid,reset_self,Q,160,160,160,160,160,1.0,0.9765538048284949,1,1.0,160,True
44,N,template_ood,reset_fixed,P,160,160,160,160,160,1.0,0.9765538048284949,1,1.0,160,True
44,N,template_ood,reset_fixed,G,160,160,160,160,160,1.0,0.9765538048284949,1,1.0,160,True
44,N,template_ood,reset_fixed,U,160,160,160,160,160,1.0,0.9765538048284949,1,1.0,160,True
44,N,template_ood,reset_self,Q,160,160,160,160,160,1.0,0.9765538048284949,1,1.0,160,True
44,O,iid,reset_fixed,P,160,160,160,160,160,1.0,0.9765538048284949,1,1.0,160,True
44,O,iid,reset_fixed,G,160,160,160,160,160,1.0,0.9765538048284949,1,1.0,160,True
44,O,iid,reset_fixed,U,160,160,160,160,160,1.0,0.9765538048284949,1,1.0,160,True
44,O,iid,reset_self,Q,160,160,160,160,160,1.0,0.9765538048284949,1,1.0,160,True
44,O,template_ood,reset_fixed,P,160,160,160,160,160,1.0,0.9765538048284949,1,1.0,160,True
44,O,template_ood,reset_fixed,G,160,160,160,160,160,1.0,0.9765538048284949,1,1.0,160,True
44,O,template_ood,reset_fixed,U,160,160,160,160,160,1.0,0.9765538048284949,1,1.0,160,True
44,O,template_ood,reset_self,Q,160,160,160,160,160,1.0,0.9765538048284949,1,1.0,160,True
44,P,iid,reset_fixed,P,160,160,160,160,160,1.0,0.9765538048284949,1,1.0,160,True
44,P,iid,reset_fixed,G,160,160,160,160,160,1.0,0.9765538048284949,1,1.0,160,True
44,P,iid,reset_fixed,U,160,160,160,160,160,1.0,0.9765538048284949,1,1.0,160,True
44,P,iid,reset_self,Q,160,160,160,160,160,1.0,0.9765538048284949,1,1.0,160,True
44,P,template_ood,reset_fixed,P,160,160,160,160,160,1.0,0.9765538048284949,1,1.0,160,True
44,P,template_ood,reset_fixed,G,160,160,160,160,160,1.0,0.9765538048284949,1,1.0,160,True
44,P,template_ood,reset_fixed,U,160,160,160,160,160,1.0,0.9765538048284949,1,1.0,160,True
44,P,template_ood,reset_self,Q,160,160,160,160,160,1.0,0.9765538048284949,1,1.0,160,True
