model,domain,seed,condition,template,trajectory,step,rows,current_correct_and_gold_next_correct_n,latent_next_failed_k,latent_next_semantic_mismatch_k,latent_next_unresolved_k,latent_next_grammar_only_k,latent_next_termination_only_k
t5gemma,space,42,M_h1,0,forward,2,32,32,32,32,0,0,0
t5gemma,space,42,M_h1,0,forward,3,32,0,0,0,0,0,0
t5gemma,space,42,M_h1,0,forward,4,32,0,0,0,0,0,0
t5gemma,space,42,M_h1,0,forward,5,32,0,0,0,0,0,0
t5gemma,space,42,M_h1,0,reverse,2,32,32,32,32,0,0,0
t5gemma,space,42,M_h1,0,reverse,3,32,0,0,0,0,0,0
t5gemma,space,42,M_h1,0,reverse,4,32,0,0,0,0,0,0
t5gemma,space,42,M_h1,0,reverse,5,32,0,0,0,0,0,0
t5gemma,space,42,M_h1,0,inverse,2,32,32,32,32,0,0,0
t5gemma,space,42,M_h1,0,inverse,3,32,0,0,0,0,0,0
t5gemma,space,42,M_h1,0,inverse,4,32,32,32,18,14,0,0
t5gemma,space,42,M_h1,0,inverse,5,32,0,0,0,0,0,0
t5gemma,space,42,M_h1,2,forward,2,32,0,0,0,0,0,0
t5gemma,space,42,M_h1,2,forward,3,32,0,0,0,0,0,0
t5gemma,space,42,M_h1,2,forward,4,32,0,0,0,0,0,0
t5gemma,space,42,M_h1,2,forward,5,32,0,0,0,0,0,0
t5gemma,space,42,M_h1,2,reverse,2,32,0,0,0,0,0,0
t5gemma,space,42,M_h1,2,reverse,3,32,0,0,0,0,0,0
t5gemma,space,42,M_h1,2,reverse,4,32,0,0,0,0,0,0
t5gemma,space,42,M_h1,2,reverse,5,32,0,0,0,0,0,0
t5gemma,space,42,M_h1,2,inverse,2,32,0,0,0,0,0,0
t5gemma,space,42,M_h1,2,inverse,3,32,0,0,0,0,0,0
t5gemma,space,42,M_h1,2,inverse,4,32,0,0,0,0,0,0
t5gemma,space,42,M_h1,2,inverse,5,32,0,0,0,0,0,0
t5gemma,space,42,P,0,forward,2,32,32,32,10,22,0,0
t5gemma,space,42,P,0,forward,3,32,0,0,0,0,0,0
t5gemma,space,42,P,0,forward,4,32,0,0,0,0,0,0
t5gemma,space,42,P,0,forward,5,32,0,0,0,0,0,0
t5gemma,space,42,P,0,reverse,2,32,32,32,24,8,0,0
t5gemma,space,42,P,0,reverse,3,32,0,0,0,0,0,0
t5gemma,space,42,P,0,reverse,4,32,0,0,0,0,0,0
t5gemma,space,42,P,0,reverse,5,32,0,0,0,0,0,0
t5gemma,space,42,P,0,inverse,2,32,32,32,32,0,0,0
t5gemma,space,42,P,0,inverse,3,32,0,0,0,0,0,0
t5gemma,space,42,P,0,inverse,4,32,0,0,0,0,0,0
t5gemma,space,42,P,0,inverse,5,32,0,0,0,0,0,0
t5gemma,space,42,P,2,forward,2,32,0,0,0,0,0,0
t5gemma,space,42,P,2,forward,3,32,0,0,0,0,0,0
t5gemma,space,42,P,2,forward,4,32,0,0,0,0,0,0
t5gemma,space,42,P,2,forward,5,32,0,0,0,0,0,0
t5gemma,space,42,P,2,reverse,2,32,0,0,0,0,0,0
t5gemma,space,42,P,2,reverse,3,32,0,0,0,0,0,0
t5gemma,space,42,P,2,reverse,4,32,0,0,0,0,0,0
t5gemma,space,42,P,2,reverse,5,32,0,0,0,0,0,0
t5gemma,space,42,P,2,inverse,2,32,0,0,0,0,0,0
t5gemma,space,42,P,2,inverse,3,32,0,0,0,0,0,0
t5gemma,space,42,P,2,inverse,4,32,0,0,0,0,0,0
t5gemma,space,42,P,2,inverse,5,32,0,0,0,0,0,0
t5gemma,space,42,M_h0,0,forward,2,32,32,32,32,0,0,0
t5gemma,space,42,M_h0,0,forward,3,32,0,0,0,0,0,0
t5gemma,space,42,M_h0,0,forward,4,32,0,0,0,0,0,0
t5gemma,space,42,M_h0,0,forward,5,32,0,0,0,0,0,0
t5gemma,space,42,M_h0,0,reverse,2,32,32,32,30,2,0,0
t5gemma,space,42,M_h0,0,reverse,3,32,0,0,0,0,0,0
t5gemma,space,42,M_h0,0,reverse,4,32,0,0,0,0,0,0
t5gemma,space,42,M_h0,0,reverse,5,32,0,0,0,0,0,0
t5gemma,space,42,M_h0,0,inverse,2,32,32,32,32,0,0,0
t5gemma,space,42,M_h0,0,inverse,3,32,0,0,0,0,0,0
t5gemma,space,42,M_h0,0,inverse,4,32,13,13,9,4,0,0
t5gemma,space,42,M_h0,0,inverse,5,32,0,0,0,0,0,0
t5gemma,space,42,M_h0,2,forward,2,32,0,0,0,0,0,0
t5gemma,space,42,M_h0,2,forward,3,32,0,0,0,0,0,0
t5gemma,space,42,M_h0,2,forward,4,32,0,0,0,0,0,0
t5gemma,space,42,M_h0,2,forward,5,32,0,0,0,0,0,0
t5gemma,space,42,M_h0,2,reverse,2,32,0,0,0,0,0,0
t5gemma,space,42,M_h0,2,reverse,3,32,0,0,0,0,0,0
t5gemma,space,42,M_h0,2,reverse,4,32,0,0,0,0,0,0
t5gemma,space,42,M_h0,2,reverse,5,32,0,0,0,0,0,0
t5gemma,space,42,M_h0,2,inverse,2,32,0,0,0,0,0,0
t5gemma,space,42,M_h0,2,inverse,3,32,0,0,0,0,0,0
t5gemma,space,42,M_h0,2,inverse,4,32,0,0,0,0,0,0
t5gemma,space,42,M_h0,2,inverse,5,32,0,0,0,0,0,0
t5gemma,space,42,S_h0,0,forward,2,32,32,32,32,0,0,0
t5gemma,space,42,S_h0,0,forward,3,32,0,0,0,0,0,0
t5gemma,space,42,S_h0,0,forward,4,32,0,0,0,0,0,0
t5gemma,space,42,S_h0,0,forward,5,32,0,0,0,0,0,0
t5gemma,space,42,S_h0,0,reverse,2,32,32,32,30,2,0,0
t5gemma,space,42,S_h0,0,reverse,3,32,0,0,0,0,0,0
t5gemma,space,42,S_h0,0,reverse,4,32,0,0,0,0,0,0
t5gemma,space,42,S_h0,0,reverse,5,32,0,0,0,0,0,0
t5gemma,space,42,S_h0,0,inverse,2,32,32,32,32,0,0,0
t5gemma,space,42,S_h0,0,inverse,3,32,0,0,0,0,0,0
t5gemma,space,42,S_h0,0,inverse,4,32,21,21,4,17,0,0
t5gemma,space,42,S_h0,0,inverse,5,32,0,0,0,0,0,0
t5gemma,space,42,S_h0,2,forward,2,32,0,0,0,0,0,0
t5gemma,space,42,S_h0,2,forward,3,32,0,0,0,0,0,0
t5gemma,space,42,S_h0,2,forward,4,32,0,0,0,0,0,0
t5gemma,space,42,S_h0,2,forward,5,32,0,0,0,0,0,0
t5gemma,space,42,S_h0,2,reverse,2,32,0,0,0,0,0,0
t5gemma,space,42,S_h0,2,reverse,3,32,0,0,0,0,0,0
t5gemma,space,42,S_h0,2,reverse,4,32,0,0,0,0,0,0
t5gemma,space,42,S_h0,2,reverse,5,32,0,0,0,0,0,0
t5gemma,space,42,S_h0,2,inverse,2,32,0,0,0,0,0,0
t5gemma,space,42,S_h0,2,inverse,3,32,0,0,0,0,0,0
t5gemma,space,42,S_h0,2,inverse,4,32,0,0,0,0,0,0
t5gemma,space,42,S_h0,2,inverse,5,32,0,0,0,0,0,0
t5gemma,space,42,N_h0,0,forward,2,32,32,32,1,31,0,0
t5gemma,space,42,N_h0,0,forward,3,32,0,0,0,0,0,0
t5gemma,space,42,N_h0,0,forward,4,32,0,0,0,0,0,0
t5gemma,space,42,N_h0,0,forward,5,32,0,0,0,0,0,0
t5gemma,space,42,N_h0,0,reverse,2,32,32,32,2,30,0,0
t5gemma,space,42,N_h0,0,reverse,3,32,0,0,0,0,0,0
t5gemma,space,42,N_h0,0,reverse,4,32,0,0,0,0,0,0
t5gemma,space,42,N_h0,0,reverse,5,32,0,0,0,0,0,0
t5gemma,space,42,N_h0,0,inverse,2,32,32,32,32,0,0,0
t5gemma,space,42,N_h0,0,inverse,3,32,0,0,0,0,0,0
t5gemma,space,42,N_h0,0,inverse,4,32,0,0,0,0,0,0
t5gemma,space,42,N_h0,0,inverse,5,32,0,0,0,0,0,0
t5gemma,space,42,N_h0,2,forward,2,32,0,0,0,0,0,0
t5gemma,space,42,N_h0,2,forward,3,32,0,0,0,0,0,0
t5gemma,space,42,N_h0,2,forward,4,32,0,0,0,0,0,0
t5gemma,space,42,N_h0,2,forward,5,32,0,0,0,0,0,0
t5gemma,space,42,N_h0,2,reverse,2,32,0,0,0,0,0,0
t5gemma,space,42,N_h0,2,reverse,3,32,0,0,0,0,0,0
t5gemma,space,42,N_h0,2,reverse,4,32,0,0,0,0,0,0
t5gemma,space,42,N_h0,2,reverse,5,32,0,0,0,0,0,0
t5gemma,space,42,N_h0,2,inverse,2,32,0,0,0,0,0,0
t5gemma,space,42,N_h0,2,inverse,3,32,0,0,0,0,0,0
t5gemma,space,42,N_h0,2,inverse,4,32,0,0,0,0,0,0
t5gemma,space,42,N_h0,2,inverse,5,32,0,0,0,0,0,0
t5gemma,space,42,N_h1,0,forward,2,32,32,32,13,19,0,0
t5gemma,space,42,N_h1,0,forward,3,32,0,0,0,0,0,0
t5gemma,space,42,N_h1,0,forward,4,32,0,0,0,0,0,0
t5gemma,space,42,N_h1,0,forward,5,32,0,0,0,0,0,0
t5gemma,space,42,N_h1,0,reverse,2,32,32,32,0,32,0,0
t5gemma,space,42,N_h1,0,reverse,3,32,0,0,0,0,0,0
t5gemma,space,42,N_h1,0,reverse,4,32,0,0,0,0,0,0
t5gemma,space,42,N_h1,0,reverse,5,32,0,0,0,0,0,0
t5gemma,space,42,N_h1,0,inverse,2,32,32,32,31,1,0,0
t5gemma,space,42,N_h1,0,inverse,3,32,0,0,0,0,0,0
t5gemma,space,42,N_h1,0,inverse,4,32,0,0,0,0,0,0
t5gemma,space,42,N_h1,0,inverse,5,32,0,0,0,0,0,0
t5gemma,space,42,N_h1,2,forward,2,32,0,0,0,0,0,0
t5gemma,space,42,N_h1,2,forward,3,32,0,0,0,0,0,0
t5gemma,space,42,N_h1,2,forward,4,32,0,0,0,0,0,0
t5gemma,space,42,N_h1,2,forward,5,32,0,0,0,0,0,0
t5gemma,space,42,N_h1,2,reverse,2,32,0,0,0,0,0,0
t5gemma,space,42,N_h1,2,reverse,3,32,0,0,0,0,0,0
t5gemma,space,42,N_h1,2,reverse,4,32,0,0,0,0,0,0
t5gemma,space,42,N_h1,2,reverse,5,32,0,0,0,0,0,0
t5gemma,space,42,N_h1,2,inverse,2,32,0,0,0,0,0,0
t5gemma,space,42,N_h1,2,inverse,3,32,0,0,0,0,0,0
t5gemma,space,42,N_h1,2,inverse,4,32,0,0,0,0,0,0
t5gemma,space,42,N_h1,2,inverse,5,32,0,0,0,0,0,0
t5gemma,space,42,S_h1,0,forward,2,32,32,32,32,0,0,0
t5gemma,space,42,S_h1,0,forward,3,32,0,0,0,0,0,0
t5gemma,space,42,S_h1,0,forward,4,32,0,0,0,0,0,0
t5gemma,space,42,S_h1,0,forward,5,32,0,0,0,0,0,0
t5gemma,space,42,S_h1,0,reverse,2,32,32,28,28,0,0,0
t5gemma,space,42,S_h1,0,reverse,3,32,4,4,0,4,0,0
t5gemma,space,42,S_h1,0,reverse,4,32,0,0,0,0,0,0
t5gemma,space,42,S_h1,0,reverse,5,32,0,0,0,0,0,0
t5gemma,space,42,S_h1,0,inverse,2,32,32,32,28,4,0,0
t5gemma,space,42,S_h1,0,inverse,3,32,0,0,0,0,0,0
t5gemma,space,42,S_h1,0,inverse,4,32,8,8,0,8,0,0
t5gemma,space,42,S_h1,0,inverse,5,32,0,0,0,0,0,0
t5gemma,space,42,S_h1,2,forward,2,32,0,0,0,0,0,0
t5gemma,space,42,S_h1,2,forward,3,32,0,0,0,0,0,0
t5gemma,space,42,S_h1,2,forward,4,32,0,0,0,0,0,0
t5gemma,space,42,S_h1,2,forward,5,32,0,0,0,0,0,0
t5gemma,space,42,S_h1,2,reverse,2,32,0,0,0,0,0,0
t5gemma,space,42,S_h1,2,reverse,3,32,0,0,0,0,0,0
t5gemma,space,42,S_h1,2,reverse,4,32,0,0,0,0,0,0
t5gemma,space,42,S_h1,2,reverse,5,32,0,0,0,0,0,0
t5gemma,space,42,S_h1,2,inverse,2,32,0,0,0,0,0,0
t5gemma,space,42,S_h1,2,inverse,3,32,0,0,0,0,0,0
t5gemma,space,42,S_h1,2,inverse,4,32,0,0,0,0,0,0
t5gemma,space,42,S_h1,2,inverse,5,32,0,0,0,0,0,0
t5gemma,space,43,M_h1,0,forward,2,32,32,32,32,0,0,0
t5gemma,space,43,M_h1,0,forward,3,32,0,0,0,0,0,0
t5gemma,space,43,M_h1,0,forward,4,32,0,0,0,0,0,0
t5gemma,space,43,M_h1,0,forward,5,32,0,0,0,0,0,0
t5gemma,space,43,M_h1,0,reverse,2,32,32,32,32,0,0,0
t5gemma,space,43,M_h1,0,reverse,3,32,0,0,0,0,0,0
t5gemma,space,43,M_h1,0,reverse,4,32,0,0,0,0,0,0
t5gemma,space,43,M_h1,0,reverse,5,32,0,0,0,0,0,0
t5gemma,space,43,M_h1,0,inverse,2,32,32,32,32,0,0,0
t5gemma,space,43,M_h1,0,inverse,3,32,0,0,0,0,0,0
t5gemma,space,43,M_h1,0,inverse,4,32,13,13,2,11,0,0
t5gemma,space,43,M_h1,0,inverse,5,32,0,0,0,0,0,0
t5gemma,space,43,M_h1,2,forward,2,32,0,0,0,0,0,0
t5gemma,space,43,M_h1,2,forward,3,32,0,0,0,0,0,0
t5gemma,space,43,M_h1,2,forward,4,32,0,0,0,0,0,0
t5gemma,space,43,M_h1,2,forward,5,32,0,0,0,0,0,0
t5gemma,space,43,M_h1,2,reverse,2,32,0,0,0,0,0,0
t5gemma,space,43,M_h1,2,reverse,3,32,0,0,0,0,0,0
t5gemma,space,43,M_h1,2,reverse,4,32,0,0,0,0,0,0
t5gemma,space,43,M_h1,2,reverse,5,32,0,0,0,0,0,0
t5gemma,space,43,M_h1,2,inverse,2,32,0,0,0,0,0,0
t5gemma,space,43,M_h1,2,inverse,3,32,0,0,0,0,0,0
t5gemma,space,43,M_h1,2,inverse,4,32,0,0,0,0,0,0
t5gemma,space,43,M_h1,2,inverse,5,32,0,0,0,0,0,0
t5gemma,space,43,P,0,forward,2,32,32,32,1,31,0,0
t5gemma,space,43,P,0,forward,3,32,0,0,0,0,0,0
t5gemma,space,43,P,0,forward,4,32,0,0,0,0,0,0
t5gemma,space,43,P,0,forward,5,32,0,0,0,0,0,0
t5gemma,space,43,P,0,reverse,2,32,32,32,0,32,0,0
t5gemma,space,43,P,0,reverse,3,32,0,0,0,0,0,0
t5gemma,space,43,P,0,reverse,4,32,0,0,0,0,0,0
t5gemma,space,43,P,0,reverse,5,32,0,0,0,0,0,0
t5gemma,space,43,P,0,inverse,2,32,32,32,0,32,0,0
t5gemma,space,43,P,0,inverse,3,32,0,0,0,0,0,0
t5gemma,space,43,P,0,inverse,4,32,0,0,0,0,0,0
t5gemma,space,43,P,0,inverse,5,32,0,0,0,0,0,0
t5gemma,space,43,P,2,forward,2,32,0,0,0,0,0,0
t5gemma,space,43,P,2,forward,3,32,0,0,0,0,0,0
t5gemma,space,43,P,2,forward,4,32,0,0,0,0,0,0
t5gemma,space,43,P,2,forward,5,32,0,0,0,0,0,0
t5gemma,space,43,P,2,reverse,2,32,0,0,0,0,0,0
t5gemma,space,43,P,2,reverse,3,32,0,0,0,0,0,0
t5gemma,space,43,P,2,reverse,4,32,0,0,0,0,0,0
t5gemma,space,43,P,2,reverse,5,32,0,0,0,0,0,0
t5gemma,space,43,P,2,inverse,2,32,0,0,0,0,0,0
t5gemma,space,43,P,2,inverse,3,32,0,0,0,0,0,0
t5gemma,space,43,P,2,inverse,4,32,0,0,0,0,0,0
t5gemma,space,43,P,2,inverse,5,32,0,0,0,0,0,0
t5gemma,space,43,M_h0,0,forward,2,32,32,32,32,0,0,0
t5gemma,space,43,M_h0,0,forward,3,32,0,0,0,0,0,0
t5gemma,space,43,M_h0,0,forward,4,32,0,0,0,0,0,0
t5gemma,space,43,M_h0,0,forward,5,32,0,0,0,0,0,0
t5gemma,space,43,M_h0,0,reverse,2,32,32,32,24,8,0,0
t5gemma,space,43,M_h0,0,reverse,3,32,0,0,0,0,0,0
t5gemma,space,43,M_h0,0,reverse,4,32,0,0,0,0,0,0
t5gemma,space,43,M_h0,0,reverse,5,32,0,0,0,0,0,0
t5gemma,space,43,M_h0,0,inverse,2,32,32,32,32,0,0,0
t5gemma,space,43,M_h0,0,inverse,3,32,0,0,0,0,0,0
t5gemma,space,43,M_h0,0,inverse,4,32,16,16,2,14,0,0
t5gemma,space,43,M_h0,0,inverse,5,32,0,0,0,0,0,0
t5gemma,space,43,M_h0,2,forward,2,32,0,0,0,0,0,0
t5gemma,space,43,M_h0,2,forward,3,32,0,0,0,0,0,0
t5gemma,space,43,M_h0,2,forward,4,32,0,0,0,0,0,0
t5gemma,space,43,M_h0,2,forward,5,32,0,0,0,0,0,0
t5gemma,space,43,M_h0,2,reverse,2,32,0,0,0,0,0,0
t5gemma,space,43,M_h0,2,reverse,3,32,0,0,0,0,0,0
t5gemma,space,43,M_h0,2,reverse,4,32,0,0,0,0,0,0
t5gemma,space,43,M_h0,2,reverse,5,32,0,0,0,0,0,0
t5gemma,space,43,M_h0,2,inverse,2,32,0,0,0,0,0,0
t5gemma,space,43,M_h0,2,inverse,3,32,0,0,0,0,0,0
t5gemma,space,43,M_h0,2,inverse,4,32,0,0,0,0,0,0
t5gemma,space,43,M_h0,2,inverse,5,32,0,0,0,0,0,0
t5gemma,space,43,S_h0,0,forward,2,32,32,32,32,0,0,0
t5gemma,space,43,S_h0,0,forward,3,32,0,0,0,0,0,0
t5gemma,space,43,S_h0,0,forward,4,32,1,1,0,1,0,0
t5gemma,space,43,S_h0,0,forward,5,32,0,0,0,0,0,0
t5gemma,space,43,S_h0,0,reverse,2,32,32,32,15,17,0,0
t5gemma,space,43,S_h0,0,reverse,3,32,0,0,0,0,0,0
t5gemma,space,43,S_h0,0,reverse,4,32,0,0,0,0,0,0
t5gemma,space,43,S_h0,0,reverse,5,32,0,0,0,0,0,0
t5gemma,space,43,S_h0,0,inverse,2,32,32,32,32,0,0,0
t5gemma,space,43,S_h0,0,inverse,3,32,0,0,0,0,0,0
t5gemma,space,43,S_h0,0,inverse,4,32,10,10,10,0,0,0
t5gemma,space,43,S_h0,0,inverse,5,32,0,0,0,0,0,0
t5gemma,space,43,S_h0,2,forward,2,32,0,0,0,0,0,0
t5gemma,space,43,S_h0,2,forward,3,32,0,0,0,0,0,0
t5gemma,space,43,S_h0,2,forward,4,32,0,0,0,0,0,0
t5gemma,space,43,S_h0,2,forward,5,32,0,0,0,0,0,0
t5gemma,space,43,S_h0,2,reverse,2,32,0,0,0,0,0,0
t5gemma,space,43,S_h0,2,reverse,3,32,0,0,0,0,0,0
t5gemma,space,43,S_h0,2,reverse,4,32,0,0,0,0,0,0
t5gemma,space,43,S_h0,2,reverse,5,32,0,0,0,0,0,0
t5gemma,space,43,S_h0,2,inverse,2,32,0,0,0,0,0,0
t5gemma,space,43,S_h0,2,inverse,3,32,0,0,0,0,0,0
t5gemma,space,43,S_h0,2,inverse,4,32,0,0,0,0,0,0
t5gemma,space,43,S_h0,2,inverse,5,32,0,0,0,0,0,0
t5gemma,space,43,N_h0,0,forward,2,32,32,32,3,29,0,0
t5gemma,space,43,N_h0,0,forward,3,32,0,0,0,0,0,0
t5gemma,space,43,N_h0,0,forward,4,32,0,0,0,0,0,0
t5gemma,space,43,N_h0,0,forward,5,32,0,0,0,0,0,0
t5gemma,space,43,N_h0,0,reverse,2,32,32,32,0,32,0,0
t5gemma,space,43,N_h0,0,reverse,3,32,0,0,0,0,0,0
t5gemma,space,43,N_h0,0,reverse,4,32,0,0,0,0,0,0
t5gemma,space,43,N_h0,0,reverse,5,32,0,0,0,0,0,0
t5gemma,space,43,N_h0,0,inverse,2,32,32,32,2,30,0,0
t5gemma,space,43,N_h0,0,inverse,3,32,0,0,0,0,0,0
t5gemma,space,43,N_h0,0,inverse,4,32,0,0,0,0,0,0
t5gemma,space,43,N_h0,0,inverse,5,32,0,0,0,0,0,0
t5gemma,space,43,N_h0,2,forward,2,32,0,0,0,0,0,0
t5gemma,space,43,N_h0,2,forward,3,32,0,0,0,0,0,0
t5gemma,space,43,N_h0,2,forward,4,32,0,0,0,0,0,0
t5gemma,space,43,N_h0,2,forward,5,32,0,0,0,0,0,0
t5gemma,space,43,N_h0,2,reverse,2,32,0,0,0,0,0,0
t5gemma,space,43,N_h0,2,reverse,3,32,0,0,0,0,0,0
t5gemma,space,43,N_h0,2,reverse,4,32,0,0,0,0,0,0
t5gemma,space,43,N_h0,2,reverse,5,32,0,0,0,0,0,0
t5gemma,space,43,N_h0,2,inverse,2,32,0,0,0,0,0,0
t5gemma,space,43,N_h0,2,inverse,3,32,0,0,0,0,0,0
t5gemma,space,43,N_h0,2,inverse,4,32,0,0,0,0,0,0
t5gemma,space,43,N_h0,2,inverse,5,32,0,0,0,0,0,0
t5gemma,space,43,N_h1,0,forward,2,32,32,32,0,32,0,0
t5gemma,space,43,N_h1,0,forward,3,32,0,0,0,0,0,0
t5gemma,space,43,N_h1,0,forward,4,32,0,0,0,0,0,0
t5gemma,space,43,N_h1,0,forward,5,32,0,0,0,0,0,0
t5gemma,space,43,N_h1,0,reverse,2,32,32,32,0,32,0,0
t5gemma,space,43,N_h1,0,reverse,3,32,0,0,0,0,0,0
t5gemma,space,43,N_h1,0,reverse,4,32,0,0,0,0,0,0
t5gemma,space,43,N_h1,0,reverse,5,32,0,0,0,0,0,0
t5gemma,space,43,N_h1,0,inverse,2,32,32,32,0,32,0,0
t5gemma,space,43,N_h1,0,inverse,3,32,0,0,0,0,0,0
t5gemma,space,43,N_h1,0,inverse,4,32,0,0,0,0,0,0
t5gemma,space,43,N_h1,0,inverse,5,32,0,0,0,0,0,0
t5gemma,space,43,N_h1,2,forward,2,32,0,0,0,0,0,0
t5gemma,space,43,N_h1,2,forward,3,32,0,0,0,0,0,0
t5gemma,space,43,N_h1,2,forward,4,32,0,0,0,0,0,0
t5gemma,space,43,N_h1,2,forward,5,32,0,0,0,0,0,0
t5gemma,space,43,N_h1,2,reverse,2,32,0,0,0,0,0,0
t5gemma,space,43,N_h1,2,reverse,3,32,0,0,0,0,0,0
t5gemma,space,43,N_h1,2,reverse,4,32,0,0,0,0,0,0
t5gemma,space,43,N_h1,2,reverse,5,32,0,0,0,0,0,0
t5gemma,space,43,N_h1,2,inverse,2,32,0,0,0,0,0,0
t5gemma,space,43,N_h1,2,inverse,3,32,0,0,0,0,0,0
t5gemma,space,43,N_h1,2,inverse,4,32,0,0,0,0,0,0
t5gemma,space,43,N_h1,2,inverse,5,32,0,0,0,0,0,0
t5gemma,space,43,S_h1,0,forward,2,32,32,32,32,0,0,0
t5gemma,space,43,S_h1,0,forward,3,32,0,0,0,0,0,0
t5gemma,space,43,S_h1,0,forward,4,32,0,0,0,0,0,0
t5gemma,space,43,S_h1,0,forward,5,32,0,0,0,0,0,0
t5gemma,space,43,S_h1,0,reverse,2,32,32,32,2,30,0,0
t5gemma,space,43,S_h1,0,reverse,3,32,0,0,0,0,0,0
t5gemma,space,43,S_h1,0,reverse,4,32,0,0,0,0,0,0
t5gemma,space,43,S_h1,0,reverse,5,32,0,0,0,0,0,0
t5gemma,space,43,S_h1,0,inverse,2,32,32,32,32,0,0,0
t5gemma,space,43,S_h1,0,inverse,3,32,0,0,0,0,0,0
t5gemma,space,43,S_h1,0,inverse,4,32,0,0,0,0,0,0
t5gemma,space,43,S_h1,0,inverse,5,32,0,0,0,0,0,0
t5gemma,space,43,S_h1,2,forward,2,32,0,0,0,0,0,0
t5gemma,space,43,S_h1,2,forward,3,32,0,0,0,0,0,0
t5gemma,space,43,S_h1,2,forward,4,32,0,0,0,0,0,0
t5gemma,space,43,S_h1,2,forward,5,32,0,0,0,0,0,0
t5gemma,space,43,S_h1,2,reverse,2,32,0,0,0,0,0,0
t5gemma,space,43,S_h1,2,reverse,3,32,0,0,0,0,0,0
t5gemma,space,43,S_h1,2,reverse,4,32,0,0,0,0,0,0
t5gemma,space,43,S_h1,2,reverse,5,32,0,0,0,0,0,0
t5gemma,space,43,S_h1,2,inverse,2,32,0,0,0,0,0,0
t5gemma,space,43,S_h1,2,inverse,3,32,0,0,0,0,0,0
t5gemma,space,43,S_h1,2,inverse,4,32,0,0,0,0,0,0
t5gemma,space,43,S_h1,2,inverse,5,32,0,0,0,0,0,0
t5gemma,space,44,M_h1,0,forward,2,32,32,32,32,0,0,0
t5gemma,space,44,M_h1,0,forward,3,32,0,0,0,0,0,0
t5gemma,space,44,M_h1,0,forward,4,32,0,0,0,0,0,0
t5gemma,space,44,M_h1,0,forward,5,32,0,0,0,0,0,0
t5gemma,space,44,M_h1,0,reverse,2,32,32,32,1,31,0,0
t5gemma,space,44,M_h1,0,reverse,3,32,0,0,0,0,0,0
t5gemma,space,44,M_h1,0,reverse,4,32,0,0,0,0,0,0
t5gemma,space,44,M_h1,0,reverse,5,32,0,0,0,0,0,0
t5gemma,space,44,M_h1,0,inverse,2,32,32,32,32,0,0,0
t5gemma,space,44,M_h1,0,inverse,3,32,0,0,0,0,0,0
t5gemma,space,44,M_h1,0,inverse,4,32,28,28,3,25,0,0
t5gemma,space,44,M_h1,0,inverse,5,32,0,0,0,0,0,0
t5gemma,space,44,M_h1,2,forward,2,32,0,0,0,0,0,0
t5gemma,space,44,M_h1,2,forward,3,32,0,0,0,0,0,0
t5gemma,space,44,M_h1,2,forward,4,32,0,0,0,0,0,0
t5gemma,space,44,M_h1,2,forward,5,32,0,0,0,0,0,0
t5gemma,space,44,M_h1,2,reverse,2,32,0,0,0,0,0,0
t5gemma,space,44,M_h1,2,reverse,3,32,0,0,0,0,0,0
t5gemma,space,44,M_h1,2,reverse,4,32,0,0,0,0,0,0
t5gemma,space,44,M_h1,2,reverse,5,32,0,0,0,0,0,0
t5gemma,space,44,M_h1,2,inverse,2,32,0,0,0,0,0,0
t5gemma,space,44,M_h1,2,inverse,3,32,0,0,0,0,0,0
t5gemma,space,44,M_h1,2,inverse,4,32,0,0,0,0,0,0
t5gemma,space,44,M_h1,2,inverse,5,32,0,0,0,0,0,0
t5gemma,space,44,P,0,forward,2,32,32,32,9,23,0,0
t5gemma,space,44,P,0,forward,3,32,0,0,0,0,0,0
t5gemma,space,44,P,0,forward,4,32,0,0,0,0,0,0
t5gemma,space,44,P,0,forward,5,32,0,0,0,0,0,0
t5gemma,space,44,P,0,reverse,2,32,32,32,0,32,0,0
t5gemma,space,44,P,0,reverse,3,32,0,0,0,0,0,0
t5gemma,space,44,P,0,reverse,4,32,0,0,0,0,0,0
t5gemma,space,44,P,0,reverse,5,32,0,0,0,0,0,0
t5gemma,space,44,P,0,inverse,2,32,32,32,0,32,0,0
t5gemma,space,44,P,0,inverse,3,32,0,0,0,0,0,0
t5gemma,space,44,P,0,inverse,4,32,0,0,0,0,0,0
t5gemma,space,44,P,0,inverse,5,32,0,0,0,0,0,0
t5gemma,space,44,P,2,forward,2,32,0,0,0,0,0,0
t5gemma,space,44,P,2,forward,3,32,0,0,0,0,0,0
t5gemma,space,44,P,2,forward,4,32,0,0,0,0,0,0
t5gemma,space,44,P,2,forward,5,32,0,0,0,0,0,0
t5gemma,space,44,P,2,reverse,2,32,0,0,0,0,0,0
t5gemma,space,44,P,2,reverse,3,32,0,0,0,0,0,0
t5gemma,space,44,P,2,reverse,4,32,0,0,0,0,0,0
t5gemma,space,44,P,2,reverse,5,32,0,0,0,0,0,0
t5gemma,space,44,P,2,inverse,2,32,0,0,0,0,0,0
t5gemma,space,44,P,2,inverse,3,32,0,0,0,0,0,0
t5gemma,space,44,P,2,inverse,4,32,0,0,0,0,0,0
t5gemma,space,44,P,2,inverse,5,32,0,0,0,0,0,0
t5gemma,space,44,M_h0,0,forward,2,32,32,32,32,0,0,0
t5gemma,space,44,M_h0,0,forward,3,32,0,0,0,0,0,0
t5gemma,space,44,M_h0,0,forward,4,32,0,0,0,0,0,0
t5gemma,space,44,M_h0,0,forward,5,32,0,0,0,0,0,0
t5gemma,space,44,M_h0,0,reverse,2,32,32,32,26,6,0,0
t5gemma,space,44,M_h0,0,reverse,3,32,0,0,0,0,0,0
t5gemma,space,44,M_h0,0,reverse,4,32,0,0,0,0,0,0
t5gemma,space,44,M_h0,0,reverse,5,32,0,0,0,0,0,0
t5gemma,space,44,M_h0,0,inverse,2,32,32,32,32,0,0,0
t5gemma,space,44,M_h0,0,inverse,3,32,0,0,0,0,0,0
t5gemma,space,44,M_h0,0,inverse,4,32,21,21,0,21,0,0
t5gemma,space,44,M_h0,0,inverse,5,32,0,0,0,0,0,0
t5gemma,space,44,M_h0,2,forward,2,32,0,0,0,0,0,0
t5gemma,space,44,M_h0,2,forward,3,32,0,0,0,0,0,0
t5gemma,space,44,M_h0,2,forward,4,32,0,0,0,0,0,0
t5gemma,space,44,M_h0,2,forward,5,32,0,0,0,0,0,0
t5gemma,space,44,M_h0,2,reverse,2,32,0,0,0,0,0,0
t5gemma,space,44,M_h0,2,reverse,3,32,0,0,0,0,0,0
t5gemma,space,44,M_h0,2,reverse,4,32,0,0,0,0,0,0
t5gemma,space,44,M_h0,2,reverse,5,32,0,0,0,0,0,0
t5gemma,space,44,M_h0,2,inverse,2,32,0,0,0,0,0,0
t5gemma,space,44,M_h0,2,inverse,3,32,0,0,0,0,0,0
t5gemma,space,44,M_h0,2,inverse,4,32,0,0,0,0,0,0
t5gemma,space,44,M_h0,2,inverse,5,32,0,0,0,0,0,0
t5gemma,space,44,S_h0,0,forward,2,32,32,32,21,11,0,0
t5gemma,space,44,S_h0,0,forward,3,32,0,0,0,0,0,0
t5gemma,space,44,S_h0,0,forward,4,32,0,0,0,0,0,0
t5gemma,space,44,S_h0,0,forward,5,32,0,0,0,0,0,0
t5gemma,space,44,S_h0,0,reverse,2,32,32,32,32,0,0,0
t5gemma,space,44,S_h0,0,reverse,3,32,0,0,0,0,0,0
t5gemma,space,44,S_h0,0,reverse,4,32,0,0,0,0,0,0
t5gemma,space,44,S_h0,0,reverse,5,32,0,0,0,0,0,0
t5gemma,space,44,S_h0,0,inverse,2,32,32,32,32,0,0,0
t5gemma,space,44,S_h0,0,inverse,3,32,0,0,0,0,0,0
t5gemma,space,44,S_h0,0,inverse,4,32,28,28,0,28,0,0
t5gemma,space,44,S_h0,0,inverse,5,32,0,0,0,0,0,0
t5gemma,space,44,S_h0,2,forward,2,32,0,0,0,0,0,0
t5gemma,space,44,S_h0,2,forward,3,32,0,0,0,0,0,0
t5gemma,space,44,S_h0,2,forward,4,32,0,0,0,0,0,0
t5gemma,space,44,S_h0,2,forward,5,32,0,0,0,0,0,0
t5gemma,space,44,S_h0,2,reverse,2,32,0,0,0,0,0,0
t5gemma,space,44,S_h0,2,reverse,3,32,0,0,0,0,0,0
t5gemma,space,44,S_h0,2,reverse,4,32,0,0,0,0,0,0
t5gemma,space,44,S_h0,2,reverse,5,32,0,0,0,0,0,0
t5gemma,space,44,S_h0,2,inverse,2,32,0,0,0,0,0,0
t5gemma,space,44,S_h0,2,inverse,3,32,0,0,0,0,0,0
t5gemma,space,44,S_h0,2,inverse,4,32,0,0,0,0,0,0
t5gemma,space,44,S_h0,2,inverse,5,32,0,0,0,0,0,0
t5gemma,space,44,N_h0,0,forward,2,32,32,32,16,16,0,0
t5gemma,space,44,N_h0,0,forward,3,32,0,0,0,0,0,0
t5gemma,space,44,N_h0,0,forward,4,32,0,0,0,0,0,0
t5gemma,space,44,N_h0,0,forward,5,32,0,0,0,0,0,0
t5gemma,space,44,N_h0,0,reverse,2,32,32,32,0,32,0,0
t5gemma,space,44,N_h0,0,reverse,3,32,0,0,0,0,0,0
t5gemma,space,44,N_h0,0,reverse,4,32,0,0,0,0,0,0
t5gemma,space,44,N_h0,0,reverse,5,32,0,0,0,0,0,0
t5gemma,space,44,N_h0,0,inverse,2,32,32,32,15,17,0,0
t5gemma,space,44,N_h0,0,inverse,3,32,0,0,0,0,0,0
t5gemma,space,44,N_h0,0,inverse,4,32,0,0,0,0,0,0
t5gemma,space,44,N_h0,0,inverse,5,32,0,0,0,0,0,0
t5gemma,space,44,N_h0,2,forward,2,32,0,0,0,0,0,0
t5gemma,space,44,N_h0,2,forward,3,32,0,0,0,0,0,0
t5gemma,space,44,N_h0,2,forward,4,32,0,0,0,0,0,0
t5gemma,space,44,N_h0,2,forward,5,32,0,0,0,0,0,0
t5gemma,space,44,N_h0,2,reverse,2,32,0,0,0,0,0,0
t5gemma,space,44,N_h0,2,reverse,3,32,0,0,0,0,0,0
t5gemma,space,44,N_h0,2,reverse,4,32,0,0,0,0,0,0
t5gemma,space,44,N_h0,2,reverse,5,32,0,0,0,0,0,0
t5gemma,space,44,N_h0,2,inverse,2,32,0,0,0,0,0,0
t5gemma,space,44,N_h0,2,inverse,3,32,0,0,0,0,0,0
t5gemma,space,44,N_h0,2,inverse,4,32,0,0,0,0,0,0
t5gemma,space,44,N_h0,2,inverse,5,32,0,0,0,0,0,0
t5gemma,space,44,N_h1,0,forward,2,32,32,32,16,16,0,0
t5gemma,space,44,N_h1,0,forward,3,32,0,0,0,0,0,0
t5gemma,space,44,N_h1,0,forward,4,32,0,0,0,0,0,0
t5gemma,space,44,N_h1,0,forward,5,32,0,0,0,0,0,0
t5gemma,space,44,N_h1,0,reverse,2,32,15,15,15,0,0,0
t5gemma,space,44,N_h1,0,reverse,3,32,0,0,0,0,0,0
t5gemma,space,44,N_h1,0,reverse,4,32,0,0,0,0,0,0
t5gemma,space,44,N_h1,0,reverse,5,32,0,0,0,0,0,0
t5gemma,space,44,N_h1,0,inverse,2,32,32,32,32,0,0,0
t5gemma,space,44,N_h1,0,inverse,3,32,0,0,0,0,0,0
t5gemma,space,44,N_h1,0,inverse,4,32,0,0,0,0,0,0
t5gemma,space,44,N_h1,0,inverse,5,32,0,0,0,0,0,0
t5gemma,space,44,N_h1,2,forward,2,32,0,0,0,0,0,0
t5gemma,space,44,N_h1,2,forward,3,32,0,0,0,0,0,0
t5gemma,space,44,N_h1,2,forward,4,32,0,0,0,0,0,0
t5gemma,space,44,N_h1,2,forward,5,32,0,0,0,0,0,0
t5gemma,space,44,N_h1,2,reverse,2,32,0,0,0,0,0,0
t5gemma,space,44,N_h1,2,reverse,3,32,0,0,0,0,0,0
t5gemma,space,44,N_h1,2,reverse,4,32,0,0,0,0,0,0
t5gemma,space,44,N_h1,2,reverse,5,32,0,0,0,0,0,0
t5gemma,space,44,N_h1,2,inverse,2,32,0,0,0,0,0,0
t5gemma,space,44,N_h1,2,inverse,3,32,0,0,0,0,0,0
t5gemma,space,44,N_h1,2,inverse,4,32,0,0,0,0,0,0
t5gemma,space,44,N_h1,2,inverse,5,32,0,0,0,0,0,0
t5gemma,space,44,S_h1,0,forward,2,32,32,32,32,0,0,0
t5gemma,space,44,S_h1,0,forward,3,32,0,0,0,0,0,0
t5gemma,space,44,S_h1,0,forward,4,32,0,0,0,0,0,0
t5gemma,space,44,S_h1,0,forward,5,32,0,0,0,0,0,0
t5gemma,space,44,S_h1,0,reverse,2,32,32,32,32,0,0,0
t5gemma,space,44,S_h1,0,reverse,3,32,0,0,0,0,0,0
t5gemma,space,44,S_h1,0,reverse,4,32,0,0,0,0,0,0
t5gemma,space,44,S_h1,0,reverse,5,32,0,0,0,0,0,0
t5gemma,space,44,S_h1,0,inverse,2,32,32,32,32,0,0,0
t5gemma,space,44,S_h1,0,inverse,3,32,0,0,0,0,0,0
t5gemma,space,44,S_h1,0,inverse,4,32,5,5,0,5,0,0
t5gemma,space,44,S_h1,0,inverse,5,32,0,0,0,0,0,0
t5gemma,space,44,S_h1,2,forward,2,32,0,0,0,0,0,0
t5gemma,space,44,S_h1,2,forward,3,32,0,0,0,0,0,0
t5gemma,space,44,S_h1,2,forward,4,32,0,0,0,0,0,0
t5gemma,space,44,S_h1,2,forward,5,32,0,0,0,0,0,0
t5gemma,space,44,S_h1,2,reverse,2,32,0,0,0,0,0,0
t5gemma,space,44,S_h1,2,reverse,3,32,0,0,0,0,0,0
t5gemma,space,44,S_h1,2,reverse,4,32,0,0,0,0,0,0
t5gemma,space,44,S_h1,2,reverse,5,32,0,0,0,0,0,0
t5gemma,space,44,S_h1,2,inverse,2,32,0,0,0,0,0,0
t5gemma,space,44,S_h1,2,inverse,3,32,0,0,0,0,0,0
t5gemma,space,44,S_h1,2,inverse,4,32,0,0,0,0,0,0
t5gemma,space,44,S_h1,2,inverse,5,32,0,0,0,0,0,0
