model,domain,seed,condition,error,n
bart,time,42,M_h0,controlled_grammar_invalid,250
bart,time,42,M_h0,current_correct_next_target_wrong,690
bart,time,42,M_h0,current_text_already_wrong,829
bart,time,42,M_h0,historical_quote_scope,384
bart,time,42,M_h0,non_target_changed,95
bart,time,42,M_h0,target_wrong,1158
bart,time,42,M_h0,unresolved_parse,576
bart,time,42,M_h1,controlled_grammar_invalid,325
bart,time,42,M_h1,current_correct_next_target_wrong,693
bart,time,42,M_h1,current_text_already_wrong,829
bart,time,42,M_h1,historical_quote_scope,384
bart,time,42,M_h1,non_target_changed,25
bart,time,42,M_h1,target_wrong,1214
bart,time,42,M_h1,unresolved_parse,519
bart,time,42,N_h0,controlled_grammar_invalid,107
bart,time,42,N_h0,current_correct_next_target_wrong,14
bart,time,42,N_h0,current_text_already_wrong,829
bart,time,42,N_h0,historical_quote_scope,384
bart,time,42,N_h0,non_target_changed,45
bart,time,42,N_h0,target_wrong,1046
bart,time,42,N_h0,unresolved_parse,2225
bart,time,42,N_h1,controlled_grammar_invalid,79
bart,time,42,N_h1,current_correct_next_target_wrong,1
bart,time,42,N_h1,current_text_already_wrong,829
bart,time,42,N_h1,historical_quote_scope,384
bart,time,42,N_h1,non_target_changed,83
bart,time,42,N_h1,target_wrong,1136
bart,time,42,N_h1,unresolved_parse,2241
bart,time,42,P,controlled_grammar_invalid,283
bart,time,42,P,current_correct_next_target_wrong,4
bart,time,42,P,current_text_already_wrong,1658
bart,time,42,P,historical_quote_scope,382
bart,time,42,P,non_target_changed,41
bart,time,42,P,target_wrong,937
bart,time,42,P,unresolved_parse,3714
bart,time,42,S_h0,controlled_grammar_invalid,361
bart,time,42,S_h0,current_correct_next_target_wrong,823
bart,time,42,S_h0,current_text_already_wrong,829
bart,time,42,S_h0,historical_quote_scope,384
bart,time,42,S_h0,non_target_changed,126
bart,time,42,S_h0,target_wrong,1055
bart,time,42,S_h0,unresolved_parse,721
bart,time,42,S_h1,controlled_grammar_invalid,276
bart,time,42,S_h1,current_correct_next_target_wrong,809
bart,time,42,S_h1,current_text_already_wrong,829
bart,time,42,S_h1,historical_quote_scope,384
bart,time,42,S_h1,non_target_changed,119
bart,time,42,S_h1,target_wrong,1162
bart,time,42,S_h1,unresolved_parse,753
bart,time,43,N_h0,controlled_grammar_invalid,77
bart,time,43,N_h0,current_correct_next_target_wrong,4
bart,time,43,N_h0,current_text_already_wrong,780
bart,time,43,N_h0,historical_quote_scope,366
bart,time,43,N_h0,target_wrong,1026
bart,time,43,N_h0,unresolved_parse,2284
bart,time,43,P,controlled_grammar_invalid,78
bart,time,43,P,current_text_already_wrong,1560
bart,time,43,P,historical_quote_scope,351
bart,time,43,P,target_wrong,1028
bart,time,43,P,unresolved_parse,3819
bart,time,43,S_h0,controlled_grammar_invalid,65
bart,time,43,S_h0,historical_quote_scope,384
bart,time,43,S_h0,target_wrong,1113
bart,time,43,S_h0,unresolved_parse,570
