study,model,domain,seed,condition,shard,cohort,candidates,matched,worlds
four_domain_state_coverage_v1,bart,person,42,M_h0,matrix_h0_t0,normalized_fulltext,192,192,32
four_domain_state_coverage_v1,bart,person,42,M_h0,matrix_h0_t0,literal_fulltext,192,192,32
four_domain_state_coverage_v1,bart,person,42,M_h0,matrix_h0_t2,normalized_fulltext,192,20,9
four_domain_state_coverage_v1,bart,person,42,M_h0,matrix_h0_t2,literal_fulltext,192,20,9
four_domain_state_coverage_v1,bart,person,42,M_h1,matrix_h1_t0,normalized_fulltext,192,192,32
four_domain_state_coverage_v1,bart,person,42,M_h1,matrix_h1_t0,literal_fulltext,192,192,32
four_domain_state_coverage_v1,bart,person,42,M_h1,matrix_h1_t2,normalized_fulltext,192,20,9
four_domain_state_coverage_v1,bart,person,42,M_h1,matrix_h1_t2,literal_fulltext,192,20,9
four_domain_state_coverage_v1,bart,person,42,N_h0,matrix_h0_t0,normalized_fulltext,192,192,32
four_domain_state_coverage_v1,bart,person,42,N_h0,matrix_h0_t0,literal_fulltext,192,192,32
four_domain_state_coverage_v1,bart,person,42,N_h0,matrix_h0_t2,normalized_fulltext,192,20,9
four_domain_state_coverage_v1,bart,person,42,N_h0,matrix_h0_t2,literal_fulltext,192,20,9
four_domain_state_coverage_v1,bart,person,42,N_h1,matrix_h1_t0,normalized_fulltext,192,192,32
four_domain_state_coverage_v1,bart,person,42,N_h1,matrix_h1_t0,literal_fulltext,192,192,32
four_domain_state_coverage_v1,bart,person,42,N_h1,matrix_h1_t2,normalized_fulltext,192,20,9
four_domain_state_coverage_v1,bart,person,42,N_h1,matrix_h1_t2,literal_fulltext,192,20,9
four_domain_state_coverage_v1,bart,person,42,P,matrix_h0_t0,normalized_fulltext,192,192,32
four_domain_state_coverage_v1,bart,person,42,P,matrix_h0_t0,literal_fulltext,192,192,32
four_domain_state_coverage_v1,bart,person,42,P,matrix_h0_t2,normalized_fulltext,192,20,9
four_domain_state_coverage_v1,bart,person,42,P,matrix_h0_t2,literal_fulltext,192,20,9
four_domain_state_coverage_v1,bart,person,42,P,matrix_h1_t0,normalized_fulltext,192,192,32
four_domain_state_coverage_v1,bart,person,42,P,matrix_h1_t0,literal_fulltext,192,192,32
four_domain_state_coverage_v1,bart,person,42,P,matrix_h1_t2,normalized_fulltext,192,20,9
four_domain_state_coverage_v1,bart,person,42,P,matrix_h1_t2,literal_fulltext,192,20,9
four_domain_state_coverage_v1,bart,person,42,S_h0,matrix_h0_t0,normalized_fulltext,192,192,32
four_domain_state_coverage_v1,bart,person,42,S_h0,matrix_h0_t0,literal_fulltext,192,192,32
four_domain_state_coverage_v1,bart,person,42,S_h0,matrix_h0_t2,normalized_fulltext,192,20,9
four_domain_state_coverage_v1,bart,person,42,S_h0,matrix_h0_t2,literal_fulltext,192,20,9
four_domain_state_coverage_v1,bart,person,42,S_h1,matrix_h1_t0,normalized_fulltext,192,192,32
four_domain_state_coverage_v1,bart,person,42,S_h1,matrix_h1_t0,literal_fulltext,192,192,32
four_domain_state_coverage_v1,bart,person,42,S_h1,matrix_h1_t2,normalized_fulltext,192,20,9
four_domain_state_coverage_v1,bart,person,42,S_h1,matrix_h1_t2,literal_fulltext,192,20,9
four_domain_state_coverage_v1,bart,person,43,M_h0,matrix_h0_t0,normalized_fulltext,192,192,32
four_domain_state_coverage_v1,bart,person,43,M_h0,matrix_h0_t0,literal_fulltext,192,192,32
four_domain_state_coverage_v1,bart,person,43,M_h0,matrix_h0_t2,normalized_fulltext,192,46,18
four_domain_state_coverage_v1,bart,person,43,M_h0,matrix_h0_t2,literal_fulltext,192,44,17
four_domain_state_coverage_v1,bart,person,43,M_h1,matrix_h1_t0,normalized_fulltext,192,192,32
four_domain_state_coverage_v1,bart,person,43,M_h1,matrix_h1_t0,literal_fulltext,192,192,32
four_domain_state_coverage_v1,bart,person,43,M_h1,matrix_h1_t2,normalized_fulltext,192,46,18
four_domain_state_coverage_v1,bart,person,43,M_h1,matrix_h1_t2,literal_fulltext,192,44,17
four_domain_state_coverage_v1,bart,person,43,N_h0,matrix_h0_t0,normalized_fulltext,192,192,32
four_domain_state_coverage_v1,bart,person,43,N_h0,matrix_h0_t0,literal_fulltext,192,192,32
four_domain_state_coverage_v1,bart,person,43,N_h0,matrix_h0_t2,normalized_fulltext,192,46,18
four_domain_state_coverage_v1,bart,person,43,N_h0,matrix_h0_t2,literal_fulltext,192,44,17
four_domain_state_coverage_v1,bart,person,43,N_h1,matrix_h1_t0,normalized_fulltext,192,192,32
four_domain_state_coverage_v1,bart,person,43,N_h1,matrix_h1_t0,literal_fulltext,192,192,32
four_domain_state_coverage_v1,bart,person,43,N_h1,matrix_h1_t2,normalized_fulltext,192,46,18
four_domain_state_coverage_v1,bart,person,43,N_h1,matrix_h1_t2,literal_fulltext,192,44,17
four_domain_state_coverage_v1,bart,person,43,P,matrix_h0_t0,normalized_fulltext,192,192,32
four_domain_state_coverage_v1,bart,person,43,P,matrix_h0_t0,literal_fulltext,192,192,32
four_domain_state_coverage_v1,bart,person,43,P,matrix_h0_t2,normalized_fulltext,192,46,18
four_domain_state_coverage_v1,bart,person,43,P,matrix_h0_t2,literal_fulltext,192,44,17
four_domain_state_coverage_v1,bart,person,43,P,matrix_h1_t0,normalized_fulltext,192,192,32
four_domain_state_coverage_v1,bart,person,43,P,matrix_h1_t0,literal_fulltext,192,192,32
four_domain_state_coverage_v1,bart,person,43,P,matrix_h1_t2,normalized_fulltext,192,46,18
four_domain_state_coverage_v1,bart,person,43,P,matrix_h1_t2,literal_fulltext,192,44,17
four_domain_state_coverage_v1,bart,person,43,S_h0,matrix_h0_t0,normalized_fulltext,192,192,32
four_domain_state_coverage_v1,bart,person,43,S_h0,matrix_h0_t0,literal_fulltext,192,192,32
four_domain_state_coverage_v1,bart,person,43,S_h0,matrix_h0_t2,normalized_fulltext,192,46,18
four_domain_state_coverage_v1,bart,person,43,S_h0,matrix_h0_t2,literal_fulltext,192,44,17
four_domain_state_coverage_v1,bart,person,43,S_h1,matrix_h1_t0,normalized_fulltext,192,192,32
four_domain_state_coverage_v1,bart,person,43,S_h1,matrix_h1_t0,literal_fulltext,192,192,32
four_domain_state_coverage_v1,bart,person,43,S_h1,matrix_h1_t2,normalized_fulltext,192,46,18
four_domain_state_coverage_v1,bart,person,43,S_h1,matrix_h1_t2,literal_fulltext,192,44,17
four_domain_state_coverage_v1,bart,person,44,M_h0,matrix_h0_t0,normalized_fulltext,192,192,32
four_domain_state_coverage_v1,bart,person,44,M_h0,matrix_h0_t0,literal_fulltext,192,192,32
four_domain_state_coverage_v1,bart,person,44,M_h0,matrix_h0_t2,normalized_fulltext,192,48,21
four_domain_state_coverage_v1,bart,person,44,M_h0,matrix_h0_t2,literal_fulltext,192,48,21
four_domain_state_coverage_v1,bart,person,44,M_h1,matrix_h1_t0,normalized_fulltext,192,192,32
four_domain_state_coverage_v1,bart,person,44,M_h1,matrix_h1_t0,literal_fulltext,192,192,32
four_domain_state_coverage_v1,bart,person,44,M_h1,matrix_h1_t2,normalized_fulltext,192,48,21
four_domain_state_coverage_v1,bart,person,44,M_h1,matrix_h1_t2,literal_fulltext,192,48,21
four_domain_state_coverage_v1,bart,person,44,N_h0,matrix_h0_t0,normalized_fulltext,192,192,32
four_domain_state_coverage_v1,bart,person,44,N_h0,matrix_h0_t0,literal_fulltext,192,192,32
four_domain_state_coverage_v1,bart,person,44,N_h0,matrix_h0_t2,normalized_fulltext,192,48,21
four_domain_state_coverage_v1,bart,person,44,N_h0,matrix_h0_t2,literal_fulltext,192,48,21
four_domain_state_coverage_v1,bart,person,44,N_h1,matrix_h1_t0,normalized_fulltext,192,192,32
four_domain_state_coverage_v1,bart,person,44,N_h1,matrix_h1_t0,literal_fulltext,192,192,32
four_domain_state_coverage_v1,bart,person,44,N_h1,matrix_h1_t2,normalized_fulltext,192,48,21
four_domain_state_coverage_v1,bart,person,44,N_h1,matrix_h1_t2,literal_fulltext,192,48,21
four_domain_state_coverage_v1,bart,person,44,P,matrix_h0_t0,normalized_fulltext,192,192,32
four_domain_state_coverage_v1,bart,person,44,P,matrix_h0_t0,literal_fulltext,192,192,32
four_domain_state_coverage_v1,bart,person,44,P,matrix_h0_t2,normalized_fulltext,192,48,21
four_domain_state_coverage_v1,bart,person,44,P,matrix_h0_t2,literal_fulltext,192,48,21
four_domain_state_coverage_v1,bart,person,44,P,matrix_h1_t0,normalized_fulltext,192,192,32
four_domain_state_coverage_v1,bart,person,44,P,matrix_h1_t0,literal_fulltext,192,192,32
four_domain_state_coverage_v1,bart,person,44,P,matrix_h1_t2,normalized_fulltext,192,48,21
four_domain_state_coverage_v1,bart,person,44,P,matrix_h1_t2,literal_fulltext,192,48,21
four_domain_state_coverage_v1,bart,person,44,S_h0,matrix_h0_t0,normalized_fulltext,192,192,32
four_domain_state_coverage_v1,bart,person,44,S_h0,matrix_h0_t0,literal_fulltext,192,192,32
four_domain_state_coverage_v1,bart,person,44,S_h0,matrix_h0_t2,normalized_fulltext,192,48,21
four_domain_state_coverage_v1,bart,person,44,S_h0,matrix_h0_t2,literal_fulltext,192,48,21
four_domain_state_coverage_v1,bart,person,44,S_h1,matrix_h1_t0,normalized_fulltext,192,192,32
four_domain_state_coverage_v1,bart,person,44,S_h1,matrix_h1_t0,literal_fulltext,192,192,32
four_domain_state_coverage_v1,bart,person,44,S_h1,matrix_h1_t2,normalized_fulltext,192,48,21
four_domain_state_coverage_v1,bart,person,44,S_h1,matrix_h1_t2,literal_fulltext,192,48,21
four_domain_state_coverage_v1,bart,time,42,M_h0,matrix_h0_t0,normalized_fulltext,384,384,32
four_domain_state_coverage_v1,bart,time,42,M_h0,matrix_h0_t0,literal_fulltext,384,384,32
four_domain_state_coverage_v1,bart,time,42,M_h0,matrix_h0_t2,normalized_fulltext,384,96,32
four_domain_state_coverage_v1,bart,time,42,M_h0,matrix_h0_t2,literal_fulltext,384,96,32
four_domain_state_coverage_v1,bart,time,42,M_h1,matrix_h1_t0,normalized_fulltext,384,384,32
four_domain_state_coverage_v1,bart,time,42,M_h1,matrix_h1_t0,literal_fulltext,384,384,32
four_domain_state_coverage_v1,bart,time,42,M_h1,matrix_h1_t2,normalized_fulltext,384,96,32
four_domain_state_coverage_v1,bart,time,42,M_h1,matrix_h1_t2,literal_fulltext,384,96,32
four_domain_state_coverage_v1,bart,time,42,N_h0,matrix_h0_t0,normalized_fulltext,384,384,32
four_domain_state_coverage_v1,bart,time,42,N_h0,matrix_h0_t0,literal_fulltext,384,384,32
four_domain_state_coverage_v1,bart,time,42,N_h0,matrix_h0_t2,normalized_fulltext,384,96,32
four_domain_state_coverage_v1,bart,time,42,N_h0,matrix_h0_t2,literal_fulltext,384,96,32
four_domain_state_coverage_v1,bart,time,42,N_h1,matrix_h1_t0,normalized_fulltext,384,384,32
four_domain_state_coverage_v1,bart,time,42,N_h1,matrix_h1_t0,literal_fulltext,384,384,32
four_domain_state_coverage_v1,bart,time,42,N_h1,matrix_h1_t2,normalized_fulltext,384,96,32
four_domain_state_coverage_v1,bart,time,42,N_h1,matrix_h1_t2,literal_fulltext,384,96,32
four_domain_state_coverage_v1,bart,time,42,P,matrix_h0_t0,normalized_fulltext,384,384,32
four_domain_state_coverage_v1,bart,time,42,P,matrix_h0_t0,literal_fulltext,384,384,32
four_domain_state_coverage_v1,bart,time,42,P,matrix_h0_t2,normalized_fulltext,384,96,32
four_domain_state_coverage_v1,bart,time,42,P,matrix_h0_t2,literal_fulltext,384,96,32
four_domain_state_coverage_v1,bart,time,42,P,matrix_h1_t0,normalized_fulltext,384,384,32
four_domain_state_coverage_v1,bart,time,42,P,matrix_h1_t0,literal_fulltext,384,384,32
four_domain_state_coverage_v1,bart,time,42,P,matrix_h1_t2,normalized_fulltext,384,96,32
four_domain_state_coverage_v1,bart,time,42,P,matrix_h1_t2,literal_fulltext,384,96,32
four_domain_state_coverage_v1,bart,time,42,S_h0,matrix_h0_t0,normalized_fulltext,384,384,32
four_domain_state_coverage_v1,bart,time,42,S_h0,matrix_h0_t0,literal_fulltext,384,384,32
four_domain_state_coverage_v1,bart,time,42,S_h0,matrix_h0_t2,normalized_fulltext,384,96,32
four_domain_state_coverage_v1,bart,time,42,S_h0,matrix_h0_t2,literal_fulltext,384,96,32
four_domain_state_coverage_v1,bart,time,42,S_h1,matrix_h1_t0,normalized_fulltext,384,384,32
four_domain_state_coverage_v1,bart,time,42,S_h1,matrix_h1_t0,literal_fulltext,384,384,32
four_domain_state_coverage_v1,bart,time,42,S_h1,matrix_h1_t2,normalized_fulltext,384,96,32
four_domain_state_coverage_v1,bart,time,42,S_h1,matrix_h1_t2,literal_fulltext,384,96,32
four_domain_state_coverage_v1,bart,time,43,M_h0,matrix_h0_t0,normalized_fulltext,384,384,32
four_domain_state_coverage_v1,bart,time,43,M_h0,matrix_h0_t0,literal_fulltext,384,384,32
four_domain_state_coverage_v1,bart,time,43,M_h0,matrix_h0_t2,normalized_fulltext,384,116,30
four_domain_state_coverage_v1,bart,time,43,M_h0,matrix_h0_t2,literal_fulltext,384,116,30
four_domain_state_coverage_v1,bart,time,43,M_h1,matrix_h1_t0,normalized_fulltext,384,384,32
four_domain_state_coverage_v1,bart,time,43,M_h1,matrix_h1_t0,literal_fulltext,384,384,32
four_domain_state_coverage_v1,bart,time,43,M_h1,matrix_h1_t2,normalized_fulltext,384,116,30
four_domain_state_coverage_v1,bart,time,43,M_h1,matrix_h1_t2,literal_fulltext,384,116,30
four_domain_state_coverage_v1,bart,time,43,N_h0,matrix_h0_t0,normalized_fulltext,384,384,32
four_domain_state_coverage_v1,bart,time,43,N_h0,matrix_h0_t0,literal_fulltext,384,384,32
four_domain_state_coverage_v1,bart,time,43,N_h0,matrix_h0_t2,normalized_fulltext,384,116,30
four_domain_state_coverage_v1,bart,time,43,N_h0,matrix_h0_t2,literal_fulltext,384,116,30
four_domain_state_coverage_v1,bart,time,43,N_h1,matrix_h1_t0,normalized_fulltext,384,384,32
four_domain_state_coverage_v1,bart,time,43,N_h1,matrix_h1_t0,literal_fulltext,384,384,32
four_domain_state_coverage_v1,bart,time,43,N_h1,matrix_h1_t2,normalized_fulltext,384,116,30
four_domain_state_coverage_v1,bart,time,43,N_h1,matrix_h1_t2,literal_fulltext,384,116,30
four_domain_state_coverage_v1,bart,time,43,P,matrix_h0_t0,normalized_fulltext,384,384,32
four_domain_state_coverage_v1,bart,time,43,P,matrix_h0_t0,literal_fulltext,384,384,32
four_domain_state_coverage_v1,bart,time,43,P,matrix_h0_t2,normalized_fulltext,384,116,30
four_domain_state_coverage_v1,bart,time,43,P,matrix_h0_t2,literal_fulltext,384,116,30
four_domain_state_coverage_v1,bart,time,43,P,matrix_h1_t0,normalized_fulltext,384,384,32
four_domain_state_coverage_v1,bart,time,43,P,matrix_h1_t0,literal_fulltext,384,384,32
four_domain_state_coverage_v1,bart,time,43,P,matrix_h1_t2,normalized_fulltext,384,116,30
four_domain_state_coverage_v1,bart,time,43,P,matrix_h1_t2,literal_fulltext,384,116,30
four_domain_state_coverage_v1,bart,time,43,S_h0,matrix_h0_t0,normalized_fulltext,384,384,32
four_domain_state_coverage_v1,bart,time,43,S_h0,matrix_h0_t0,literal_fulltext,384,384,32
four_domain_state_coverage_v1,bart,time,43,S_h0,matrix_h0_t2,normalized_fulltext,384,116,30
four_domain_state_coverage_v1,bart,time,43,S_h0,matrix_h0_t2,literal_fulltext,384,116,30
four_domain_state_coverage_v1,bart,time,43,S_h1,matrix_h1_t0,normalized_fulltext,384,384,32
four_domain_state_coverage_v1,bart,time,43,S_h1,matrix_h1_t0,literal_fulltext,384,384,32
four_domain_state_coverage_v1,bart,time,43,S_h1,matrix_h1_t2,normalized_fulltext,384,116,30
four_domain_state_coverage_v1,bart,time,43,S_h1,matrix_h1_t2,literal_fulltext,384,116,30
four_domain_state_coverage_v1,bart,time,44,M_h0,matrix_h0_t0,normalized_fulltext,384,384,32
four_domain_state_coverage_v1,bart,time,44,M_h0,matrix_h0_t0,literal_fulltext,384,384,32
four_domain_state_coverage_v1,bart,time,44,M_h0,matrix_h0_t2,normalized_fulltext,384,120,32
four_domain_state_coverage_v1,bart,time,44,M_h0,matrix_h0_t2,literal_fulltext,384,120,32
four_domain_state_coverage_v1,bart,time,44,M_h1,matrix_h1_t0,normalized_fulltext,384,384,32
four_domain_state_coverage_v1,bart,time,44,M_h1,matrix_h1_t0,literal_fulltext,384,384,32
four_domain_state_coverage_v1,bart,time,44,M_h1,matrix_h1_t2,normalized_fulltext,384,120,32
four_domain_state_coverage_v1,bart,time,44,M_h1,matrix_h1_t2,literal_fulltext,384,120,32
four_domain_state_coverage_v1,bart,time,44,N_h0,matrix_h0_t0,normalized_fulltext,384,384,32
four_domain_state_coverage_v1,bart,time,44,N_h0,matrix_h0_t0,literal_fulltext,384,384,32
four_domain_state_coverage_v1,bart,time,44,N_h0,matrix_h0_t2,normalized_fulltext,384,120,32
four_domain_state_coverage_v1,bart,time,44,N_h0,matrix_h0_t2,literal_fulltext,384,120,32
four_domain_state_coverage_v1,bart,time,44,N_h1,matrix_h1_t0,normalized_fulltext,384,384,32
four_domain_state_coverage_v1,bart,time,44,N_h1,matrix_h1_t0,literal_fulltext,384,384,32
four_domain_state_coverage_v1,bart,time,44,N_h1,matrix_h1_t2,normalized_fulltext,384,120,32
four_domain_state_coverage_v1,bart,time,44,N_h1,matrix_h1_t2,literal_fulltext,384,120,32
four_domain_state_coverage_v1,bart,time,44,P,matrix_h0_t0,normalized_fulltext,384,384,32
four_domain_state_coverage_v1,bart,time,44,P,matrix_h0_t0,literal_fulltext,384,384,32
four_domain_state_coverage_v1,bart,time,44,P,matrix_h0_t2,normalized_fulltext,384,120,32
four_domain_state_coverage_v1,bart,time,44,P,matrix_h0_t2,literal_fulltext,384,120,32
four_domain_state_coverage_v1,bart,time,44,P,matrix_h1_t0,normalized_fulltext,384,384,32
four_domain_state_coverage_v1,bart,time,44,P,matrix_h1_t0,literal_fulltext,384,384,32
four_domain_state_coverage_v1,bart,time,44,P,matrix_h1_t2,normalized_fulltext,384,120,32
four_domain_state_coverage_v1,bart,time,44,P,matrix_h1_t2,literal_fulltext,384,120,32
four_domain_state_coverage_v1,bart,time,44,S_h0,matrix_h0_t0,normalized_fulltext,384,384,32
four_domain_state_coverage_v1,bart,time,44,S_h0,matrix_h0_t0,literal_fulltext,384,384,32
four_domain_state_coverage_v1,bart,time,44,S_h0,matrix_h0_t2,normalized_fulltext,384,120,32
four_domain_state_coverage_v1,bart,time,44,S_h0,matrix_h0_t2,literal_fulltext,384,120,32
four_domain_state_coverage_v1,bart,time,44,S_h1,matrix_h1_t0,normalized_fulltext,384,384,32
four_domain_state_coverage_v1,bart,time,44,S_h1,matrix_h1_t0,literal_fulltext,384,384,32
four_domain_state_coverage_v1,bart,time,44,S_h1,matrix_h1_t2,normalized_fulltext,384,120,32
four_domain_state_coverage_v1,bart,time,44,S_h1,matrix_h1_t2,literal_fulltext,384,120,32
four_domain_state_coverage_v1,t5gemma,space,42,M_h0,matrix_h0_t0,normalized_fulltext,256,256,32
four_domain_state_coverage_v1,t5gemma,space,42,M_h0,matrix_h0_t0,literal_fulltext,256,256,32
four_domain_state_coverage_v1,t5gemma,space,42,M_h0,matrix_h0_t2,normalized_fulltext,256,0,0
four_domain_state_coverage_v1,t5gemma,space,42,M_h0,matrix_h0_t2,literal_fulltext,256,0,0
four_domain_state_coverage_v1,t5gemma,space,42,M_h1,matrix_h1_t0,normalized_fulltext,256,256,32
four_domain_state_coverage_v1,t5gemma,space,42,M_h1,matrix_h1_t0,literal_fulltext,256,256,32
four_domain_state_coverage_v1,t5gemma,space,42,M_h1,matrix_h1_t2,normalized_fulltext,256,0,0
four_domain_state_coverage_v1,t5gemma,space,42,M_h1,matrix_h1_t2,literal_fulltext,256,0,0
four_domain_state_coverage_v1,t5gemma,space,42,N_h0,matrix_h0_t0,normalized_fulltext,256,256,32
four_domain_state_coverage_v1,t5gemma,space,42,N_h0,matrix_h0_t0,literal_fulltext,256,256,32
four_domain_state_coverage_v1,t5gemma,space,42,N_h0,matrix_h0_t2,normalized_fulltext,256,0,0
four_domain_state_coverage_v1,t5gemma,space,42,N_h0,matrix_h0_t2,literal_fulltext,256,0,0
four_domain_state_coverage_v1,t5gemma,space,42,N_h1,matrix_h1_t0,normalized_fulltext,256,256,32
four_domain_state_coverage_v1,t5gemma,space,42,N_h1,matrix_h1_t0,literal_fulltext,256,256,32
four_domain_state_coverage_v1,t5gemma,space,42,N_h1,matrix_h1_t2,normalized_fulltext,256,0,0
four_domain_state_coverage_v1,t5gemma,space,42,N_h1,matrix_h1_t2,literal_fulltext,256,0,0
four_domain_state_coverage_v1,t5gemma,space,42,P,matrix_h0_t0,normalized_fulltext,256,256,32
four_domain_state_coverage_v1,t5gemma,space,42,P,matrix_h0_t0,literal_fulltext,256,256,32
four_domain_state_coverage_v1,t5gemma,space,42,P,matrix_h0_t2,normalized_fulltext,256,0,0
four_domain_state_coverage_v1,t5gemma,space,42,P,matrix_h0_t2,literal_fulltext,256,0,0
four_domain_state_coverage_v1,t5gemma,space,42,P,matrix_h1_t0,normalized_fulltext,256,256,32
four_domain_state_coverage_v1,t5gemma,space,42,P,matrix_h1_t0,literal_fulltext,256,256,32
four_domain_state_coverage_v1,t5gemma,space,42,P,matrix_h1_t2,normalized_fulltext,256,0,0
four_domain_state_coverage_v1,t5gemma,space,42,P,matrix_h1_t2,literal_fulltext,256,0,0
four_domain_state_coverage_v1,t5gemma,space,42,S_h0,matrix_h0_t0,normalized_fulltext,256,256,32
four_domain_state_coverage_v1,t5gemma,space,42,S_h0,matrix_h0_t0,literal_fulltext,256,256,32
four_domain_state_coverage_v1,t5gemma,space,42,S_h0,matrix_h0_t2,normalized_fulltext,256,0,0
four_domain_state_coverage_v1,t5gemma,space,42,S_h0,matrix_h0_t2,literal_fulltext,256,0,0
four_domain_state_coverage_v1,t5gemma,space,42,S_h1,matrix_h1_t0,normalized_fulltext,256,256,32
four_domain_state_coverage_v1,t5gemma,space,42,S_h1,matrix_h1_t0,literal_fulltext,256,256,32
four_domain_state_coverage_v1,t5gemma,space,42,S_h1,matrix_h1_t2,normalized_fulltext,256,0,0
four_domain_state_coverage_v1,t5gemma,space,42,S_h1,matrix_h1_t2,literal_fulltext,256,0,0
four_domain_state_coverage_v1,t5gemma,time,42,N_h0,matrix_h0_t0,normalized_fulltext,384,384,32
four_domain_state_coverage_v1,t5gemma,time,42,N_h0,matrix_h0_t0,literal_fulltext,384,384,32
four_domain_state_coverage_v1,t5gemma,time,42,N_h0,matrix_h0_t2,normalized_fulltext,384,192,32
four_domain_state_coverage_v1,t5gemma,time,42,N_h0,matrix_h0_t2,literal_fulltext,384,192,32
four_domain_state_coverage_v1,t5gemma,time,42,P,matrix_h0_t0,normalized_fulltext,384,384,32
four_domain_state_coverage_v1,t5gemma,time,42,P,matrix_h0_t0,literal_fulltext,384,384,32
four_domain_state_coverage_v1,t5gemma,time,42,P,matrix_h0_t2,normalized_fulltext,384,192,32
four_domain_state_coverage_v1,t5gemma,time,42,P,matrix_h0_t2,literal_fulltext,384,192,32
four_domain_state_coverage_v1,t5gemma,time,42,P,matrix_h1_t0,normalized_fulltext,384,384,32
four_domain_state_coverage_v1,t5gemma,time,42,P,matrix_h1_t0,literal_fulltext,384,384,32
four_domain_state_coverage_v1,t5gemma,time,42,P,matrix_h1_t2,normalized_fulltext,384,192,32
four_domain_state_coverage_v1,t5gemma,time,42,P,matrix_h1_t2,literal_fulltext,384,192,32
four_domain_state_coverage_v1,t5gemma,time,42,S_h0,matrix_h0_t0,normalized_fulltext,384,384,32
four_domain_state_coverage_v1,t5gemma,time,42,S_h0,matrix_h0_t0,literal_fulltext,384,384,32
four_domain_state_coverage_v1,t5gemma,time,42,S_h0,matrix_h0_t2,normalized_fulltext,384,192,32
four_domain_state_coverage_v1,t5gemma,time,42,S_h0,matrix_h0_t2,literal_fulltext,384,192,32
four_domain_state_coverage_v1,t5gemma,time,43,M_h0,matrix_h0_t0,normalized_fulltext,384,384,32
four_domain_state_coverage_v1,t5gemma,time,43,M_h0,matrix_h0_t0,literal_fulltext,384,384,32
four_domain_state_coverage_v1,t5gemma,time,43,M_h0,matrix_h0_t2,normalized_fulltext,384,186,32
four_domain_state_coverage_v1,t5gemma,time,43,M_h0,matrix_h0_t2,literal_fulltext,384,186,32
four_domain_state_coverage_v1,t5gemma,time,43,M_h1,matrix_h1_t0,normalized_fulltext,384,384,32
four_domain_state_coverage_v1,t5gemma,time,43,M_h1,matrix_h1_t0,literal_fulltext,384,384,32
four_domain_state_coverage_v1,t5gemma,time,43,M_h1,matrix_h1_t2,normalized_fulltext,384,186,32
four_domain_state_coverage_v1,t5gemma,time,43,M_h1,matrix_h1_t2,literal_fulltext,384,186,32
four_domain_state_coverage_v1,t5gemma,time,43,N_h0,matrix_h0_t0,normalized_fulltext,384,384,32
four_domain_state_coverage_v1,t5gemma,time,43,N_h0,matrix_h0_t0,literal_fulltext,384,384,32
four_domain_state_coverage_v1,t5gemma,time,43,N_h0,matrix_h0_t2,normalized_fulltext,384,186,32
four_domain_state_coverage_v1,t5gemma,time,43,N_h0,matrix_h0_t2,literal_fulltext,384,186,32
four_domain_state_coverage_v1,t5gemma,time,43,N_h1,matrix_h1_t0,normalized_fulltext,384,384,32
four_domain_state_coverage_v1,t5gemma,time,43,N_h1,matrix_h1_t0,literal_fulltext,384,384,32
four_domain_state_coverage_v1,t5gemma,time,43,N_h1,matrix_h1_t2,normalized_fulltext,384,186,32
four_domain_state_coverage_v1,t5gemma,time,43,N_h1,matrix_h1_t2,literal_fulltext,384,186,32
four_domain_state_coverage_v1,t5gemma,time,43,P,matrix_h0_t0,normalized_fulltext,384,384,32
four_domain_state_coverage_v1,t5gemma,time,43,P,matrix_h0_t0,literal_fulltext,384,384,32
four_domain_state_coverage_v1,t5gemma,time,43,P,matrix_h0_t2,normalized_fulltext,384,186,32
four_domain_state_coverage_v1,t5gemma,time,43,P,matrix_h0_t2,literal_fulltext,384,186,32
four_domain_state_coverage_v1,t5gemma,time,43,P,matrix_h1_t0,normalized_fulltext,384,384,32
four_domain_state_coverage_v1,t5gemma,time,43,P,matrix_h1_t0,literal_fulltext,384,384,32
four_domain_state_coverage_v1,t5gemma,time,43,P,matrix_h1_t2,normalized_fulltext,384,186,32
four_domain_state_coverage_v1,t5gemma,time,43,P,matrix_h1_t2,literal_fulltext,384,186,32
four_domain_state_coverage_v1,t5gemma,time,43,S_h0,matrix_h0_t0,normalized_fulltext,384,384,32
four_domain_state_coverage_v1,t5gemma,time,43,S_h0,matrix_h0_t0,literal_fulltext,384,384,32
four_domain_state_coverage_v1,t5gemma,time,43,S_h0,matrix_h0_t2,normalized_fulltext,384,186,32
four_domain_state_coverage_v1,t5gemma,time,43,S_h0,matrix_h0_t2,literal_fulltext,384,186,32
four_domain_state_coverage_v1,t5gemma,time,43,S_h1,matrix_h1_t0,normalized_fulltext,384,384,32
four_domain_state_coverage_v1,t5gemma,time,43,S_h1,matrix_h1_t0,literal_fulltext,384,384,32
four_domain_state_coverage_v1,t5gemma,time,43,S_h1,matrix_h1_t2,normalized_fulltext,384,186,32
four_domain_state_coverage_v1,t5gemma,time,43,S_h1,matrix_h1_t2,literal_fulltext,384,186,32
four_domain_state_coverage_v1,t5gemma,time,44,M_h0,matrix_h0_t0,normalized_fulltext,384,384,32
four_domain_state_coverage_v1,t5gemma,time,44,M_h0,matrix_h0_t0,literal_fulltext,384,384,32
four_domain_state_coverage_v1,t5gemma,time,44,N_h0,matrix_h0_t0,normalized_fulltext,384,384,32
four_domain_state_coverage_v1,t5gemma,time,44,N_h0,matrix_h0_t0,literal_fulltext,384,384,32
four_domain_state_coverage_v1,t5gemma,time,44,N_h0,matrix_h0_t2,normalized_fulltext,384,144,32
four_domain_state_coverage_v1,t5gemma,time,44,N_h0,matrix_h0_t2,literal_fulltext,384,144,32
four_domain_state_coverage_v1,t5gemma,time,44,P,matrix_h0_t0,normalized_fulltext,384,384,32
four_domain_state_coverage_v1,t5gemma,time,44,P,matrix_h0_t0,literal_fulltext,384,384,32
four_domain_state_coverage_v1,t5gemma,time,44,P,matrix_h0_t2,normalized_fulltext,384,144,32
four_domain_state_coverage_v1,t5gemma,time,44,P,matrix_h0_t2,literal_fulltext,384,144,32
four_domain_state_coverage_v1,t5gemma,time,44,P,matrix_h1_t0,normalized_fulltext,384,384,32
four_domain_state_coverage_v1,t5gemma,time,44,P,matrix_h1_t0,literal_fulltext,384,384,32
four_domain_state_coverage_v1,t5gemma,time,44,P,matrix_h1_t2,normalized_fulltext,384,144,32
four_domain_state_coverage_v1,t5gemma,time,44,P,matrix_h1_t2,literal_fulltext,384,144,32
four_domain_state_coverage_v1,t5gemma,time,44,S_h0,matrix_h0_t0,normalized_fulltext,384,384,32
four_domain_state_coverage_v1,t5gemma,time,44,S_h0,matrix_h0_t0,literal_fulltext,384,384,32
four_domain_state_coverage_v1,t5gemma,time,44,S_h0,matrix_h0_t2,normalized_fulltext,384,144,32
four_domain_state_coverage_v1,t5gemma,time,44,S_h0,matrix_h0_t2,literal_fulltext,384,144,32
