study,model,domain,seed,holdout_split,template,source,cohort,n,worlds,raw_S_k,raw_M_k,adjudicated_S_k,adjudicated_M_k,adjudicated_M_minus_S
four_domain_state_coverage_v1,t5gemma,space,42,0,0,P,original_fixed_cohort,64,32,64,64,64,64,0.0
four_domain_state_coverage_v1,t5gemma,space,42,0,0,P,posthoc_current_adjudicated_cohort,64,32,64,64,64,64,0.0
four_domain_state_coverage_v1,t5gemma,space,42,0,0,P,posthoc_current_adjudicated_literal_cohort,64,32,64,64,64,64,0.0
four_domain_state_coverage_v1,t5gemma,space,42,0,0,P,all_candidates,64,32,64,64,64,64,0.0
four_domain_state_coverage_v1,t5gemma,space,42,0,0,Q,original_fixed_cohort,64,32,64,64,64,64,0.0
four_domain_state_coverage_v1,t5gemma,space,42,0,0,Q,posthoc_current_adjudicated_cohort,64,32,64,64,64,64,0.0
four_domain_state_coverage_v1,t5gemma,space,42,0,0,Q,posthoc_current_adjudicated_literal_cohort,64,32,64,64,64,64,0.0
four_domain_state_coverage_v1,t5gemma,space,42,0,0,Q,all_candidates,64,32,64,64,64,64,0.0
four_domain_state_coverage_v1,t5gemma,space,42,0,0,U,original_fixed_cohort,64,32,59,64,59,64,0.078125
four_domain_state_coverage_v1,t5gemma,space,42,0,0,U,posthoc_current_adjudicated_cohort,64,32,59,64,59,64,0.078125
four_domain_state_coverage_v1,t5gemma,space,42,0,0,U,posthoc_current_adjudicated_literal_cohort,64,32,59,64,59,64,0.078125
four_domain_state_coverage_v1,t5gemma,space,42,0,0,U,all_candidates,64,32,59,64,59,64,0.078125
four_domain_state_coverage_v1,t5gemma,space,42,0,2,P,original_fixed_cohort,0,0,0,0,0,0,
four_domain_state_coverage_v1,t5gemma,space,42,0,2,P,posthoc_current_adjudicated_cohort,32,16,3,6,21,21,0.0
four_domain_state_coverage_v1,t5gemma,space,42,0,2,P,posthoc_current_adjudicated_literal_cohort,32,16,3,6,21,21,0.0
four_domain_state_coverage_v1,t5gemma,space,42,0,2,P,all_candidates,64,32,5,10,45,40,-0.078125
four_domain_state_coverage_v1,t5gemma,space,42,0,2,Q,original_fixed_cohort,0,0,0,0,0,0,
four_domain_state_coverage_v1,t5gemma,space,42,0,2,Q,posthoc_current_adjudicated_cohort,32,16,2,6,22,22,0.0
four_domain_state_coverage_v1,t5gemma,space,42,0,2,Q,posthoc_current_adjudicated_literal_cohort,32,16,2,6,22,22,0.0
four_domain_state_coverage_v1,t5gemma,space,42,0,2,Q,all_candidates,64,32,4,10,46,42,-0.0625
four_domain_state_coverage_v1,t5gemma,space,42,0,2,U,original_fixed_cohort,0,0,0,0,0,0,
four_domain_state_coverage_v1,t5gemma,space,42,0,2,U,posthoc_current_adjudicated_cohort,32,16,5,6,16,14,-0.0625
four_domain_state_coverage_v1,t5gemma,space,42,0,2,U,posthoc_current_adjudicated_literal_cohort,32,16,5,6,16,14,-0.0625
four_domain_state_coverage_v1,t5gemma,space,42,0,2,U,all_candidates,64,32,8,9,25,19,-0.09375
four_domain_state_coverage_v1,t5gemma,space,42,1,0,P,original_fixed_cohort,64,32,64,64,64,64,0.0
four_domain_state_coverage_v1,t5gemma,space,42,1,0,P,posthoc_current_adjudicated_cohort,64,32,64,64,64,64,0.0
four_domain_state_coverage_v1,t5gemma,space,42,1,0,P,posthoc_current_adjudicated_literal_cohort,64,32,64,64,64,64,0.0
four_domain_state_coverage_v1,t5gemma,space,42,1,0,P,all_candidates,64,32,64,64,64,64,0.0
four_domain_state_coverage_v1,t5gemma,space,42,1,0,Q,original_fixed_cohort,64,32,64,64,64,64,0.0
four_domain_state_coverage_v1,t5gemma,space,42,1,0,Q,posthoc_current_adjudicated_cohort,64,32,64,64,64,64,0.0
four_domain_state_coverage_v1,t5gemma,space,42,1,0,Q,posthoc_current_adjudicated_literal_cohort,64,32,64,64,64,64,0.0
four_domain_state_coverage_v1,t5gemma,space,42,1,0,Q,all_candidates,64,32,64,64,64,64,0.0
four_domain_state_coverage_v1,t5gemma,space,42,1,0,U,original_fixed_cohort,64,32,54,50,54,50,-0.0625
four_domain_state_coverage_v1,t5gemma,space,42,1,0,U,posthoc_current_adjudicated_cohort,64,32,54,50,54,50,-0.0625
four_domain_state_coverage_v1,t5gemma,space,42,1,0,U,posthoc_current_adjudicated_literal_cohort,64,32,54,50,54,50,-0.0625
four_domain_state_coverage_v1,t5gemma,space,42,1,0,U,all_candidates,64,32,54,50,54,50,-0.0625
four_domain_state_coverage_v1,t5gemma,space,42,1,2,P,original_fixed_cohort,0,0,0,0,0,0,
four_domain_state_coverage_v1,t5gemma,space,42,1,2,P,posthoc_current_adjudicated_cohort,32,16,18,19,28,27,-0.03125
four_domain_state_coverage_v1,t5gemma,space,42,1,2,P,posthoc_current_adjudicated_literal_cohort,32,16,18,19,28,27,-0.03125
four_domain_state_coverage_v1,t5gemma,space,42,1,2,P,all_candidates,64,32,44,43,57,56,-0.015625
four_domain_state_coverage_v1,t5gemma,space,42,1,2,Q,original_fixed_cohort,0,0,0,0,0,0,
four_domain_state_coverage_v1,t5gemma,space,42,1,2,Q,posthoc_current_adjudicated_cohort,32,16,18,19,28,27,-0.03125
four_domain_state_coverage_v1,t5gemma,space,42,1,2,Q,posthoc_current_adjudicated_literal_cohort,32,16,18,19,28,27,-0.03125
four_domain_state_coverage_v1,t5gemma,space,42,1,2,Q,all_candidates,64,32,45,43,57,55,-0.03125
four_domain_state_coverage_v1,t5gemma,space,42,1,2,U,original_fixed_cohort,0,0,0,0,0,0,
four_domain_state_coverage_v1,t5gemma,space,42,1,2,U,posthoc_current_adjudicated_cohort,32,16,10,14,13,22,0.28125
four_domain_state_coverage_v1,t5gemma,space,42,1,2,U,posthoc_current_adjudicated_literal_cohort,32,16,10,14,13,22,0.28125
four_domain_state_coverage_v1,t5gemma,space,42,1,2,U,all_candidates,64,32,24,30,27,39,0.1875
four_domain_state_coverage_v1,t5gemma,space,43,0,0,P,original_fixed_cohort,64,32,64,64,64,64,0.0
four_domain_state_coverage_v1,t5gemma,space,43,0,0,P,posthoc_current_adjudicated_cohort,64,32,64,64,64,64,0.0
four_domain_state_coverage_v1,t5gemma,space,43,0,0,P,posthoc_current_adjudicated_literal_cohort,64,32,64,64,64,64,0.0
four_domain_state_coverage_v1,t5gemma,space,43,0,0,P,all_candidates,64,32,64,64,64,64,0.0
four_domain_state_coverage_v1,t5gemma,space,43,0,0,Q,original_fixed_cohort,64,32,64,64,64,64,0.0
four_domain_state_coverage_v1,t5gemma,space,43,0,0,Q,posthoc_current_adjudicated_cohort,64,32,64,64,64,64,0.0
four_domain_state_coverage_v1,t5gemma,space,43,0,0,Q,posthoc_current_adjudicated_literal_cohort,64,32,64,64,64,64,0.0
four_domain_state_coverage_v1,t5gemma,space,43,0,0,Q,all_candidates,64,32,64,64,64,64,0.0
four_domain_state_coverage_v1,t5gemma,space,43,0,0,U,original_fixed_cohort,64,32,36,49,36,49,0.203125
four_domain_state_coverage_v1,t5gemma,space,43,0,0,U,posthoc_current_adjudicated_cohort,64,32,36,49,36,49,0.203125
four_domain_state_coverage_v1,t5gemma,space,43,0,0,U,posthoc_current_adjudicated_literal_cohort,64,32,36,49,36,49,0.203125
four_domain_state_coverage_v1,t5gemma,space,43,0,0,U,all_candidates,64,32,36,49,36,49,0.203125
four_domain_state_coverage_v1,t5gemma,space,43,0,2,P,original_fixed_cohort,0,0,0,0,0,0,
four_domain_state_coverage_v1,t5gemma,space,43,0,2,P,posthoc_current_adjudicated_cohort,22,11,11,14,11,17,0.2727272727272727
four_domain_state_coverage_v1,t5gemma,space,43,0,2,P,posthoc_current_adjudicated_literal_cohort,22,11,11,14,11,17,0.2727272727272727
four_domain_state_coverage_v1,t5gemma,space,43,0,2,P,all_candidates,64,32,39,43,40,54,0.21875
four_domain_state_coverage_v1,t5gemma,space,43,0,2,Q,original_fixed_cohort,0,0,0,0,0,0,
four_domain_state_coverage_v1,t5gemma,space,43,0,2,Q,posthoc_current_adjudicated_cohort,22,11,11,15,11,19,0.36363636363636365
four_domain_state_coverage_v1,t5gemma,space,43,0,2,Q,posthoc_current_adjudicated_literal_cohort,22,11,11,15,11,19,0.36363636363636365
four_domain_state_coverage_v1,t5gemma,space,43,0,2,Q,all_candidates,64,32,39,44,40,56,0.25
four_domain_state_coverage_v1,t5gemma,space,43,0,2,U,original_fixed_cohort,0,0,0,0,0,0,
four_domain_state_coverage_v1,t5gemma,space,43,0,2,U,posthoc_current_adjudicated_cohort,22,11,11,10,11,11,0.0
four_domain_state_coverage_v1,t5gemma,space,43,0,2,U,posthoc_current_adjudicated_literal_cohort,22,11,11,10,11,11,0.0
four_domain_state_coverage_v1,t5gemma,space,43,0,2,U,all_candidates,64,32,32,35,33,39,0.09375
four_domain_state_coverage_v1,t5gemma,space,43,1,0,P,original_fixed_cohort,64,32,64,64,64,64,0.0
four_domain_state_coverage_v1,t5gemma,space,43,1,0,P,posthoc_current_adjudicated_cohort,64,32,64,64,64,64,0.0
four_domain_state_coverage_v1,t5gemma,space,43,1,0,P,posthoc_current_adjudicated_literal_cohort,64,32,64,64,64,64,0.0
four_domain_state_coverage_v1,t5gemma,space,43,1,0,P,all_candidates,64,32,64,64,64,64,0.0
four_domain_state_coverage_v1,t5gemma,space,43,1,0,Q,original_fixed_cohort,64,32,64,64,64,64,0.0
four_domain_state_coverage_v1,t5gemma,space,43,1,0,Q,posthoc_current_adjudicated_cohort,64,32,64,64,64,64,0.0
four_domain_state_coverage_v1,t5gemma,space,43,1,0,Q,posthoc_current_adjudicated_literal_cohort,64,32,64,64,64,64,0.0
four_domain_state_coverage_v1,t5gemma,space,43,1,0,Q,all_candidates,64,32,64,64,64,64,0.0
four_domain_state_coverage_v1,t5gemma,space,43,1,0,U,original_fixed_cohort,64,32,47,50,47,50,0.046875
four_domain_state_coverage_v1,t5gemma,space,43,1,0,U,posthoc_current_adjudicated_cohort,64,32,47,50,47,50,0.046875
four_domain_state_coverage_v1,t5gemma,space,43,1,0,U,posthoc_current_adjudicated_literal_cohort,64,32,47,50,47,50,0.046875
four_domain_state_coverage_v1,t5gemma,space,43,1,0,U,all_candidates,64,32,47,50,47,50,0.046875
four_domain_state_coverage_v1,t5gemma,space,43,1,2,P,original_fixed_cohort,0,0,0,0,0,0,
four_domain_state_coverage_v1,t5gemma,space,43,1,2,P,posthoc_current_adjudicated_cohort,16,8,8,11,8,11,0.1875
four_domain_state_coverage_v1,t5gemma,space,43,1,2,P,posthoc_current_adjudicated_literal_cohort,16,8,8,11,8,11,0.1875
four_domain_state_coverage_v1,t5gemma,space,43,1,2,P,all_candidates,64,32,41,40,51,53,0.03125
four_domain_state_coverage_v1,t5gemma,space,43,1,2,Q,original_fixed_cohort,0,0,0,0,0,0,
four_domain_state_coverage_v1,t5gemma,space,43,1,2,Q,posthoc_current_adjudicated_cohort,16,8,8,11,8,11,0.1875
four_domain_state_coverage_v1,t5gemma,space,43,1,2,Q,posthoc_current_adjudicated_literal_cohort,16,8,8,11,8,11,0.1875
four_domain_state_coverage_v1,t5gemma,space,43,1,2,Q,all_candidates,64,32,41,40,51,53,0.03125
four_domain_state_coverage_v1,t5gemma,space,43,1,2,U,original_fixed_cohort,0,0,0,0,0,0,
four_domain_state_coverage_v1,t5gemma,space,43,1,2,U,posthoc_current_adjudicated_cohort,16,8,7,6,7,7,0.0
four_domain_state_coverage_v1,t5gemma,space,43,1,2,U,posthoc_current_adjudicated_literal_cohort,16,8,7,6,7,7,0.0
four_domain_state_coverage_v1,t5gemma,space,43,1,2,U,all_candidates,64,32,25,17,32,25,-0.109375
four_domain_state_coverage_v1,t5gemma,space,44,0,0,P,original_fixed_cohort,64,32,64,64,64,64,0.0
four_domain_state_coverage_v1,t5gemma,space,44,0,0,P,posthoc_current_adjudicated_cohort,64,32,64,64,64,64,0.0
four_domain_state_coverage_v1,t5gemma,space,44,0,0,P,posthoc_current_adjudicated_literal_cohort,64,32,64,64,64,64,0.0
four_domain_state_coverage_v1,t5gemma,space,44,0,0,P,all_candidates,64,32,64,64,64,64,0.0
four_domain_state_coverage_v1,t5gemma,space,44,0,0,Q,original_fixed_cohort,64,32,64,64,64,64,0.0
four_domain_state_coverage_v1,t5gemma,space,44,0,0,Q,posthoc_current_adjudicated_cohort,64,32,64,64,64,64,0.0
four_domain_state_coverage_v1,t5gemma,space,44,0,0,Q,posthoc_current_adjudicated_literal_cohort,64,32,64,64,64,64,0.0
four_domain_state_coverage_v1,t5gemma,space,44,0,0,Q,all_candidates,64,32,64,64,64,64,0.0
four_domain_state_coverage_v1,t5gemma,space,44,0,0,U,original_fixed_cohort,64,32,64,64,64,64,0.0
four_domain_state_coverage_v1,t5gemma,space,44,0,0,U,posthoc_current_adjudicated_cohort,64,32,64,64,64,64,0.0
four_domain_state_coverage_v1,t5gemma,space,44,0,0,U,posthoc_current_adjudicated_literal_cohort,64,32,64,64,64,64,0.0
four_domain_state_coverage_v1,t5gemma,space,44,0,0,U,all_candidates,64,32,64,64,64,64,0.0
four_domain_state_coverage_v1,t5gemma,space,44,0,2,P,original_fixed_cohort,0,0,0,0,0,0,
four_domain_state_coverage_v1,t5gemma,space,44,0,2,P,posthoc_current_adjudicated_cohort,44,22,25,23,37,37,0.0
four_domain_state_coverage_v1,t5gemma,space,44,0,2,P,posthoc_current_adjudicated_literal_cohort,44,22,25,23,37,37,0.0
four_domain_state_coverage_v1,t5gemma,space,44,0,2,P,all_candidates,64,32,34,33,54,55,0.015625
four_domain_state_coverage_v1,t5gemma,space,44,0,2,Q,original_fixed_cohort,0,0,0,0,0,0,
four_domain_state_coverage_v1,t5gemma,space,44,0,2,Q,posthoc_current_adjudicated_cohort,44,22,25,23,37,37,0.0
four_domain_state_coverage_v1,t5gemma,space,44,0,2,Q,posthoc_current_adjudicated_literal_cohort,44,22,25,23,37,37,0.0
four_domain_state_coverage_v1,t5gemma,space,44,0,2,Q,all_candidates,64,32,34,33,54,55,0.015625
four_domain_state_coverage_v1,t5gemma,space,44,0,2,U,original_fixed_cohort,0,0,0,0,0,0,
four_domain_state_coverage_v1,t5gemma,space,44,0,2,U,posthoc_current_adjudicated_cohort,44,22,21,27,30,35,0.11363636363636363
four_domain_state_coverage_v1,t5gemma,space,44,0,2,U,posthoc_current_adjudicated_literal_cohort,44,22,21,27,30,35,0.11363636363636363
four_domain_state_coverage_v1,t5gemma,space,44,0,2,U,all_candidates,64,32,31,38,46,48,0.03125
four_domain_state_coverage_v1,t5gemma,space,44,1,0,P,original_fixed_cohort,64,32,64,64,64,64,0.0
four_domain_state_coverage_v1,t5gemma,space,44,1,0,P,posthoc_current_adjudicated_cohort,64,32,64,64,64,64,0.0
four_domain_state_coverage_v1,t5gemma,space,44,1,0,P,posthoc_current_adjudicated_literal_cohort,64,32,64,64,64,64,0.0
four_domain_state_coverage_v1,t5gemma,space,44,1,0,P,all_candidates,64,32,64,64,64,64,0.0
four_domain_state_coverage_v1,t5gemma,space,44,1,0,Q,original_fixed_cohort,64,32,64,64,64,64,0.0
four_domain_state_coverage_v1,t5gemma,space,44,1,0,Q,posthoc_current_adjudicated_cohort,64,32,64,64,64,64,0.0
four_domain_state_coverage_v1,t5gemma,space,44,1,0,Q,posthoc_current_adjudicated_literal_cohort,64,32,64,64,64,64,0.0
four_domain_state_coverage_v1,t5gemma,space,44,1,0,Q,all_candidates,64,32,64,64,64,64,0.0
four_domain_state_coverage_v1,t5gemma,space,44,1,0,U,original_fixed_cohort,64,32,59,62,59,62,0.046875
four_domain_state_coverage_v1,t5gemma,space,44,1,0,U,posthoc_current_adjudicated_cohort,64,32,59,62,59,62,0.046875
four_domain_state_coverage_v1,t5gemma,space,44,1,0,U,posthoc_current_adjudicated_literal_cohort,64,32,59,62,59,62,0.046875
four_domain_state_coverage_v1,t5gemma,space,44,1,0,U,all_candidates,64,32,59,62,59,62,0.046875
four_domain_state_coverage_v1,t5gemma,space,44,1,2,P,original_fixed_cohort,0,0,0,0,0,0,
four_domain_state_coverage_v1,t5gemma,space,44,1,2,P,posthoc_current_adjudicated_cohort,40,20,23,20,29,35,0.15
four_domain_state_coverage_v1,t5gemma,space,44,1,2,P,posthoc_current_adjudicated_literal_cohort,40,20,23,20,29,35,0.15
four_domain_state_coverage_v1,t5gemma,space,44,1,2,P,all_candidates,64,32,38,34,50,55,0.078125
four_domain_state_coverage_v1,t5gemma,space,44,1,2,Q,original_fixed_cohort,0,0,0,0,0,0,
four_domain_state_coverage_v1,t5gemma,space,44,1,2,Q,posthoc_current_adjudicated_cohort,40,20,23,20,30,35,0.125
four_domain_state_coverage_v1,t5gemma,space,44,1,2,Q,posthoc_current_adjudicated_literal_cohort,40,20,23,20,30,35,0.125
four_domain_state_coverage_v1,t5gemma,space,44,1,2,Q,all_candidates,64,32,39,34,51,55,0.0625
four_domain_state_coverage_v1,t5gemma,space,44,1,2,U,original_fixed_cohort,0,0,0,0,0,0,
four_domain_state_coverage_v1,t5gemma,space,44,1,2,U,posthoc_current_adjudicated_cohort,40,20,20,15,30,30,0.0
four_domain_state_coverage_v1,t5gemma,space,44,1,2,U,posthoc_current_adjudicated_literal_cohort,40,20,20,15,30,30,0.0
four_domain_state_coverage_v1,t5gemma,space,44,1,2,U,all_candidates,64,32,32,26,52,47,-0.078125
space_relation_confirmation_v1,t5gemma,space,42,0,0,P,original_fixed_cohort,64,32,0,0,0,0,0.0
space_relation_confirmation_v1,t5gemma,space,42,0,0,P,posthoc_current_adjudicated_cohort,64,32,0,0,0,0,0.0
space_relation_confirmation_v1,t5gemma,space,42,0,0,P,posthoc_current_adjudicated_literal_cohort,64,32,0,0,0,0,0.0
space_relation_confirmation_v1,t5gemma,space,42,0,0,P,all_candidates,64,32,0,0,0,0,0.0
space_relation_confirmation_v1,t5gemma,space,42,0,0,Q,original_fixed_cohort,64,32,0,0,0,0,0.0
space_relation_confirmation_v1,t5gemma,space,42,0,0,Q,posthoc_current_adjudicated_cohort,64,32,0,0,0,0,0.0
space_relation_confirmation_v1,t5gemma,space,42,0,0,Q,posthoc_current_adjudicated_literal_cohort,64,32,0,0,0,0,0.0
space_relation_confirmation_v1,t5gemma,space,42,0,0,Q,all_candidates,64,32,0,0,0,0,0.0
space_relation_confirmation_v1,t5gemma,space,42,0,0,U,original_fixed_cohort,64,32,0,0,0,0,0.0
space_relation_confirmation_v1,t5gemma,space,42,0,0,U,posthoc_current_adjudicated_cohort,64,32,0,0,0,0,0.0
space_relation_confirmation_v1,t5gemma,space,42,0,0,U,posthoc_current_adjudicated_literal_cohort,64,32,0,0,0,0,0.0
space_relation_confirmation_v1,t5gemma,space,42,0,0,U,all_candidates,64,32,0,0,0,0,0.0
space_relation_confirmation_v1,t5gemma,space,42,0,2,P,original_fixed_cohort,0,0,0,0,0,0,
space_relation_confirmation_v1,t5gemma,space,42,0,2,P,posthoc_current_adjudicated_cohort,42,21,0,2,0,5,0.11904761904761904
space_relation_confirmation_v1,t5gemma,space,42,0,2,P,posthoc_current_adjudicated_literal_cohort,42,21,0,2,0,5,0.11904761904761904
space_relation_confirmation_v1,t5gemma,space,42,0,2,P,all_candidates,64,32,0,3,0,9,0.140625
space_relation_confirmation_v1,t5gemma,space,42,0,2,Q,original_fixed_cohort,0,0,0,0,0,0,
space_relation_confirmation_v1,t5gemma,space,42,0,2,Q,posthoc_current_adjudicated_cohort,42,21,0,1,0,4,0.09523809523809523
space_relation_confirmation_v1,t5gemma,space,42,0,2,Q,posthoc_current_adjudicated_literal_cohort,42,21,0,1,0,4,0.09523809523809523
space_relation_confirmation_v1,t5gemma,space,42,0,2,Q,all_candidates,64,32,0,2,0,8,0.125
space_relation_confirmation_v1,t5gemma,space,42,0,2,U,original_fixed_cohort,0,0,0,0,0,0,
space_relation_confirmation_v1,t5gemma,space,42,0,2,U,posthoc_current_adjudicated_cohort,42,21,0,0,0,0,0.0
space_relation_confirmation_v1,t5gemma,space,42,0,2,U,posthoc_current_adjudicated_literal_cohort,42,21,0,0,0,0,0.0
space_relation_confirmation_v1,t5gemma,space,42,0,2,U,all_candidates,64,32,0,0,0,0,0.0
space_relation_confirmation_v1,t5gemma,space,42,1,0,P,original_fixed_cohort,64,32,0,0,0,0,0.0
space_relation_confirmation_v1,t5gemma,space,42,1,0,P,posthoc_current_adjudicated_cohort,64,32,0,0,0,0,0.0
space_relation_confirmation_v1,t5gemma,space,42,1,0,P,posthoc_current_adjudicated_literal_cohort,64,32,0,0,0,0,0.0
space_relation_confirmation_v1,t5gemma,space,42,1,0,P,all_candidates,64,32,0,0,0,0,0.0
space_relation_confirmation_v1,t5gemma,space,42,1,0,Q,original_fixed_cohort,64,32,0,0,0,0,0.0
space_relation_confirmation_v1,t5gemma,space,42,1,0,Q,posthoc_current_adjudicated_cohort,64,32,0,0,0,0,0.0
space_relation_confirmation_v1,t5gemma,space,42,1,0,Q,posthoc_current_adjudicated_literal_cohort,64,32,0,0,0,0,0.0
space_relation_confirmation_v1,t5gemma,space,42,1,0,Q,all_candidates,64,32,0,0,0,0,0.0
space_relation_confirmation_v1,t5gemma,space,42,1,0,U,original_fixed_cohort,64,32,0,0,0,0,0.0
space_relation_confirmation_v1,t5gemma,space,42,1,0,U,posthoc_current_adjudicated_cohort,64,32,0,0,0,0,0.0
space_relation_confirmation_v1,t5gemma,space,42,1,0,U,posthoc_current_adjudicated_literal_cohort,64,32,0,0,0,0,0.0
space_relation_confirmation_v1,t5gemma,space,42,1,0,U,all_candidates,64,32,0,0,0,0,0.0
space_relation_confirmation_v1,t5gemma,space,42,1,2,P,original_fixed_cohort,0,0,0,0,0,0,
space_relation_confirmation_v1,t5gemma,space,42,1,2,P,posthoc_current_adjudicated_cohort,64,32,0,0,5,0,-0.078125
space_relation_confirmation_v1,t5gemma,space,42,1,2,P,posthoc_current_adjudicated_literal_cohort,64,32,0,0,5,0,-0.078125
space_relation_confirmation_v1,t5gemma,space,42,1,2,P,all_candidates,64,32,0,0,5,0,-0.078125
space_relation_confirmation_v1,t5gemma,space,42,1,2,Q,original_fixed_cohort,0,0,0,0,0,0,
space_relation_confirmation_v1,t5gemma,space,42,1,2,Q,posthoc_current_adjudicated_cohort,64,32,0,0,5,0,-0.078125
space_relation_confirmation_v1,t5gemma,space,42,1,2,Q,posthoc_current_adjudicated_literal_cohort,64,32,0,0,5,0,-0.078125
space_relation_confirmation_v1,t5gemma,space,42,1,2,Q,all_candidates,64,32,0,0,5,0,-0.078125
space_relation_confirmation_v1,t5gemma,space,42,1,2,U,original_fixed_cohort,0,0,0,0,0,0,
space_relation_confirmation_v1,t5gemma,space,42,1,2,U,posthoc_current_adjudicated_cohort,64,32,0,0,2,0,-0.03125
space_relation_confirmation_v1,t5gemma,space,42,1,2,U,posthoc_current_adjudicated_literal_cohort,64,32,0,0,2,0,-0.03125
space_relation_confirmation_v1,t5gemma,space,42,1,2,U,all_candidates,64,32,0,0,2,0,-0.03125
space_relation_confirmation_v1,t5gemma,space,43,0,0,P,original_fixed_cohort,64,32,0,0,0,0,0.0
space_relation_confirmation_v1,t5gemma,space,43,0,0,P,posthoc_current_adjudicated_cohort,64,32,0,0,0,0,0.0
space_relation_confirmation_v1,t5gemma,space,43,0,0,P,posthoc_current_adjudicated_literal_cohort,64,32,0,0,0,0,0.0
space_relation_confirmation_v1,t5gemma,space,43,0,0,P,all_candidates,64,32,0,0,0,0,0.0
space_relation_confirmation_v1,t5gemma,space,43,0,0,Q,original_fixed_cohort,64,32,0,0,0,0,0.0
space_relation_confirmation_v1,t5gemma,space,43,0,0,Q,posthoc_current_adjudicated_cohort,64,32,0,0,0,0,0.0
space_relation_confirmation_v1,t5gemma,space,43,0,0,Q,posthoc_current_adjudicated_literal_cohort,64,32,0,0,0,0,0.0
space_relation_confirmation_v1,t5gemma,space,43,0,0,Q,all_candidates,64,32,0,0,0,0,0.0
space_relation_confirmation_v1,t5gemma,space,43,0,0,U,original_fixed_cohort,64,32,0,0,0,0,0.0
space_relation_confirmation_v1,t5gemma,space,43,0,0,U,posthoc_current_adjudicated_cohort,64,32,0,0,0,0,0.0
space_relation_confirmation_v1,t5gemma,space,43,0,0,U,posthoc_current_adjudicated_literal_cohort,64,32,0,0,0,0,0.0
space_relation_confirmation_v1,t5gemma,space,43,0,0,U,all_candidates,64,32,0,0,0,0,0.0
space_relation_confirmation_v1,t5gemma,space,43,0,2,P,original_fixed_cohort,0,0,0,0,0,0,
space_relation_confirmation_v1,t5gemma,space,43,0,2,P,posthoc_current_adjudicated_cohort,2,1,0,0,0,1,0.5
space_relation_confirmation_v1,t5gemma,space,43,0,2,P,posthoc_current_adjudicated_literal_cohort,2,1,0,0,0,1,0.5
space_relation_confirmation_v1,t5gemma,space,43,0,2,P,all_candidates,64,32,0,9,0,16,0.25
space_relation_confirmation_v1,t5gemma,space,43,0,2,Q,original_fixed_cohort,0,0,0,0,0,0,
space_relation_confirmation_v1,t5gemma,space,43,0,2,Q,posthoc_current_adjudicated_cohort,2,1,0,0,0,1,0.5
space_relation_confirmation_v1,t5gemma,space,43,0,2,Q,posthoc_current_adjudicated_literal_cohort,2,1,0,0,0,1,0.5
space_relation_confirmation_v1,t5gemma,space,43,0,2,Q,all_candidates,64,32,0,9,0,15,0.234375
space_relation_confirmation_v1,t5gemma,space,43,0,2,U,original_fixed_cohort,0,0,0,0,0,0,
space_relation_confirmation_v1,t5gemma,space,43,0,2,U,posthoc_current_adjudicated_cohort,2,1,0,0,0,0,0.0
space_relation_confirmation_v1,t5gemma,space,43,0,2,U,posthoc_current_adjudicated_literal_cohort,2,1,0,0,0,0,0.0
space_relation_confirmation_v1,t5gemma,space,43,0,2,U,all_candidates,64,32,0,3,0,3,0.046875
space_relation_confirmation_v1,t5gemma,space,43,1,0,P,original_fixed_cohort,64,32,0,0,0,0,0.0
space_relation_confirmation_v1,t5gemma,space,43,1,0,P,posthoc_current_adjudicated_cohort,64,32,0,0,0,0,0.0
space_relation_confirmation_v1,t5gemma,space,43,1,0,P,posthoc_current_adjudicated_literal_cohort,64,32,0,0,0,0,0.0
space_relation_confirmation_v1,t5gemma,space,43,1,0,P,all_candidates,64,32,0,0,0,0,0.0
space_relation_confirmation_v1,t5gemma,space,43,1,0,Q,original_fixed_cohort,64,32,0,0,0,0,0.0
space_relation_confirmation_v1,t5gemma,space,43,1,0,Q,posthoc_current_adjudicated_cohort,64,32,0,0,0,0,0.0
space_relation_confirmation_v1,t5gemma,space,43,1,0,Q,posthoc_current_adjudicated_literal_cohort,64,32,0,0,0,0,0.0
space_relation_confirmation_v1,t5gemma,space,43,1,0,Q,all_candidates,64,32,0,0,0,0,0.0
space_relation_confirmation_v1,t5gemma,space,43,1,0,U,original_fixed_cohort,64,32,0,0,0,0,0.0
space_relation_confirmation_v1,t5gemma,space,43,1,0,U,posthoc_current_adjudicated_cohort,64,32,0,0,0,0,0.0
space_relation_confirmation_v1,t5gemma,space,43,1,0,U,posthoc_current_adjudicated_literal_cohort,64,32,0,0,0,0,0.0
space_relation_confirmation_v1,t5gemma,space,43,1,0,U,all_candidates,64,32,0,0,0,0,0.0
space_relation_confirmation_v1,t5gemma,space,43,1,2,P,original_fixed_cohort,0,0,0,0,0,0,
space_relation_confirmation_v1,t5gemma,space,43,1,2,P,posthoc_current_adjudicated_cohort,36,18,0,9,0,9,0.25
space_relation_confirmation_v1,t5gemma,space,43,1,2,P,posthoc_current_adjudicated_literal_cohort,36,18,0,9,0,9,0.25
space_relation_confirmation_v1,t5gemma,space,43,1,2,P,all_candidates,64,32,0,17,0,17,0.265625
space_relation_confirmation_v1,t5gemma,space,43,1,2,Q,original_fixed_cohort,0,0,0,0,0,0,
space_relation_confirmation_v1,t5gemma,space,43,1,2,Q,posthoc_current_adjudicated_cohort,36,18,0,9,0,9,0.25
space_relation_confirmation_v1,t5gemma,space,43,1,2,Q,posthoc_current_adjudicated_literal_cohort,36,18,0,9,0,9,0.25
space_relation_confirmation_v1,t5gemma,space,43,1,2,Q,all_candidates,64,32,0,18,0,18,0.28125
space_relation_confirmation_v1,t5gemma,space,43,1,2,U,original_fixed_cohort,0,0,0,0,0,0,
space_relation_confirmation_v1,t5gemma,space,43,1,2,U,posthoc_current_adjudicated_cohort,36,18,0,12,0,12,0.3333333333333333
space_relation_confirmation_v1,t5gemma,space,43,1,2,U,posthoc_current_adjudicated_literal_cohort,36,18,0,12,0,12,0.3333333333333333
space_relation_confirmation_v1,t5gemma,space,43,1,2,U,all_candidates,64,32,0,20,0,20,0.3125
