backbone,split,step,label_source,measure,n,next_failures,auroc,failure_group_mean,stable_group_mean
BART,test_iid,1,g7_original,radius_capped,53,0,,,-1.9056603773584906
BART,test_iid,1,g7_original,content_radius_capped,53,0,,,-2.0
BART,test_iid,1,g7_original,half_step_failure,53,0,,,0.0
BART,test_iid,1,g7_original,half_step_content_failure,53,0,,,0.0
BART,test_iid,1,g7_original,half_step_nll_best,53,0,,,0.010421662231169219
BART,test_iid,1,g7_original,half_step_entropy,53,0,,,0.01756044572945294
BART,test_iid,1,g7_original,half_step_entropy_change,53,0,,,0.0007277833142361323
BART,test_iid,1,local_alpha_one,radius_capped,53,0,,,-1.9056603773584906
BART,test_iid,1,local_alpha_one,content_radius_capped,53,0,,,-2.0
BART,test_iid,1,local_alpha_one,half_step_failure,53,0,,,0.0
BART,test_iid,1,local_alpha_one,half_step_content_failure,53,0,,,0.0
BART,test_iid,1,local_alpha_one,half_step_nll_best,53,0,,,0.010421662231169219
BART,test_iid,1,local_alpha_one,half_step_entropy,53,0,,,0.01756044572945294
BART,test_iid,1,local_alpha_one,half_step_entropy_change,53,0,,,0.0007277833142361323
BART,test_iid,2,g7_original,radius_capped,53,20,0.9212121212121213,-0.91875,-1.3674242424242424
BART,test_iid,2,g7_original,content_radius_capped,53,20,0.9363636363636364,-0.9875,-1.5757575757575757
BART,test_iid,2,g7_original,half_step_failure,53,20,0.5,0.0,0.0
BART,test_iid,2,g7_original,half_step_content_failure,53,20,0.5,0.0,0.0
BART,test_iid,2,g7_original,half_step_nll_best,53,20,0.5181818181818182,0.00848881945712492,0.005517002657253408
BART,test_iid,2,g7_original,half_step_entropy,53,20,0.6424242424242425,0.027494941176125876,0.016172196053142938
BART,test_iid,2,g7_original,half_step_entropy_change,53,20,0.6257575757575757,0.017674790089827398,0.007776245520077589
BART,test_iid,2,local_alpha_one,radius_capped,53,20,0.9212121212121213,-0.91875,-1.3674242424242424
BART,test_iid,2,local_alpha_one,content_radius_capped,53,20,0.9363636363636364,-0.9875,-1.5757575757575757
BART,test_iid,2,local_alpha_one,half_step_failure,53,20,0.5,0.0,0.0
BART,test_iid,2,local_alpha_one,half_step_content_failure,53,20,0.5,0.0,0.0
BART,test_iid,2,local_alpha_one,half_step_nll_best,53,20,0.5181818181818182,0.00848881945712492,0.005517002657253408
BART,test_iid,2,local_alpha_one,half_step_entropy,53,20,0.6424242424242425,0.027494941176125876,0.016172196053142938
BART,test_iid,2,local_alpha_one,half_step_entropy_change,53,20,0.6257575757575757,0.017674790089827398,0.007776245520077589
BART,test_iid,3,g7_original,radius_capped,33,33,,-0.3787878787878788,
BART,test_iid,3,g7_original,content_radius_capped,33,33,,-0.4772727272727273,
BART,test_iid,3,g7_original,half_step_failure,33,33,,0.7878787878787878,
BART,test_iid,3,g7_original,half_step_content_failure,33,33,,0.7878787878787878,
BART,test_iid,3,g7_original,half_step_nll_best,33,33,,0.1516675278544426,
BART,test_iid,3,g7_original,half_step_entropy,33,33,,0.3280556676116086,
BART,test_iid,3,g7_original,half_step_entropy_change,33,33,,0.28861763861645784,
BART,test_iid,3,local_alpha_one,radius_capped,33,33,,-0.3787878787878788,
BART,test_iid,3,local_alpha_one,content_radius_capped,33,33,,-0.4772727272727273,
BART,test_iid,3,local_alpha_one,half_step_failure,33,33,,0.7878787878787878,
BART,test_iid,3,local_alpha_one,half_step_content_failure,33,33,,0.7878787878787878,
BART,test_iid,3,local_alpha_one,half_step_nll_best,33,33,,0.1516675278544426,
BART,test_iid,3,local_alpha_one,half_step_entropy,33,33,,0.3280556676116086,
BART,test_iid,3,local_alpha_one,half_step_entropy_change,33,33,,0.28861763861645784,
BART,test_template_ood,1,g7_original,radius_capped,53,12,0.38414634146341464,-1.7395833333333333,-1.6128048780487805
BART,test_template_ood,1,g7_original,content_radius_capped,53,12,0.2926829268292683,-2.0,-1.7926829268292683
BART,test_template_ood,1,g7_original,half_step_failure,53,12,0.5,0.0,0.0
BART,test_template_ood,1,g7_original,half_step_content_failure,53,12,0.5,0.0,0.0
BART,test_template_ood,1,g7_original,half_step_nll_best,53,12,0.0,0.002092925162287429,0.010414313400027955
BART,test_template_ood,1,g7_original,half_step_entropy,53,12,0.0,0.01023200187764672,0.017606436531367464
BART,test_template_ood,1,g7_original,half_step_entropy_change,53,12,0.0020325203252032522,-0.0032006324613797986,0.0036724234298599924
BART,test_template_ood,1,local_alpha_one,radius_capped,53,12,0.38414634146341464,-1.7395833333333333,-1.6128048780487805
BART,test_template_ood,1,local_alpha_one,content_radius_capped,53,12,0.2926829268292683,-2.0,-1.7926829268292683
BART,test_template_ood,1,local_alpha_one,half_step_failure,53,12,0.5,0.0,0.0
BART,test_template_ood,1,local_alpha_one,half_step_content_failure,53,12,0.5,0.0,0.0
BART,test_template_ood,1,local_alpha_one,half_step_nll_best,53,12,0.0,0.002092925162287429,0.010414313400027955
BART,test_template_ood,1,local_alpha_one,half_step_entropy,53,12,0.0,0.01023200187764672,0.017606436531367464
BART,test_template_ood,1,local_alpha_one,half_step_entropy_change,53,12,0.0020325203252032522,-0.0032006324613797986,0.0036724234298599924
BART,test_template_ood,2,g7_original,radius_capped,41,32,0.9479166666666666,-0.462890625,-1.2777777777777777
BART,test_template_ood,2,g7_original,content_radius_capped,41,32,0.953125,-0.5859375,-1.5
BART,test_template_ood,2,g7_original,half_step_failure,41,32,0.8125,0.625,0.0
BART,test_template_ood,2,g7_original,half_step_content_failure,41,32,0.8125,0.625,0.0
BART,test_template_ood,2,g7_original,half_step_nll_best,41,32,0.9236111111111112,0.05988696716303821,0.002952748405126234
BART,test_template_ood,2,g7_original,half_step_entropy,41,32,0.9305555555555556,0.10845755799981596,0.013570204272150447
BART,test_template_ood,2,g7_original,half_step_entropy_change,41,32,0.8993055555555556,0.09142133601511698,0.0032072296826206135
BART,test_template_ood,2,local_alpha_one,radius_capped,41,32,0.9479166666666666,-0.462890625,-1.2777777777777777
BART,test_template_ood,2,local_alpha_one,content_radius_capped,41,32,0.953125,-0.5859375,-1.5
BART,test_template_ood,2,local_alpha_one,half_step_failure,41,32,0.8125,0.625,0.0
BART,test_template_ood,2,local_alpha_one,half_step_content_failure,41,32,0.8125,0.625,0.0
BART,test_template_ood,2,local_alpha_one,half_step_nll_best,41,32,0.9236111111111112,0.05988696716303821,0.002952748405126234
BART,test_template_ood,2,local_alpha_one,half_step_entropy,41,32,0.9305555555555556,0.10845755799981596,0.013570204272150447
BART,test_template_ood,2,local_alpha_one,half_step_entropy_change,41,32,0.8993055555555556,0.09142133601511698,0.0032072296826206135
BART,test_template_ood,3,g7_original,radius_capped,9,9,,-0.2777777777777778,
BART,test_template_ood,3,g7_original,content_radius_capped,9,9,,-0.3333333333333333,
BART,test_template_ood,3,g7_original,half_step_failure,9,9,,1.0,
BART,test_template_ood,3,g7_original,half_step_content_failure,9,9,,1.0,
BART,test_template_ood,3,g7_original,half_step_nll_best,9,9,,0.21811281641324362,
BART,test_template_ood,3,g7_original,half_step_entropy,9,9,,0.18301918065365275,
BART,test_template_ood,3,g7_original,half_step_entropy_change,9,9,,0.13267713721042745,
BART,test_template_ood,3,local_alpha_one,radius_capped,9,9,,-0.2777777777777778,
BART,test_template_ood,3,local_alpha_one,content_radius_capped,9,9,,-0.3333333333333333,
BART,test_template_ood,3,local_alpha_one,half_step_failure,9,9,,1.0,
BART,test_template_ood,3,local_alpha_one,half_step_content_failure,9,9,,1.0,
BART,test_template_ood,3,local_alpha_one,half_step_nll_best,9,9,,0.21811281641324362,
BART,test_template_ood,3,local_alpha_one,half_step_entropy,9,9,,0.18301918065365275,
BART,test_template_ood,3,local_alpha_one,half_step_entropy_change,9,9,,0.13267713721042745,
BART,test_combined,1,g7_original,radius_capped,106,12,0.6214539007092199,-1.7395833333333333,-1.7779255319148937
BART,test_combined,1,g7_original,content_radius_capped,106,12,0.4095744680851064,-2.0,-1.9095744680851063
BART,test_combined,1,g7_original,half_step_failure,106,12,0.5,0.0,0.0
BART,test_combined,1,g7_original,half_step_content_failure,106,12,0.5,0.0,0.0
BART,test_combined,1,g7_original,half_step_nll_best,106,12,0.0,0.002092925162287429,0.010418456889926753
BART,test_combined,1,g7_original,half_step_entropy,106,12,0.0,0.01023200187764672,0.017580505547309274
BART,test_combined,1,g7_original,half_step_entropy_change,106,12,0.04875886524822695,-0.0032006324613797986,0.002012147619986965
BART,test_combined,1,local_alpha_one,radius_capped,106,12,0.6214539007092199,-1.7395833333333333,-1.7779255319148937
BART,test_combined,1,local_alpha_one,content_radius_capped,106,12,0.4095744680851064,-2.0,-1.9095744680851063
BART,test_combined,1,local_alpha_one,half_step_failure,106,12,0.5,0.0,0.0
BART,test_combined,1,local_alpha_one,half_step_content_failure,106,12,0.5,0.0,0.0
BART,test_combined,1,local_alpha_one,half_step_nll_best,106,12,0.0,0.002092925162287429,0.010418456889926753
BART,test_combined,1,local_alpha_one,half_step_entropy,106,12,0.0,0.01023200187764672,0.017580505547309274
BART,test_combined,1,local_alpha_one,half_step_entropy_change,106,12,0.04875886524822695,-0.0032006324613797986,0.002012147619986965
BART,test_combined,2,g7_original,radius_capped,94,52,0.9434523809523809,-0.6382211538461539,-1.3482142857142858
BART,test_combined,2,g7_original,content_radius_capped,94,52,0.9491758241758241,-0.7403846153846154,-1.5595238095238095
BART,test_combined,2,g7_original,half_step_failure,94,52,0.6923076923076923,0.38461538461538464,0.0
BART,test_combined,2,g7_original,half_step_content_failure,94,52,0.6923076923076923,0.38461538461538464,0.0
BART,test_combined,2,g7_original,half_step_nll_best,94,52,0.7591575091575091,0.04011844881461002,0.004967519603226157
BART,test_combined,2,g7_original,half_step_entropy,94,52,0.815018315018315,0.07731808999070439,0.015614626385787398
BART,test_combined,2,g7_original,half_step_entropy_change,94,52,0.7912087912087912,0.0630572798900056,0.00679717069776538
BART,test_combined,2,local_alpha_one,radius_capped,94,52,0.9434523809523809,-0.6382211538461539,-1.3482142857142858
BART,test_combined,2,local_alpha_one,content_radius_capped,94,52,0.9491758241758241,-0.7403846153846154,-1.5595238095238095
BART,test_combined,2,local_alpha_one,half_step_failure,94,52,0.6923076923076923,0.38461538461538464,0.0
BART,test_combined,2,local_alpha_one,half_step_content_failure,94,52,0.6923076923076923,0.38461538461538464,0.0
BART,test_combined,2,local_alpha_one,half_step_nll_best,94,52,0.7591575091575091,0.04011844881461002,0.004967519603226157
BART,test_combined,2,local_alpha_one,half_step_entropy,94,52,0.815018315018315,0.07731808999070439,0.015614626385787398
BART,test_combined,2,local_alpha_one,half_step_entropy_change,94,52,0.7912087912087912,0.0630572798900056,0.00679717069776538
BART,test_combined,3,g7_original,radius_capped,42,42,,-0.35714285714285715,
BART,test_combined,3,g7_original,content_radius_capped,42,42,,-0.44642857142857145,
BART,test_combined,3,g7_original,half_step_failure,42,42,,0.8333333333333334,
BART,test_combined,3,g7_original,half_step_content_failure,42,42,,0.8333333333333334,
BART,test_combined,3,g7_original,half_step_nll_best,42,42,,0.16590580397418567,
BART,test_combined,3,g7_original,half_step_entropy,42,42,,0.2969764204063323,
BART,test_combined,3,g7_original,half_step_entropy_change,42,42,,0.2552018168865941,
BART,test_combined,3,local_alpha_one,radius_capped,42,42,,-0.35714285714285715,
BART,test_combined,3,local_alpha_one,content_radius_capped,42,42,,-0.44642857142857145,
BART,test_combined,3,local_alpha_one,half_step_failure,42,42,,0.8333333333333334,
BART,test_combined,3,local_alpha_one,half_step_content_failure,42,42,,0.8333333333333334,
BART,test_combined,3,local_alpha_one,half_step_nll_best,42,42,,0.16590580397418567,
BART,test_combined,3,local_alpha_one,half_step_entropy,42,42,,0.2969764204063323,
BART,test_combined,3,local_alpha_one,half_step_entropy_change,42,42,,0.2552018168865941,
T5Gemma,test_iid,1,g7_original,radius_capped,53,12,0.9380081300813008,-1.015625,-1.1981707317073171
T5Gemma,test_iid,1,g7_original,content_radius_capped,53,12,0.9044715447154471,-1.0833333333333333,-1.4878048780487805
T5Gemma,test_iid,1,g7_original,half_step_failure,53,12,0.5,0.0,0.0
T5Gemma,test_iid,1,g7_original,half_step_content_failure,53,12,0.5,0.0,0.0
T5Gemma,test_iid,1,g7_original,half_step_nll_best,53,12,0.4105691056910569,0.0015163043741874087,0.002027744955495752
T5Gemma,test_iid,1,g7_original,half_step_entropy,53,12,0.35772357723577236,0.006050976288485002,0.007872292813799314
T5Gemma,test_iid,1,g7_original,half_step_entropy_change,53,12,0.3048780487804878,0.0024173669571233986,0.004275633384135039
T5Gemma,test_iid,1,local_alpha_one,radius_capped,53,11,1.0,-0.9943181818181818,-1.1994047619047619
T5Gemma,test_iid,1,local_alpha_one,content_radius_capped,53,11,1.0,-1.0,-1.5
T5Gemma,test_iid,1,local_alpha_one,half_step_failure,53,11,0.5,0.0,0.0
T5Gemma,test_iid,1,local_alpha_one,half_step_content_failure,53,11,0.5,0.0,0.0
T5Gemma,test_iid,1,local_alpha_one,half_step_nll_best,53,11,0.44155844155844154,0.0016334953232382593,0.0019848749311893784
T5Gemma,test_iid,1,local_alpha_one,half_step_entropy,53,11,0.4155844155844156,0.006588894076719271,0.007688044904373331
T5Gemma,test_iid,1,local_alpha_one,half_step_entropy_change,53,11,0.34415584415584416,0.002736578828389442,0.00414778583625556
T5Gemma,test_iid,2,g7_original,radius_capped,41,41,,-0.14786585365853658,
T5Gemma,test_iid,2,g7_original,content_radius_capped,41,41,,-0.2804878048780488,
T5Gemma,test_iid,2,g7_original,half_step_failure,41,41,,1.0,
T5Gemma,test_iid,2,g7_original,half_step_content_failure,41,41,,1.0,
T5Gemma,test_iid,2,g7_original,half_step_nll_best,41,41,,0.00560787743634636,
T5Gemma,test_iid,2,g7_original,half_step_entropy,41,41,,0.11889510592689115,
T5Gemma,test_iid,2,g7_original,half_step_entropy_change,41,41,,0.10513794517996251,
T5Gemma,test_iid,2,local_alpha_one,radius_capped,41,41,,-0.14786585365853658,
T5Gemma,test_iid,2,local_alpha_one,content_radius_capped,41,41,,-0.2804878048780488,
T5Gemma,test_iid,2,local_alpha_one,half_step_failure,41,41,,1.0,
T5Gemma,test_iid,2,local_alpha_one,half_step_content_failure,41,41,,1.0,
T5Gemma,test_iid,2,local_alpha_one,half_step_nll_best,41,41,,0.00560787743634636,
T5Gemma,test_iid,2,local_alpha_one,half_step_entropy,41,41,,0.11889510592689115,
T5Gemma,test_iid,2,local_alpha_one,half_step_entropy_change,41,41,,0.10513794517996251,
T5Gemma,test_template_ood,1,g7_original,radius_capped,53,1,0.5,-1.25,-1.25
T5Gemma,test_template_ood,1,g7_original,content_radius_capped,53,1,0.5,-1.5,-1.5
T5Gemma,test_template_ood,1,g7_original,half_step_failure,53,1,0.5,0.0,0.0
T5Gemma,test_template_ood,1,g7_original,half_step_content_failure,53,1,0.5,0.0,0.0
T5Gemma,test_template_ood,1,g7_original,half_step_nll_best,53,1,0.019230769230769232,8.762947800278198e-06,0.0006953119361696736
T5Gemma,test_template_ood,1,g7_original,half_step_entropy,53,1,0.0,0.0006572514634636138,0.00538804503439194
T5Gemma,test_template_ood,1,g7_original,half_step_entropy_change,53,1,0.0,-0.0023790353013731077,0.0017072732111686867
T5Gemma,test_template_ood,1,local_alpha_one,radius_capped,53,1,0.5,-1.25,-1.25
T5Gemma,test_template_ood,1,local_alpha_one,content_radius_capped,53,1,0.5,-1.5,-1.5
T5Gemma,test_template_ood,1,local_alpha_one,half_step_failure,53,1,0.5,0.0,0.0
T5Gemma,test_template_ood,1,local_alpha_one,half_step_content_failure,53,1,0.5,0.0,0.0
T5Gemma,test_template_ood,1,local_alpha_one,half_step_nll_best,53,1,0.019230769230769232,8.762947800278198e-06,0.0006953119361696736
T5Gemma,test_template_ood,1,local_alpha_one,half_step_entropy,53,1,0.0,0.0006572514634636138,0.00538804503439194
T5Gemma,test_template_ood,1,local_alpha_one,half_step_entropy_change,53,1,0.0,-0.0023790353013731077,0.0017072732111686867
T5Gemma,test_template_ood,2,g7_original,radius_capped,52,52,,-0.17668269230769232,
T5Gemma,test_template_ood,2,g7_original,content_radius_capped,52,52,,-0.25,
T5Gemma,test_template_ood,2,g7_original,half_step_failure,52,52,,1.0,
T5Gemma,test_template_ood,2,g7_original,half_step_content_failure,52,52,,1.0,
T5Gemma,test_template_ood,2,g7_original,half_step_nll_best,52,52,,0.03247868122102423,
T5Gemma,test_template_ood,2,g7_original,half_step_entropy,52,52,,0.14891174760135634,
T5Gemma,test_template_ood,2,g7_original,half_step_entropy_change,52,52,,0.1361916862512265,
T5Gemma,test_template_ood,2,local_alpha_one,radius_capped,52,52,,-0.17668269230769232,
T5Gemma,test_template_ood,2,local_alpha_one,content_radius_capped,52,52,,-0.25,
T5Gemma,test_template_ood,2,local_alpha_one,half_step_failure,52,52,,1.0,
T5Gemma,test_template_ood,2,local_alpha_one,half_step_content_failure,52,52,,1.0,
T5Gemma,test_template_ood,2,local_alpha_one,half_step_nll_best,52,52,,0.03247868122102423,
T5Gemma,test_template_ood,2,local_alpha_one,half_step_entropy,52,52,,0.14891174760135634,
T5Gemma,test_template_ood,2,local_alpha_one,half_step_entropy_change,52,52,,0.1361916862512265,
T5Gemma,test_combined,1,g7_original,radius_capped,106,13,0.9214226633581473,-1.0336538461538463,-1.2271505376344085
T5Gemma,test_combined,1,g7_original,content_radius_capped,106,13,0.8792390405293631,-1.1153846153846154,-1.4946236559139785
T5Gemma,test_combined,1,g7_original,half_step_failure,106,13,0.5,0.0,0.0
T5Gemma,test_combined,1,g7_original,half_step_content_failure,106,13,0.5,0.0,0.0
T5Gemma,test_combined,1,g7_original,half_step_nll_best,106,13,0.4731182795698925,0.0014003396490807063,0.001282728643614504
T5Gemma,test_combined,1,g7_original,half_step_entropy,106,13,0.4094292803970223,0.005636074378867971,0.006483251044668307
T5Gemma,test_combined,1,g7_original,half_step_entropy_change,106,13,0.37551695616211744,0.002048412937239052,0.0028395610293581544
T5Gemma,test_combined,1,local_alpha_one,radius_capped,106,12,0.9507978723404256,-1.015625,-1.2273936170212767
T5Gemma,test_combined,1,local_alpha_one,content_radius_capped,106,12,0.9583333333333334,-1.0416666666666667,-1.5
T5Gemma,test_combined,1,local_alpha_one,half_step_failure,106,12,0.5,0.0,0.0
T5Gemma,test_combined,1,local_alpha_one,half_step_content_failure,106,12,0.5,0.0,0.0
T5Gemma,test_combined,1,local_alpha_one,half_step_nll_best,106,12,0.49645390070921985,0.0014981009586184275,0.0012714996573486906
T5Gemma,test_combined,1,local_alpha_one,half_step_entropy,106,12,0.4592198581560284,0.006094590525614633,0.006415704550766604
T5Gemma,test_combined,1,local_alpha_one,half_step_entropy_change,106,12,0.4078014184397163,0.0023102776509092296,0.0027977150223777152
T5Gemma,test_combined,2,g7_original,radius_capped,93,93,,-0.1639784946236559,
T5Gemma,test_combined,2,g7_original,content_radius_capped,93,93,,-0.26344086021505375,
T5Gemma,test_combined,2,g7_original,half_step_failure,93,93,,1.0,
T5Gemma,test_combined,2,g7_original,half_step_content_failure,93,93,,1.0,
T5Gemma,test_combined,2,g7_original,half_step_nll_best,93,93,,0.02063241288584366,
T5Gemma,test_combined,2,g7_original,half_step_entropy,93,93,,0.1356786044975599,
T5Gemma,test_combined,2,g7_original,half_step_entropy_change,93,93,,0.12250132728432517,
T5Gemma,test_combined,2,local_alpha_one,radius_capped,93,93,,-0.1639784946236559,
T5Gemma,test_combined,2,local_alpha_one,content_radius_capped,93,93,,-0.26344086021505375,
T5Gemma,test_combined,2,local_alpha_one,half_step_failure,93,93,,1.0,
T5Gemma,test_combined,2,local_alpha_one,half_step_content_failure,93,93,,1.0,
T5Gemma,test_combined,2,local_alpha_one,half_step_nll_best,93,93,,0.02063241288584366,
T5Gemma,test_combined,2,local_alpha_one,half_step_entropy,93,93,,0.1356786044975599,
T5Gemma,test_combined,2,local_alpha_one,half_step_entropy_change,93,93,,0.12250132728432517,
