seed,method,step,split,task,D_source,k,n,full_k,NLL
42,N,100,train,seen_A,natural E,32,32,32,3.371706819717786e-05
42,N,100,train,seen_D,natural E,32,32,32,2.871918925772872e-05
42,N,100,train,H0,,32,32,,3.184673219848962e-05
42,N,100,train,H1,,32,32,,2.8061062200188696e-05
42,N,100,train,H2,,32,32,,8.240761242925598e-05
42,N,100,train,all3,,32,32,,
42,N,100,dev,seen_A,natural E,32,32,32,3.199584489017776e-05
42,N,100,dev,seen_D,natural E,32,32,32,3.4374157233988165e-05
42,N,100,dev,H0,,32,32,,3.406106570859913e-05
42,N,100,dev,H1,,32,32,,2.959876166442068e-05
42,N,100,dev,H2,,32,32,,8.192277598470274e-05
42,N,100,dev,all3,,32,32,,
42,N,150,train,seen_A,natural E,32,32,32,2.4337809137353013e-05
42,N,150,train,seen_D,natural E,32,32,32,2.086219163624168e-05
42,N,150,train,H0,,32,32,,2.5952405437659982e-05
42,N,150,train,H1,,32,32,,2.4809109598703403e-05
42,N,150,train,H2,,32,32,,6.453561889048864e-05
42,N,150,train,all3,,32,32,,
42,N,150,dev,seen_A,natural E,32,32,32,2.3293090595219978e-05
42,N,150,dev,seen_D,natural E,32,32,32,2.5091368925778064e-05
42,N,150,dev,H0,,32,32,,2.754356595382816e-05
42,N,150,dev,H1,,32,32,,2.6167269429820955e-05
42,N,150,dev,H2,,32,32,,6.538031714802598e-05
42,N,150,dev,all3,,32,32,,
42,N,200,train,seen_A,natural E,32,32,32,1.9237968936092455e-05
42,N,200,train,seen_D,natural E,32,32,32,1.6106644418189148e-05
42,N,200,train,H0,,32,32,,2.2678301150102765e-05
42,N,200,train,H1,,32,32,,2.212097736769471e-05
42,N,200,train,H2,,32,32,,5.306164582377428e-05
42,N,200,train,all3,,32,32,,
42,N,200,dev,seen_A,natural E,32,32,32,1.8266810032206998e-05
42,N,200,dev,seen_D,natural E,32,32,32,1.922223914657653e-05
42,N,200,dev,H0,,32,32,,2.3763507008199038e-05
42,N,200,dev,H1,,32,32,,2.322860557496967e-05
42,N,200,dev,H2,,32,32,,5.408211736769186e-05
42,N,200,dev,all3,,32,32,,
42,F,100,train,seen_A,fixed P,32,32,32,0.00010012548380206608
42,F,100,train,seen_D,fixed P,32,32,32,3.1908740194102436e-05
42,F,100,train,H0,,32,32,,0.0001484466771448639
42,F,100,train,H1,,32,32,,7.246482889658452e-05
42,F,100,train,H2,,32,32,,0.0001803062425051926
42,F,100,train,all3,,32,32,,
42,F,100,dev,seen_A,fixed P,32,32,32,0.00010983350551865302
42,F,100,dev,seen_D,fixed P,32,32,32,3.0085019582164948e-05
42,F,100,dev,H0,,32,32,,0.0001612126122348264
42,F,100,dev,H1,,32,32,,8.003089984717989e-05
42,F,100,dev,H2,,32,32,,0.00017943874419622943
42,F,100,dev,all3,,32,32,,
42,F,150,train,seen_A,fixed P,32,32,32,3.224299488313688e-05
42,F,150,train,seen_D,fixed P,32,32,32,4.0796637112398605e-05
42,F,150,train,H0,,32,32,,5.560903325531588e-05
42,F,150,train,H1,,32,32,,5.553737818657073e-05
42,F,150,train,H2,,32,32,,0.0001404600545536286
42,F,150,train,all3,,32,32,,
42,F,150,dev,seen_A,fixed P,32,32,32,3.482126077392795e-05
42,F,150,dev,seen_D,fixed P,32,32,32,3.8045716295120574e-05
42,F,150,dev,H0,,32,32,,6.331758110732796e-05
42,F,150,dev,H1,,32,32,,6.075057427213571e-05
42,F,150,dev,H2,,32,32,,0.00013856545909849137
42,F,150,dev,all3,,32,32,,
42,F,200,train,seen_A,fixed P,32,32,32,2.8462256417070167e-05
42,F,200,train,seen_D,fixed P,32,32,32,2.731655917371771e-05
42,F,200,train,H0,,32,32,,4.007358946298553e-05
42,F,200,train,H1,,32,32,,4.3089144744502165e-05
42,F,200,train,H2,,32,32,,0.0001066543073460014
42,F,200,train,all3,,32,32,,
42,F,200,dev,seen_A,fixed P,32,32,32,2.971642135860032e-05
42,F,200,dev,seen_D,fixed P,32,32,32,2.7016237985006854e-05
42,F,200,dev,H0,,32,32,,4.6011777710491374e-05
42,F,200,dev,H1,,32,32,,4.7028710040463746e-05
42,F,200,dev,H2,,32,32,,0.00010664113955718529
42,F,200,dev,all3,,32,32,,
42,O,100,train,seen_A,current T detached,32,32,32,4.718486803142781e-05
42,O,100,train,seen_D,current T detached,32,32,32,3.1876863562344007e-05
42,O,100,train,H0,,32,32,,6.193786608818216e-05
42,O,100,train,H1,,32,32,,5.89546470167733e-05
42,O,100,train,H2,,32,32,,9.843694171486774e-05
42,O,100,train,all3,,32,32,,
42,O,100,dev,seen_A,current T detached,32,32,32,5.2911069917192304e-05
42,O,100,dev,seen_D,current T detached,32,32,32,3.069797289033568e-05
42,O,100,dev,H0,,32,32,,0.00012231362448439628
42,O,100,dev,H1,,32,32,,6.399804016780011e-05
42,O,100,dev,H2,,32,32,,9.95389397343845e-05
42,O,100,dev,all3,,32,32,,
42,O,150,train,seen_A,current T detached,32,32,32,5.445637998614698e-05
42,O,150,train,seen_D,current T detached,32,32,32,4.706676721476837e-05
42,O,150,train,H0,,32,32,,6.0726945777151183e-05
42,O,150,train,H1,,32,32,,7.188879770937683e-05
42,O,150,train,H2,,32,32,,0.00013035310339061507
42,O,150,train,all3,,32,32,,
42,O,150,dev,seen_A,current T detached,32,32,32,5.4228932550940355e-05
42,O,150,dev,seen_D,current T detached,32,32,32,4.980583712420442e-05
42,O,150,dev,H0,,32,32,,6.513018641043064e-05
42,O,150,dev,H1,,32,32,,7.514939603824851e-05
42,O,150,dev,H2,,32,32,,0.00013275968666061642
42,O,150,dev,all3,,32,32,,
42,O,200,train,seen_A,current T detached,32,32,32,2.7408334410786022e-05
42,O,200,train,seen_D,current T detached,32,32,32,2.7975478661947934e-05
42,O,200,train,H0,,32,32,,3.957642420644355e-05
42,O,200,train,H1,,32,32,,4.98618663231732e-05
42,O,200,train,H2,,32,32,,9.720808685901338e-05
42,O,200,train,all3,,32,32,,
42,O,200,dev,seen_A,current T detached,32,32,32,2.7521250672801272e-05
42,O,200,dev,seen_D,current T detached,32,32,32,2.7898457308447427e-05
42,O,200,dev,H0,,32,32,,4.2306727297599205e-05
42,O,200,dev,H1,,32,32,,5.245016616859342e-05
42,O,200,dev,H2,,32,32,,9.688335447694072e-05
42,O,200,dev,all3,,32,32,,
43,N,100,train,seen_A,natural E,32,32,32,3.311897547766465e-05
43,N,100,train,seen_D,natural E,32,32,32,3.059187088461196e-05
43,N,100,train,H0,,32,32,,0.00024016603212246505
43,N,100,train,H1,,32,32,,3.772008399144832e-05
43,N,100,train,H2,,32,32,,0.0001418134134010895
43,N,100,train,all3,,32,32,,
43,N,100,dev,seen_A,natural E,32,32,32,3.471766429784061e-05
43,N,100,dev,seen_D,natural E,32,32,32,3.02699780030573e-05
43,N,100,dev,H0,,32,32,,0.00024283481383920497
43,N,100,dev,H1,,32,32,,4.222016877260703e-05
43,N,100,dev,H2,,32,32,,0.00017010027643888018
43,N,100,dev,all3,,32,32,,
43,N,150,train,seen_A,natural E,32,32,32,2.3054921175978744e-05
43,N,150,train,seen_D,natural E,32,32,32,2.0806527144643333e-05
43,N,150,train,H0,,32,32,,0.00012194884968836766
43,N,150,train,H1,,32,32,,2.747567615626799e-05
43,N,150,train,H2,,32,32,,0.00010382898166407534
43,N,150,train,all3,,32,32,,
43,N,150,dev,seen_A,natural E,32,32,32,2.4456531445551765e-05
43,N,150,dev,seen_D,natural E,32,32,32,2.171948429354838e-05
43,N,150,dev,H0,,32,32,,0.000119180353791136
43,N,150,dev,H1,,32,32,,2.7945366084968174e-05
43,N,150,dev,H2,,32,32,,0.00011446483080343621
43,N,150,dev,all3,,32,32,,
43,N,200,train,seen_A,natural E,32,32,32,1.775198741664344e-05
43,N,200,train,seen_D,natural E,32,32,32,1.7563689582547732e-05
43,N,200,train,H0,,32,32,,8.110476019507654e-05
43,N,200,train,H1,,32,32,,2.4402772212069196e-05
43,N,200,train,H2,,32,32,,8.656737856053408e-05
43,N,200,train,all3,,32,32,,
43,N,200,dev,seen_A,natural E,32,32,32,1.8975978198428153e-05
43,N,200,dev,seen_D,natural E,32,32,32,1.846655637971787e-05
43,N,200,dev,H0,,32,32,,7.706181589923604e-05
43,N,200,dev,H1,,32,32,,2.461346159646463e-05
43,N,200,dev,H2,,32,32,,9.356364114112489e-05
43,N,200,dev,all3,,32,32,,
43,F,100,train,seen_A,fixed P,32,32,32,5.587454930420465e-05
43,F,100,train,seen_D,fixed P,32,32,32,4.1352104527681175e-05
43,F,100,train,H0,,32,32,,6.329537296948666e-05
43,F,100,train,H1,,32,32,,9.33513326282154e-05
43,F,100,train,H2,,32,32,,0.0002459500012834531
43,F,100,train,all3,,32,32,,
43,F,100,dev,seen_A,fixed P,32,32,32,5.6489294107311246e-05
43,F,100,dev,seen_D,fixed P,32,32,32,4.557340216308914e-05
43,F,100,dev,H0,,32,32,,6.156811450732413e-05
43,F,100,dev,H1,,32,32,,0.00010421999251099391
43,F,100,dev,H2,,32,32,,0.0002663603969191381
43,F,100,dev,all3,,32,32,,
43,F,150,train,seen_A,fixed P,32,32,32,3.755515356948713e-05
43,F,150,train,seen_D,fixed P,32,32,32,3.312187124956071e-05
43,F,150,train,H0,,32,32,,4.8308372733719715e-05
43,F,150,train,H1,,32,32,,6.325625015485678e-05
43,F,150,train,H2,,32,32,,0.00017176972525327505
43,F,150,train,all3,,32,32,,
43,F,150,dev,seen_A,fixed P,32,32,32,3.853384955643671e-05
43,F,150,dev,seen_D,fixed P,32,32,32,3.595601968006664e-05
43,F,150,dev,H0,,32,32,,4.793538380394743e-05
43,F,150,dev,H1,,32,32,,6.981557207694034e-05
43,F,150,dev,H2,,32,32,,0.00018337704588693239
43,F,150,dev,all3,,32,32,,
43,F,200,train,seen_A,fixed P,32,32,32,2.9731982496909524e-05
43,F,200,train,seen_D,fixed P,32,32,32,2.7514664248375062e-05
43,F,200,train,H0,,32,32,,3.896817576015424e-05
43,F,200,train,H1,,32,32,,4.934652945237484e-05
43,F,200,train,H2,,32,32,,0.00013339838409076973
43,F,200,train,all3,,32,32,,
43,F,200,dev,seen_A,fixed P,32,32,32,3.060587843093777e-05
43,F,200,dev,seen_D,fixed P,32,32,32,2.9587032606753984e-05
43,F,200,dev,H0,,32,32,,3.9212361111607966e-05
43,F,200,dev,H1,,32,32,,5.365320987553282e-05
43,F,200,dev,H2,,32,32,,0.0001413652949773887
43,F,200,dev,all3,,32,32,,
43,O,100,train,seen_A,current T detached,32,32,32,6.230401122889493e-05
43,O,100,train,seen_D,current T detached,32,32,32,5.972108260628589e-05
43,O,100,train,H0,,32,32,,8.020326802482821e-05
43,O,100,train,H1,,32,32,,0.00012166982002541791
43,O,100,train,H2,,32,32,,0.00022982527933026553
43,O,100,train,all3,,32,32,,
43,O,100,dev,seen_A,current T detached,32,32,32,6.0980015305822584e-05
43,O,100,dev,seen_D,current T detached,32,32,32,6.318694485359077e-05
43,O,100,dev,H0,,32,32,,7.447233839272595e-05
43,O,100,dev,H1,,32,32,,0.00013619639861387693
43,O,100,dev,H2,,32,32,,0.00024401286741260303
43,O,100,dev,all3,,32,32,,
43,O,150,train,seen_A,current T detached,32,32,32,4.4219391316231065e-05
43,O,150,train,seen_D,current T detached,32,32,32,4.02472020484497e-05
43,O,150,train,H0,,32,32,,5.879021022330742e-05
43,O,150,train,H1,,32,32,,8.418122793926878e-05
43,O,150,train,H2,,32,32,,0.0001659436010294176
43,O,150,train,all3,,32,32,,
43,O,150,dev,seen_A,current T detached,32,32,32,4.41655963678371e-05
43,O,150,dev,seen_D,current T detached,32,32,32,4.22233284662269e-05
43,O,150,dev,H0,,32,32,,5.5370948271928306e-05
43,O,150,dev,H1,,32,32,,9.308767145992066e-05
43,O,150,dev,H2,,32,32,,0.0001750835805707148
43,O,150,dev,all3,,32,32,,
43,O,200,train,seen_A,current T detached,32,32,32,3.427178752159995e-05
43,O,200,train,seen_D,current T detached,32,32,32,3.127912135246327e-05
43,O,200,train,H0,,32,32,,4.610870696873112e-05
43,O,200,train,H1,,32,32,,6.418623228803257e-05
43,O,200,train,H2,,32,32,,0.0001313715380821159
43,O,200,train,all3,,32,32,,
43,O,200,dev,seen_A,current T detached,32,32,32,3.4405111344442116e-05
43,O,200,dev,seen_D,current T detached,32,32,32,3.2534544267742566e-05
43,O,200,dev,H0,,32,32,,4.409526929464094e-05
43,O,200,dev,H1,,32,32,,6.955584080850813e-05
43,O,200,dev,H2,,32,32,,0.00013890491916763924
43,O,200,dev,all3,,32,32,,
44,N,100,train,seen_A,natural E,32,32,32,1.2371217555700064e-05
44,N,100,train,seen_D,natural E,32,32,32,1.217321122477142e-05
44,N,100,train,H0,,32,32,,2.5584998795513176e-05
44,N,100,train,H1,,32,32,,3.138200151467616e-05
44,N,100,train,H2,,32,32,,6.553344761587011e-05
44,N,100,train,all3,,32,32,,
44,N,100,dev,seen_A,natural E,32,32,32,1.2410440791685826e-05
44,N,100,dev,seen_D,natural E,32,32,32,1.2689249523561652e-05
44,N,100,dev,H0,,32,32,,2.472930440328118e-05
44,N,100,dev,H1,,32,32,,3.577667529693517e-05
44,N,100,dev,H2,,32,32,,6.770264861388474e-05
44,N,100,dev,all3,,32,32,,
44,N,150,train,seen_A,natural E,32,32,32,8.726307436421999e-06
44,N,150,train,seen_D,natural E,32,32,32,8.317026922705468e-06
44,N,150,train,H0,,32,32,,1.7143790268003748e-05
44,N,150,train,H1,,32,32,,2.240519485465446e-05
44,N,150,train,H2,,32,32,,4.384013173510702e-05
44,N,150,train,all3,,32,32,,
44,N,150,dev,seen_A,natural E,32,32,32,8.806154240670874e-06
44,N,150,dev,seen_D,natural E,32,32,32,8.641709010574783e-06
44,N,150,dev,H0,,32,32,,1.6357709016134055e-05
44,N,150,dev,H1,,32,32,,2.5658993239707133e-05
44,N,150,dev,H2,,32,32,,4.661877519824099e-05
44,N,150,dev,all3,,32,32,,
44,N,200,train,seen_A,natural E,32,32,32,6.396272787182962e-06
44,N,200,train,seen_D,natural E,32,32,32,6.416323806018299e-06
44,N,200,train,H0,,32,32,,1.256423394915724e-05
44,N,200,train,H1,,32,32,,1.7139420681723885e-05
44,N,200,train,H2,,32,32,,3.323672376106819e-05
44,N,200,train,all3,,32,32,,
44,N,200,dev,seen_A,natural E,32,32,32,6.455340156063839e-06
44,N,200,dev,seen_D,natural E,32,32,32,6.6512493901571786e-06
44,N,200,dev,H0,,32,32,,1.228168933300048e-05
44,N,200,dev,H1,,32,32,,1.9487149127227553e-05
44,N,200,dev,H2,,32,32,,3.524022164671677e-05
44,N,200,dev,all3,,32,32,,
44,F,100,train,seen_A,fixed P,32,32,32,3.98634911452899e-05
44,F,100,train,seen_D,fixed P,32,32,32,3.114605196587377e-05
44,F,100,train,H0,,32,32,,5.526734520263379e-05
44,F,100,train,H1,,32,32,,8.9761228146218e-05
44,F,100,train,H2,,32,32,,0.00016776539000194467
44,F,100,train,all3,,32,32,,
44,F,100,dev,seen_A,fixed P,32,32,32,4.087411862151708e-05
44,F,100,dev,seen_D,fixed P,32,32,32,3.0170793659715338e-05
44,F,100,dev,H0,,32,32,,6.035537991053498e-05
44,F,100,dev,H1,,32,32,,8.789796646713664e-05
44,F,100,dev,H2,,32,32,,0.00018180347369564453
44,F,100,dev,all3,,32,32,,
44,F,150,train,seen_A,fixed P,32,32,32,2.8866727789358477e-05
44,F,150,train,seen_D,fixed P,32,32,32,2.328310590843939e-05
44,F,150,train,H0,,32,32,,4.11464816979066e-05
44,F,150,train,H1,,32,32,,6.353786797716884e-05
44,F,150,train,H2,,32,32,,0.00013008501358882502
44,F,150,train,all3,,32,32,,
44,F,150,dev,seen_A,fixed P,32,32,32,2.9878585834420018e-05
44,F,150,dev,seen_D,fixed P,32,32,32,2.286579479626253e-05
44,F,150,dev,H0,,32,32,,4.523222566904081e-05
44,F,150,dev,H1,,32,32,,6.213658553284851e-05
44,F,150,dev,H2,,32,32,,0.0001390632913942834
44,F,150,dev,all3,,32,32,,
44,F,200,train,seen_A,fixed P,32,32,32,4.632925877557357e-05
44,F,200,train,seen_D,fixed P,32,32,32,2.182579162250067e-05
44,F,200,train,H0,,32,32,,0.00012695060023173245
44,F,200,train,H1,,32,32,,5.0195433839462866e-05
44,F,200,train,H2,,32,32,,0.00011009924335984128
44,F,200,train,all3,,32,32,,
44,F,200,dev,seen_A,fixed P,32,32,32,4.632242196182278e-05
44,F,200,dev,seen_D,fixed P,32,32,32,2.0943254361544925e-05
44,F,200,dev,H0,,32,32,,0.00018231135397461969
44,F,200,dev,H1,,32,32,,5.212778258149595e-05
44,F,200,dev,H2,,32,32,,0.0001260067462123911
44,F,200,dev,all3,,32,32,,
44,O,100,train,seen_A,current T detached,32,32,32,3.8894234235263256e-05
44,O,100,train,seen_D,current T detached,32,32,32,1.9435744035705984e-05
44,O,100,train,H0,,32,32,,5.40333072157148e-05
44,O,100,train,H1,,32,32,,9.20738895140317e-05
44,O,100,train,H2,,32,32,,0.00015505431316822032
44,O,100,train,all3,,32,32,,
44,O,100,dev,seen_A,current T detached,32,32,32,3.9558160062141394e-05
44,O,100,dev,seen_D,current T detached,32,32,32,2.0268891772313827e-05
44,O,100,dev,H0,,32,32,,5.806985046685288e-05
44,O,100,dev,H1,,32,32,,9.022182047474369e-05
44,O,100,dev,H2,,32,32,,0.00016783379507129183
44,O,100,dev,all3,,32,32,,
44,O,150,train,seen_A,current T detached,32,32,32,2.8591744492419337e-05
44,O,150,train,seen_D,current T detached,32,32,32,1.499653709205714e-05
44,O,150,train,H0,,32,32,,4.0018852727163114e-05
44,O,150,train,H1,,32,32,,6.648868475877165e-05
44,O,150,train,H2,,32,32,,0.00012143252956982512
44,O,150,train,all3,,32,32,,
44,O,150,dev,seen_A,current T detached,32,32,32,2.9280970364177975e-05
44,O,150,dev,seen_D,current T detached,32,32,32,1.552215964365445e-05
44,O,150,dev,H0,,32,32,,4.343223154327847e-05
44,O,150,dev,H1,,32,32,,6.448267928583069e-05
44,O,150,dev,H2,,32,32,,0.00013008783525709277
44,O,150,dev,all3,,32,32,,
44,O,200,train,seen_A,current T detached,32,32,32,4.3464355815828776e-05
44,O,200,train,seen_D,current T detached,32,32,32,2.884302814927058e-05
44,O,200,train,H0,,32,32,,0.00016819860471923616
44,O,200,train,H1,,32,32,,5.16496393139267e-05
44,O,200,train,H2,,32,32,,0.00010787685957624636
44,O,200,train,all3,,32,32,,
44,O,200,dev,seen_A,current T detached,32,32,32,4.326348561002196e-05
44,O,200,dev,seen_D,current T detached,32,32,32,3.412188690148111e-05
44,O,200,dev,H0,,32,32,,0.00026553957671273244
44,O,200,dev,H1,,32,32,,5.3393082962620086e-05
44,O,200,dev,H2,,32,32,,0.00012289800060088916
44,O,200,dev,all3,,32,32,,
