operation,offset,status,polarity,perspective,N
P_13,-2,recorded_plan,negative,first,13
P_13,-2,recorded_plan,positive,first,18
P_13,-2,reported_cancelled,negative,first,16
P_13,-2,reported_cancelled,positive,first,18
P_13,-2,reported_completed,negative,first,26
P_13,-2,reported_completed,positive,first,20
P_13,-1,recorded_plan,negative,first,17
P_13,-1,recorded_plan,positive,first,24
P_13,-1,reported_cancelled,negative,first,17
P_13,-1,reported_cancelled,positive,first,14
P_13,-1,reported_completed,negative,first,19
P_13,-1,reported_completed,positive,first,30
P_13,0,recorded_plan,negative,first,17
P_13,0,recorded_plan,positive,first,14
P_13,0,reported_cancelled,negative,first,8
P_13,0,reported_cancelled,positive,first,17
P_13,0,reported_completed,negative,first,35
P_13,0,reported_completed,positive,first,30
P_13,1,recorded_plan,negative,first,20
P_13,1,recorded_plan,positive,first,12
P_13,1,reported_cancelled,negative,first,18
P_13,1,reported_cancelled,positive,first,15
P_13,2,recorded_plan,negative,first,13
P_13,2,recorded_plan,positive,first,12
P_13,2,reported_cancelled,negative,first,21
P_13,2,reported_cancelled,positive,first,16
P_31,-2,recorded_plan,negative,third,13
P_31,-2,recorded_plan,positive,third,18
P_31,-2,reported_cancelled,negative,third,16
P_31,-2,reported_cancelled,positive,third,18
P_31,-2,reported_completed,negative,third,26
P_31,-2,reported_completed,positive,third,20
P_31,-1,recorded_plan,negative,third,17
P_31,-1,recorded_plan,positive,third,24
P_31,-1,reported_cancelled,negative,third,17
P_31,-1,reported_cancelled,positive,third,14
P_31,-1,reported_completed,negative,third,19
P_31,-1,reported_completed,positive,third,30
P_31,0,recorded_plan,negative,third,17
P_31,0,recorded_plan,positive,third,14
P_31,0,reported_cancelled,negative,third,8
P_31,0,reported_cancelled,positive,third,17
P_31,0,reported_completed,negative,third,35
P_31,0,reported_completed,positive,third,30
P_31,1,recorded_plan,negative,third,20
P_31,1,recorded_plan,positive,third,12
P_31,1,reported_cancelled,negative,third,18
P_31,1,reported_cancelled,positive,third,15
P_31,2,recorded_plan,negative,third,13
P_31,2,recorded_plan,positive,third,12
P_31,2,reported_cancelled,negative,third,21
P_31,2,reported_cancelled,positive,third,16
T_minus,-3,recorded_plan,negative,first,16
T_minus,-3,recorded_plan,negative,third,13
T_minus,-3,recorded_plan,positive,first,14
T_minus,-3,recorded_plan,positive,third,6
T_minus,-3,reported_cancelled,negative,first,8
T_minus,-3,reported_cancelled,negative,third,9
T_minus,-3,reported_cancelled,positive,first,9
T_minus,-3,reported_cancelled,positive,third,15
T_minus,-3,reported_completed,negative,first,29
T_minus,-3,reported_completed,negative,third,24
T_minus,-3,reported_completed,positive,first,32
T_minus,-3,reported_completed,positive,third,30
T_minus,-2,recorded_plan,negative,first,9
T_minus,-2,recorded_plan,negative,third,9
T_minus,-2,recorded_plan,positive,first,8
T_minus,-2,recorded_plan,positive,third,14
T_minus,-2,reported_cancelled,negative,first,15
T_minus,-2,reported_cancelled,negative,third,11
T_minus,-2,reported_cancelled,positive,first,17
T_minus,-2,reported_cancelled,positive,third,12
T_minus,-2,reported_completed,negative,first,30
T_minus,-2,reported_completed,negative,third,28
T_minus,-2,reported_completed,positive,first,27
T_minus,-2,reported_completed,positive,third,29
T_minus,-1,recorded_plan,negative,first,5
T_minus,-1,recorded_plan,negative,third,14
T_minus,-1,recorded_plan,positive,first,15
T_minus,-1,recorded_plan,positive,third,12
T_minus,-1,reported_cancelled,negative,first,9
T_minus,-1,reported_cancelled,negative,third,10
T_minus,-1,reported_cancelled,positive,first,13
T_minus,-1,reported_cancelled,positive,third,14
T_minus,-1,reported_completed,negative,first,21
T_minus,-1,reported_completed,negative,third,28
T_minus,-1,reported_completed,positive,first,21
T_minus,-1,reported_completed,positive,third,21
T_minus,0,recorded_plan,negative,first,12
T_minus,0,recorded_plan,negative,third,13
T_minus,0,recorded_plan,positive,first,13
T_minus,0,recorded_plan,positive,third,9
T_minus,0,reported_cancelled,negative,first,18
T_minus,0,reported_cancelled,negative,third,10
T_minus,0,reported_cancelled,positive,first,8
T_minus,0,reported_cancelled,positive,third,8
T_minus,1,recorded_plan,negative,first,8
T_minus,1,recorded_plan,negative,third,10
T_minus,1,recorded_plan,positive,first,15
T_minus,1,recorded_plan,positive,third,18
T_minus,1,reported_cancelled,negative,first,11
T_minus,1,reported_cancelled,negative,third,17
T_minus,1,reported_cancelled,positive,first,11
T_minus,1,reported_cancelled,positive,third,8
T_minus,2,recorded_plan,negative,first,11
T_minus,2,recorded_plan,negative,third,7
T_minus,2,recorded_plan,positive,first,9
T_minus,2,recorded_plan,positive,third,15
T_minus,2,reported_cancelled,negative,first,12
T_minus,2,reported_cancelled,negative,third,13
T_minus,2,reported_cancelled,positive,first,13
T_minus,2,reported_cancelled,positive,third,12
T_minus,3,recorded_plan,negative,first,19
T_minus,3,recorded_plan,negative,third,14
T_minus,3,recorded_plan,positive,first,6
T_minus,3,recorded_plan,positive,third,6
T_minus,3,reported_cancelled,negative,first,7
T_minus,3,reported_cancelled,negative,third,10
T_minus,3,reported_cancelled,positive,first,9
T_minus,3,reported_cancelled,positive,third,11
T_plus,-3,recorded_plan,negative,first,14
T_plus,-3,recorded_plan,negative,third,9
T_plus,-3,recorded_plan,positive,first,9
T_plus,-3,recorded_plan,positive,third,9
T_plus,-3,reported_cancelled,negative,first,11
T_plus,-3,reported_cancelled,negative,third,15
T_plus,-3,reported_cancelled,positive,first,6
T_plus,-3,reported_cancelled,positive,third,15
T_plus,-3,reported_completed,negative,first,21
T_plus,-3,reported_completed,negative,third,21
T_plus,-3,reported_completed,positive,first,21
T_plus,-3,reported_completed,positive,third,23
T_plus,-2,recorded_plan,negative,first,15
T_plus,-2,recorded_plan,negative,third,10
T_plus,-2,recorded_plan,positive,first,13
T_plus,-2,recorded_plan,positive,third,11
T_plus,-2,reported_cancelled,negative,first,12
T_plus,-2,reported_cancelled,negative,third,8
T_plus,-2,reported_cancelled,positive,first,11
T_plus,-2,reported_cancelled,positive,third,9
T_plus,-2,reported_completed,negative,first,21
T_plus,-2,reported_completed,negative,third,11
T_plus,-2,reported_completed,positive,first,15
T_plus,-2,reported_completed,positive,third,17
T_plus,-1,recorded_plan,negative,first,11
T_plus,-1,recorded_plan,negative,third,13
T_plus,-1,recorded_plan,positive,first,7
T_plus,-1,recorded_plan,positive,third,18
T_plus,-1,reported_cancelled,negative,first,12
T_plus,-1,reported_cancelled,negative,third,4
T_plus,-1,reported_cancelled,positive,first,7
T_plus,-1,reported_cancelled,positive,third,11
T_plus,-1,reported_completed,negative,first,18
T_plus,-1,reported_completed,negative,third,23
T_plus,-1,reported_completed,positive,first,19
T_plus,-1,reported_completed,positive,third,21
T_plus,0,recorded_plan,negative,first,12
T_plus,0,recorded_plan,negative,third,13
T_plus,0,recorded_plan,positive,first,17
T_plus,0,recorded_plan,positive,third,12
T_plus,0,reported_cancelled,negative,first,13
T_plus,0,reported_cancelled,negative,third,13
T_plus,0,reported_cancelled,positive,first,9
T_plus,0,reported_cancelled,positive,third,11
T_plus,0,reported_completed,negative,first,20
T_plus,0,reported_completed,negative,third,25
T_plus,0,reported_completed,positive,first,25
T_plus,0,reported_completed,positive,third,19
T_plus,1,recorded_plan,negative,first,11
T_plus,1,recorded_plan,negative,third,10
T_plus,1,recorded_plan,positive,first,14
T_plus,1,recorded_plan,positive,third,10
T_plus,1,reported_cancelled,negative,first,13
T_plus,1,reported_cancelled,negative,third,12
T_plus,1,reported_cancelled,positive,first,15
T_plus,1,reported_cancelled,positive,third,14
T_plus,2,recorded_plan,negative,first,11
T_plus,2,recorded_plan,negative,third,14
T_plus,2,recorded_plan,positive,first,9
T_plus,2,recorded_plan,positive,third,8
T_plus,2,reported_cancelled,negative,first,12
T_plus,2,reported_cancelled,negative,third,11
T_plus,2,reported_cancelled,positive,first,18
T_plus,2,reported_cancelled,positive,third,8
T_plus,3,recorded_plan,negative,first,6
T_plus,3,recorded_plan,negative,third,11
T_plus,3,recorded_plan,positive,first,11
T_plus,3,recorded_plan,positive,third,12
T_plus,3,reported_cancelled,negative,first,7
T_plus,3,reported_cancelled,negative,third,17
T_plus,3,reported_cancelled,positive,first,14
T_plus,3,reported_cancelled,positive,third,12
