seed,path,route,support,length,N,joint_ok,parse_unresolved,first_joint,middle_exact
42,time_twice,A1,all80,all,80,0.0,1.0,1.0,1.0
42,time_twice,A1,all80,unchanged,47,0.0,1.0,1.0,1.0
42,time_twice,A1,outside27,all,27,0.0,1.0,1.0,1.0
42,time_twice,A1,outside27,unchanged,27,0.0,1.0,1.0,1.0
42,time_twice,A2,all80,all,80,0.6625,0.0,1.0,1.0
42,time_twice,A2,all80,unchanged,47,0.425531914893617,0.0,1.0,1.0
42,time_twice,A2,outside27,all,27,0.0,0.0,1.0,1.0
42,time_twice,A2,outside27,unchanged,27,0.0,0.0,1.0,1.0
42,time_twice,A3,all80,all,80,0.6625,0.0,1.0,1.0
42,time_twice,A3,all80,unchanged,47,0.425531914893617,0.0,1.0,1.0
42,time_twice,A3,outside27,all,27,0.0,0.0,1.0,1.0
42,time_twice,A3,outside27,unchanged,27,0.0,0.0,1.0,1.0
42,time_twice,A1,all80,changed,33,0.0,1.0,1.0,1.0
42,time_twice,A1,inside53,all,53,0.0,1.0,1.0,1.0
42,time_twice,A1,inside53,changed,33,0.0,1.0,1.0,1.0
42,time_twice,A2,all80,changed,33,1.0,0.0,1.0,1.0
42,time_twice,A2,inside53,all,53,1.0,0.0,1.0,1.0
42,time_twice,A2,inside53,changed,33,1.0,0.0,1.0,1.0
42,time_twice,A3,all80,changed,33,1.0,0.0,1.0,1.0
42,time_twice,A3,inside53,all,53,1.0,0.0,1.0,1.0
42,time_twice,A3,inside53,changed,33,1.0,0.0,1.0,1.0
42,time_twice,A1,inside53,unchanged,20,0.0,1.0,1.0,1.0
42,time_twice,A2,inside53,unchanged,20,1.0,0.0,1.0,1.0
42,time_twice,A3,inside53,unchanged,20,1.0,0.0,1.0,1.0
42,time_return,A1,all80,all,80,0.0,0.9875,1.0,1.0
42,time_return,A1,all80,unchanged,47,0.0,1.0,1.0,1.0
42,time_return,A1,outside27,all,27,0.0,1.0,1.0,1.0
42,time_return,A1,outside27,unchanged,27,0.0,1.0,1.0,1.0
42,time_return,A2,all80,all,80,0.6625,0.0125,1.0,1.0
42,time_return,A2,all80,unchanged,47,0.425531914893617,0.02127659574468085,1.0,1.0
42,time_return,A2,outside27,all,27,0.0,0.037037037037037035,1.0,1.0
42,time_return,A2,outside27,unchanged,27,0.0,0.037037037037037035,1.0,1.0
42,time_return,A3,all80,all,80,0.6625,0.0125,1.0,1.0
42,time_return,A3,all80,unchanged,47,0.425531914893617,0.02127659574468085,1.0,1.0
42,time_return,A3,outside27,all,27,0.0,0.037037037037037035,1.0,1.0
42,time_return,A3,outside27,unchanged,27,0.0,0.037037037037037035,1.0,1.0
42,time_return,A1,all80,changed,33,0.0,0.9696969696969697,1.0,1.0
42,time_return,A1,inside53,all,53,0.0,0.9811320754716981,1.0,1.0
42,time_return,A1,inside53,changed,33,0.0,0.9696969696969697,1.0,1.0
42,time_return,A2,all80,changed,33,1.0,0.0,1.0,1.0
42,time_return,A2,inside53,all,53,1.0,0.0,1.0,1.0
42,time_return,A2,inside53,changed,33,1.0,0.0,1.0,1.0
42,time_return,A3,all80,changed,33,1.0,0.0,1.0,1.0
42,time_return,A3,inside53,all,53,1.0,0.0,1.0,1.0
42,time_return,A3,inside53,changed,33,1.0,0.0,1.0,1.0
42,time_return,A1,inside53,unchanged,20,0.0,1.0,1.0,1.0
42,time_return,A2,inside53,unchanged,20,1.0,0.0,1.0,1.0
42,time_return,A3,inside53,unchanged,20,1.0,0.0,1.0,1.0
43,time_twice,A1,all80,all,80,0.0,1.0,1.0,1.0
43,time_twice,A1,all80,unchanged,47,0.0,1.0,1.0,1.0
43,time_twice,A1,outside27,all,27,0.0,1.0,1.0,1.0
43,time_twice,A1,outside27,unchanged,27,0.0,1.0,1.0,1.0
43,time_twice,A2,all80,all,80,0.6625,0.0,1.0,1.0
43,time_twice,A2,all80,unchanged,47,0.425531914893617,0.0,1.0,1.0
43,time_twice,A2,outside27,all,27,0.0,0.0,1.0,1.0
43,time_twice,A2,outside27,unchanged,27,0.0,0.0,1.0,1.0
43,time_twice,A3,all80,all,80,0.6625,0.0,1.0,1.0
43,time_twice,A3,all80,unchanged,47,0.425531914893617,0.0,1.0,1.0
43,time_twice,A3,outside27,all,27,0.0,0.0,1.0,1.0
43,time_twice,A3,outside27,unchanged,27,0.0,0.0,1.0,1.0
43,time_twice,A1,all80,changed,33,0.0,1.0,1.0,1.0
43,time_twice,A1,inside53,all,53,0.0,1.0,1.0,1.0
43,time_twice,A1,inside53,changed,33,0.0,1.0,1.0,1.0
43,time_twice,A2,all80,changed,33,1.0,0.0,1.0,1.0
43,time_twice,A2,inside53,all,53,1.0,0.0,1.0,1.0
43,time_twice,A2,inside53,changed,33,1.0,0.0,1.0,1.0
43,time_twice,A3,all80,changed,33,1.0,0.0,1.0,1.0
43,time_twice,A3,inside53,all,53,1.0,0.0,1.0,1.0
43,time_twice,A3,inside53,changed,33,1.0,0.0,1.0,1.0
43,time_twice,A1,inside53,unchanged,20,0.0,1.0,1.0,1.0
43,time_twice,A2,inside53,unchanged,20,1.0,0.0,1.0,1.0
43,time_twice,A3,inside53,unchanged,20,1.0,0.0,1.0,1.0
43,time_return,A1,all80,all,80,0.0,1.0,1.0,1.0
43,time_return,A1,all80,unchanged,47,0.0,1.0,1.0,1.0
43,time_return,A1,outside27,all,27,0.0,1.0,1.0,1.0
43,time_return,A1,outside27,unchanged,27,0.0,1.0,1.0,1.0
43,time_return,A2,all80,all,80,0.6625,0.0375,1.0,1.0
43,time_return,A2,all80,unchanged,47,0.425531914893617,0.06382978723404255,1.0,1.0
43,time_return,A2,outside27,all,27,0.0,0.1111111111111111,1.0,1.0
43,time_return,A2,outside27,unchanged,27,0.0,0.1111111111111111,1.0,1.0
43,time_return,A3,all80,all,80,0.6625,0.0375,1.0,1.0
43,time_return,A3,all80,unchanged,47,0.425531914893617,0.06382978723404255,1.0,1.0
43,time_return,A3,outside27,all,27,0.0,0.1111111111111111,1.0,1.0
43,time_return,A3,outside27,unchanged,27,0.0,0.1111111111111111,1.0,1.0
43,time_return,A1,all80,changed,33,0.0,1.0,1.0,1.0
43,time_return,A1,inside53,all,53,0.0,1.0,1.0,1.0
43,time_return,A1,inside53,changed,33,0.0,1.0,1.0,1.0
43,time_return,A2,all80,changed,33,1.0,0.0,1.0,1.0
43,time_return,A2,inside53,all,53,1.0,0.0,1.0,1.0
43,time_return,A2,inside53,changed,33,1.0,0.0,1.0,1.0
43,time_return,A3,all80,changed,33,1.0,0.0,1.0,1.0
43,time_return,A3,inside53,all,53,1.0,0.0,1.0,1.0
43,time_return,A3,inside53,changed,33,1.0,0.0,1.0,1.0
43,time_return,A1,inside53,unchanged,20,0.0,1.0,1.0,1.0
43,time_return,A2,inside53,unchanged,20,1.0,0.0,1.0,1.0
43,time_return,A3,inside53,unchanged,20,1.0,0.0,1.0,1.0
44,time_twice,A1,all80,all,80,0.0,1.0,1.0,1.0
44,time_twice,A1,all80,unchanged,47,0.0,1.0,1.0,1.0
44,time_twice,A1,outside27,all,27,0.0,1.0,1.0,1.0
44,time_twice,A1,outside27,unchanged,27,0.0,1.0,1.0,1.0
44,time_twice,A2,all80,all,80,0.6625,0.0,1.0,1.0
44,time_twice,A2,all80,unchanged,47,0.425531914893617,0.0,1.0,1.0
44,time_twice,A2,outside27,all,27,0.0,0.0,1.0,1.0
44,time_twice,A2,outside27,unchanged,27,0.0,0.0,1.0,1.0
44,time_twice,A3,all80,all,80,0.6625,0.0,1.0,1.0
44,time_twice,A3,all80,unchanged,47,0.425531914893617,0.0,1.0,1.0
44,time_twice,A3,outside27,all,27,0.0,0.0,1.0,1.0
44,time_twice,A3,outside27,unchanged,27,0.0,0.0,1.0,1.0
44,time_twice,A1,all80,changed,33,0.0,1.0,1.0,1.0
44,time_twice,A1,inside53,all,53,0.0,1.0,1.0,1.0
44,time_twice,A1,inside53,changed,33,0.0,1.0,1.0,1.0
44,time_twice,A2,all80,changed,33,1.0,0.0,1.0,1.0
44,time_twice,A2,inside53,all,53,1.0,0.0,1.0,1.0
44,time_twice,A2,inside53,changed,33,1.0,0.0,1.0,1.0
44,time_twice,A3,all80,changed,33,1.0,0.0,1.0,1.0
44,time_twice,A3,inside53,all,53,1.0,0.0,1.0,1.0
44,time_twice,A3,inside53,changed,33,1.0,0.0,1.0,1.0
44,time_twice,A1,inside53,unchanged,20,0.0,1.0,1.0,1.0
44,time_twice,A2,inside53,unchanged,20,1.0,0.0,1.0,1.0
44,time_twice,A3,inside53,unchanged,20,1.0,0.0,1.0,1.0
44,time_return,A1,all80,all,80,0.0,1.0,1.0,1.0
44,time_return,A1,all80,unchanged,47,0.0,1.0,1.0,1.0
44,time_return,A1,outside27,all,27,0.0,1.0,1.0,1.0
44,time_return,A1,outside27,unchanged,27,0.0,1.0,1.0,1.0
44,time_return,A2,all80,all,80,0.6625,0.0,1.0,1.0
44,time_return,A2,all80,unchanged,47,0.425531914893617,0.0,1.0,1.0
44,time_return,A2,outside27,all,27,0.0,0.0,1.0,1.0
44,time_return,A2,outside27,unchanged,27,0.0,0.0,1.0,1.0
44,time_return,A3,all80,all,80,0.6625,0.0,1.0,1.0
44,time_return,A3,all80,unchanged,47,0.425531914893617,0.0,1.0,1.0
44,time_return,A3,outside27,all,27,0.0,0.0,1.0,1.0
44,time_return,A3,outside27,unchanged,27,0.0,0.0,1.0,1.0
44,time_return,A1,all80,changed,33,0.0,1.0,1.0,1.0
44,time_return,A1,inside53,all,53,0.0,1.0,1.0,1.0
44,time_return,A1,inside53,changed,33,0.0,1.0,1.0,1.0
44,time_return,A2,all80,changed,33,1.0,0.0,1.0,1.0
44,time_return,A2,inside53,all,53,1.0,0.0,1.0,1.0
44,time_return,A2,inside53,changed,33,1.0,0.0,1.0,1.0
44,time_return,A3,all80,changed,33,1.0,0.0,1.0,1.0
44,time_return,A3,inside53,all,53,1.0,0.0,1.0,1.0
44,time_return,A3,inside53,changed,33,1.0,0.0,1.0,1.0
44,time_return,A1,inside53,unchanged,20,0.0,1.0,1.0,1.0
44,time_return,A2,inside53,unchanged,20,1.0,0.0,1.0,1.0
44,time_return,A3,inside53,unchanged,20,1.0,0.0,1.0,1.0
