split,world_id,step,gold_offset,probe_offset,decoded_offset,category,decoded_success,parse_unresolved,cosine_distance,normalized_l2
test_iid,v3_confirmation_test_iid_0000,1,0,0,0,correct,True,False,0.09241247177124023,0.4528054893016815
test_iid,v3_confirmation_test_iid_0002,1,0,0,0,correct,True,False,0.09269803762435913,0.4518258273601532
test_iid,v3_confirmation_test_iid_0003,1,0,0,0,correct,True,False,0.09835898876190186,0.4693334698677063
test_iid,v3_confirmation_test_iid_0005,1,0,0,0,correct,True,False,0.09319829940795898,0.45460763573646545
test_iid,v3_confirmation_test_iid_0006,1,0,0,0,correct,True,False,0.08961045742034912,0.44665321707725525
test_iid,v3_confirmation_test_iid_0008,1,0,0,0,correct,True,False,0.08840048313140869,0.4417664408683777
test_iid,v3_confirmation_test_iid_0009,1,0,0,0,correct,True,False,0.09826010465621948,0.46826937794685364
test_iid,v3_confirmation_test_iid_0011,1,0,0,0,correct,True,False,0.09380972385406494,0.45529618859291077
test_iid,v3_confirmation_test_iid_0012,1,0,0,0,correct,True,False,0.09513860940933228,0.4598599076271057
test_iid,v3_confirmation_test_iid_0014,1,0,0,0,correct,True,False,0.0925341248512268,0.4522343873977661
test_iid,v3_confirmation_test_iid_0015,1,0,0,0,correct,True,False,0.11352646350860596,0.5041903853416443
test_iid,v3_confirmation_test_iid_0017,1,0,0,0,correct,True,False,0.09493839740753174,0.4577648937702179
test_iid,v3_confirmation_test_iid_0018,1,0,0,0,correct,True,False,0.09695708751678467,0.4642100930213928
test_iid,v3_confirmation_test_iid_0020,1,0,0,0,correct,True,False,0.09359443187713623,0.45581886172294617
test_iid,v3_confirmation_test_iid_0021,1,0,0,0,correct,True,False,0.10030090808868408,0.4726119935512543
test_iid,v3_confirmation_test_iid_0023,1,0,0,0,correct,True,False,0.09684354066848755,0.4634953439235687
test_iid,v3_confirmation_test_iid_0024,1,0,0,0,correct,True,False,0.09614378213882446,0.46206337213516235
test_iid,v3_confirmation_test_iid_0026,1,0,0,0,correct,True,False,0.09081733226776123,0.44822055101394653
test_iid,v3_confirmation_test_iid_0027,1,0,0,0,correct,True,False,0.09405386447906494,0.4576128125190735
test_iid,v3_confirmation_test_iid_0029,1,0,0,0,correct,True,False,0.08953511714935303,0.4464975595474243
test_iid,v3_confirmation_test_iid_0030,1,0,0,0,correct,True,False,0.09422296285629272,0.4578509032726288
test_iid,v3_confirmation_test_iid_0032,1,0,0,0,correct,True,False,0.0884634256362915,0.4430004358291626
test_iid,v3_confirmation_test_iid_0033,1,0,0,0,correct,True,False,0.10346853733062744,0.4786534309387207
test_iid,v3_confirmation_test_iid_0035,1,0,0,0,correct,True,False,0.09601247310638428,0.46093839406967163
test_iid,v3_confirmation_test_iid_0036,1,0,0,0,correct,True,False,0.09191572666168213,0.4515545666217804
test_iid,v3_confirmation_test_iid_0038,1,0,0,0,correct,True,False,0.09264171123504639,0.45352837443351746
test_iid,v3_confirmation_test_iid_0039,1,0,0,0,correct,True,False,0.10985690355300903,0.49577489495277405
test_iid,v3_confirmation_test_iid_0041,1,0,0,0,correct,True,False,0.10786914825439453,0.49046051502227783
test_iid,v3_confirmation_test_iid_0042,1,0,0,0,correct,True,False,0.10329824686050415,0.47864341735839844
test_iid,v3_confirmation_test_iid_0044,1,0,0,0,correct,True,False,0.0949333906173706,0.4577091634273529
test_iid,v3_confirmation_test_iid_0045,1,0,0,0,correct,True,False,0.10245132446289062,0.4782830476760864
test_iid,v3_confirmation_test_iid_0047,1,0,0,0,correct,True,False,0.10397523641586304,0.4809408485889435
test_iid,v3_confirmation_test_iid_0048,1,0,0,0,correct,True,False,0.10063856840133667,0.47362905740737915
test_iid,v3_confirmation_test_iid_0050,1,0,0,0,correct,True,False,0.09618562459945679,0.4607738256454468
test_iid,v3_confirmation_test_iid_0051,1,0,0,0,correct,True,False,0.09824490547180176,0.46734681725502014
test_iid,v3_confirmation_test_iid_0053,1,0,0,0,correct,True,False,0.09039944410324097,0.44768789410591125
test_iid,v3_confirmation_test_iid_0054,1,0,0,0,correct,True,False,0.09420835971832275,0.45839428901672363
test_iid,v3_confirmation_test_iid_0056,1,0,0,0,correct,True,False,0.08581298589706421,0.4355693757534027
test_iid,v3_confirmation_test_iid_0057,1,0,0,0,correct,True,False,0.1041296124458313,0.47986483573913574
test_iid,v3_confirmation_test_iid_0059,1,0,0,0,correct,True,False,0.09995335340499878,0.4705721437931061
test_iid,v3_confirmation_test_iid_0060,1,0,0,0,correct,True,False,0.09746110439300537,0.4664456248283386
test_iid,v3_confirmation_test_iid_0062,1,0,0,0,correct,True,False,0.09348618984222412,0.45427072048187256
test_iid,v3_confirmation_test_iid_0063,1,0,0,0,correct,True,False,0.10718345642089844,0.489175409078598
test_iid,v3_confirmation_test_iid_0065,1,0,0,0,correct,True,False,0.09636914730072021,0.46093103289604187
test_iid,v3_confirmation_test_iid_0066,1,0,0,0,correct,True,False,0.09965938329696655,0.47081413865089417
test_iid,v3_confirmation_test_iid_0068,1,0,0,0,correct,True,False,0.09869647026062012,0.4684043228626251
test_iid,v3_confirmation_test_iid_0069,1,0,0,0,correct,True,False,0.10475528240203857,0.4847377836704254
test_iid,v3_confirmation_test_iid_0071,1,0,0,0,correct,True,False,0.09967589378356934,0.47035667300224304
test_iid,v3_confirmation_test_iid_0072,1,0,0,0,correct,True,False,0.09277480840682983,0.45430755615234375
test_iid,v3_confirmation_test_iid_0074,1,0,0,0,correct,True,False,0.09196937084197998,0.45005133748054504
test_iid,v3_confirmation_test_iid_0075,1,0,0,0,correct,True,False,0.09648460149765015,0.4651484787464142
test_iid,v3_confirmation_test_iid_0077,1,0,0,0,correct,True,False,0.09033304452896118,0.44808319211006165
test_iid,v3_confirmation_test_iid_0078,1,0,0,0,correct,True,False,0.09050643444061279,0.44946837425231934
test_iid,v3_confirmation_test_iid_0000,2,-1,-1,-1,correct,True,False,0.2588996887207031,0.8638901710510254
test_iid,v3_confirmation_test_iid_0002,2,-1,-1,-1,correct,True,False,0.263233482837677,0.8702405691146851
test_iid,v3_confirmation_test_iid_0003,2,-1,-1,-1,correct,True,False,0.2637099623680115,0.8773154616355896
test_iid,v3_confirmation_test_iid_0005,2,-1,-1,-1,correct,True,False,0.2605750560760498,0.867215633392334
test_iid,v3_confirmation_test_iid_0006,2,-1,-1,-1,correct,True,False,0.25224971771240234,0.8551309108734131
test_iid,v3_confirmation_test_iid_0008,2,-1,-1,-1,correct,True,False,0.2493988275527954,0.845654308795929
test_iid,v3_confirmation_test_iid_0009,2,-1,-1,-1,correct,True,False,0.26597917079925537,0.8799697160720825
test_iid,v3_confirmation_test_iid_0011,2,-1,-1,-1,correct,True,False,0.2614492177963257,0.8654372096061707
test_iid,v3_confirmation_test_iid_0012,2,-1,-1,-1,correct,True,False,0.2643550634384155,0.8745267987251282
test_iid,v3_confirmation_test_iid_0014,2,-1,-1,-1,correct,True,False,0.2628505229949951,0.8693882822990417
test_iid,v3_confirmation_test_iid_0015,2,-1,-1,-1,correct,True,False,0.27974891662597656,0.8995924592018127
test_iid,v3_confirmation_test_iid_0017,2,-1,-1,-1,correct,True,False,0.2599058151245117,0.862024188041687
test_iid,v3_confirmation_test_iid_0018,2,-1,-1,-1,correct,True,False,0.26696157455444336,0.8809534907341003
test_iid,v3_confirmation_test_iid_0020,2,-1,-1,-1,correct,True,False,0.26042884588241577,0.8659571409225464
test_iid,v3_confirmation_test_iid_0021,2,-1,-1,-1,correct,True,False,0.2735557556152344,0.8979519009590149
test_iid,v3_confirmation_test_iid_0023,2,-1,-1,-1,correct,True,False,0.2673826217651367,0.8825533986091614
test_iid,v3_confirmation_test_iid_0024,2,-1,-1,-1,correct,True,False,0.26799261569976807,0.8820213675498962
test_iid,v3_confirmation_test_iid_0026,2,-1,-1,-1,correct,True,False,0.2605055570602417,0.8670883774757385
test_iid,v3_confirmation_test_iid_0027,2,-1,-1,-1,correct,True,False,0.2624046802520752,0.8737130761146545
test_iid,v3_confirmation_test_iid_0029,2,-1,-1,-1,correct,True,False,0.2563188076019287,0.8627537488937378
test_iid,v3_confirmation_test_iid_0030,2,-1,-1,-1,correct,True,False,0.25883209705352783,0.8677709102630615
test_iid,v3_confirmation_test_iid_0032,2,-1,-1,-1,correct,True,False,0.24908721446990967,0.8461973667144775
test_iid,v3_confirmation_test_iid_0033,2,-1,-1,-1,correct,True,False,0.2733273506164551,0.8889947533607483
test_iid,v3_confirmation_test_iid_0035,2,-1,-1,-1,correct,True,False,0.2659425735473633,0.8742182850837708
test_iid,v3_confirmation_test_iid_0036,2,-1,-1,-1,correct,True,False,0.2592376470565796,0.8638159036636353
test_iid,v3_confirmation_test_iid_0038,2,-1,-1,-1,correct,True,False,0.26325350999832153,0.8732336759567261
test_iid,v3_confirmation_test_iid_0039,2,-1,-1,-1,correct,True,False,0.2812669277191162,0.9081323742866516
test_iid,v3_confirmation_test_iid_0041,2,-1,-1,-1,correct,True,False,0.27482032775878906,0.8932373523712158
test_iid,v3_confirmation_test_iid_0042,2,-1,-1,-1,correct,True,False,0.2736881971359253,0.8899907469749451
test_iid,v3_confirmation_test_iid_0044,2,-1,-1,-1,correct,True,False,0.26407289505004883,0.8692263960838318
test_iid,v3_confirmation_test_iid_0045,2,-1,-1,-1,correct,True,False,0.2772747278213501,0.906192421913147
test_iid,v3_confirmation_test_iid_0047,2,-1,-1,-1,correct,True,False,0.2779545783996582,0.9022408723831177
test_iid,v3_confirmation_test_iid_0048,2,-1,-1,-1,correct,True,False,0.2725536823272705,0.8936192393302917
test_iid,v3_confirmation_test_iid_0050,2,-1,-1,-1,correct,True,False,0.267570436000824,0.8772957921028137
test_iid,v3_confirmation_test_iid_0051,2,-1,-1,-1,correct,True,False,0.2672199010848999,0.8816052675247192
test_iid,v3_confirmation_test_iid_0053,2,-1,-1,-1,correct,True,False,0.2560983896255493,0.8586995601654053
test_iid,v3_confirmation_test_iid_0054,2,-1,-1,-1,correct,True,False,0.2576645612716675,0.8649071455001831
test_iid,v3_confirmation_test_iid_0056,2,-1,-1,-1,correct,True,False,0.2453293800354004,0.836404025554657
test_iid,v3_confirmation_test_iid_0057,2,-1,-1,-1,correct,True,False,0.27729249000549316,0.8979524374008179
test_iid,v3_confirmation_test_iid_0059,2,-1,-1,-1,correct,True,False,0.26879245042800903,0.880176842212677
test_iid,v3_confirmation_test_iid_0060,2,-1,-1,-1,correct,True,False,0.2685422897338867,0.8881075978279114
test_iid,v3_confirmation_test_iid_0062,2,-1,-1,-1,correct,True,False,0.2642841339111328,0.8696757555007935
test_iid,v3_confirmation_test_iid_0063,2,-1,-1,-1,correct,True,False,0.2744259834289551,0.8925762176513672
test_iid,v3_confirmation_test_iid_0065,2,-1,-1,-1,correct,True,False,0.26224374771118164,0.8638562560081482
test_iid,v3_confirmation_test_iid_0066,2,-1,-1,-1,correct,True,False,0.27156591415405273,0.8885561227798462
test_iid,v3_confirmation_test_iid_0068,2,-1,-1,-1,correct,True,False,0.2662556767463684,0.8759751319885254
test_iid,v3_confirmation_test_iid_0069,2,-1,-1,-1,correct,True,False,0.27445751428604126,0.9009800553321838
test_iid,v3_confirmation_test_iid_0071,2,-1,-1,-1,correct,True,False,0.2722075581550598,0.8914209008216858
test_iid,v3_confirmation_test_iid_0072,2,-1,-1,-1,correct,True,False,0.25929468870162964,0.8662540316581726
test_iid,v3_confirmation_test_iid_0074,2,-1,-1,-1,correct,True,False,0.26171427965164185,0.8658183813095093
test_iid,v3_confirmation_test_iid_0075,2,-1,-1,-1,correct,True,False,0.2670767307281494,0.8868468403816223
test_iid,v3_confirmation_test_iid_0077,2,-1,-1,-1,correct,True,False,0.258334755897522,0.8654342293739319
test_iid,v3_confirmation_test_iid_0078,2,-1,-1,-1,correct,True,False,0.2514089345932007,0.8544891476631165
test_iid,v3_confirmation_test_iid_0000,3,-2,-2,-2,correct,True,False,0.3879295587539673,1.212246298789978
test_iid,v3_confirmation_test_iid_0002,3,-2,-2,-2,correct,True,False,0.39334869384765625,1.2156577110290527
test_iid,v3_confirmation_test_iid_0003,3,-2,-2,-2,correct,True,False,0.39035165309906006,1.217534065246582
test_iid,v3_confirmation_test_iid_0005,3,-2,-2,-2,correct,True,False,0.38843876123428345,1.208086609840393
test_iid,v3_confirmation_test_iid_0006,3,-2,-2,-2,correct,True,False,0.37948131561279297,1.2014977931976318
test_iid,v3_confirmation_test_iid_0008,3,-2,-2,-2,correct,True,False,0.37534332275390625,1.1833115816116333
test_iid,v3_confirmation_test_iid_0009,3,-2,-2,,decoder_unresolved_with_correct_probe,False,True,0.3943476676940918,1.218273639678955
test_iid,v3_confirmation_test_iid_0011,3,-2,-2,,decoder_unresolved_with_correct_probe,False,True,0.38963907957077026,1.201246976852417
test_iid,v3_confirmation_test_iid_0012,3,-2,-2,,decoder_unresolved_with_correct_probe,False,True,0.3930538296699524,1.2179104089736938
test_iid,v3_confirmation_test_iid_0014,3,-2,-2,-2,correct,True,False,0.3916434049606323,1.206559658050537
test_iid,v3_confirmation_test_iid_0015,3,-2,-2,,decoder_unresolved_with_correct_probe,False,True,0.40848106145858765,1.2463092803955078
test_iid,v3_confirmation_test_iid_0017,3,-2,-4,,overshoot_candidate,False,True,0.3885073661804199,1.2016371488571167
test_iid,v3_confirmation_test_iid_0018,3,-2,-2,-2,correct,True,False,0.3951958417892456,1.2234705686569214
test_iid,v3_confirmation_test_iid_0020,3,-2,-2,-1,decoder_semantic_error_with_correct_probe,False,False,0.38790667057037354,1.2050793170928955
test_iid,v3_confirmation_test_iid_0021,3,-2,-2,-2,correct,True,False,0.4018908143043518,1.2371646165847778
test_iid,v3_confirmation_test_iid_0023,3,-2,-2,-2,correct,True,False,0.3945941925048828,1.222087025642395
test_iid,v3_confirmation_test_iid_0024,3,-2,-2,-2,correct,True,False,0.39812445640563965,1.2335901260375977
test_iid,v3_confirmation_test_iid_0026,3,-2,-2,,decoder_unresolved_with_correct_probe,False,True,0.3902246952056885,1.2119745016098022
test_iid,v3_confirmation_test_iid_0027,3,-2,-2,-2,correct,True,False,0.3914383053779602,1.215928316116333
test_iid,v3_confirmation_test_iid_0029,3,-2,-2,-2,correct,True,False,0.3839205503463745,1.2061059474945068
test_iid,v3_confirmation_test_iid_0030,3,-2,-4,-2,probe_disagrees_with_correct_decode,True,False,0.38612794876098633,1.2160558700561523
test_iid,v3_confirmation_test_iid_0032,3,-2,-4,-2,probe_disagrees_with_correct_decode,True,False,0.3744845390319824,1.1815335750579834
test_iid,v3_confirmation_test_iid_0033,3,-2,-2,,decoder_unresolved_with_correct_probe,False,True,0.40193021297454834,1.2289808988571167
test_iid,v3_confirmation_test_iid_0035,3,-2,-2,,decoder_unresolved_with_correct_probe,False,True,0.3929992914199829,1.2071969509124756
test_iid,v3_confirmation_test_iid_0036,3,-2,-2,,decoder_unresolved_with_correct_probe,False,True,0.3874632716178894,1.2043288946151733
test_iid,v3_confirmation_test_iid_0038,3,-2,-2,-2,correct,True,False,0.3918788433074951,1.2129641771316528
test_iid,v3_confirmation_test_iid_0039,3,-2,-4,,overshoot_candidate,False,True,0.4115062952041626,1.262973666191101
test_iid,v3_confirmation_test_iid_0041,3,-2,-4,,overshoot_candidate,False,True,0.4033384323120117,1.2387808561325073
test_iid,v3_confirmation_test_iid_0042,3,-2,-2,-2,correct,True,False,0.4021286964416504,1.2329118251800537
test_iid,v3_confirmation_test_iid_0044,3,-2,-2,-2,correct,True,False,0.3909202814102173,1.203391432762146
test_iid,v3_confirmation_test_iid_0045,3,-2,-2,-2,correct,True,False,0.4061797857284546,1.2522624731063843
test_iid,v3_confirmation_test_iid_0047,3,-2,-2,-2,correct,True,False,0.40598708391189575,1.243969202041626
test_iid,v3_confirmation_test_iid_0048,3,-2,-2,-2,correct,True,False,0.4021833539009094,1.2457178831100464
test_iid,v3_confirmation_test_iid_0050,3,-2,-2,-2,correct,True,False,0.39802706241607666,1.224411964416504
test_iid,v3_confirmation_test_iid_0051,3,-2,-2,-2,correct,True,False,0.39578700065612793,1.2248077392578125
test_iid,v3_confirmation_test_iid_0053,3,-2,-2,-2,correct,True,False,0.383716344833374,1.198022723197937
test_iid,v3_confirmation_test_iid_0054,3,-2,-2,-2,correct,True,False,0.38501113653182983,1.2125353813171387
test_iid,v3_confirmation_test_iid_0056,3,-2,-4,-1,overshoot_candidate,False,False,0.3711494207382202,1.1729059219360352
test_iid,v3_confirmation_test_iid_0057,3,-2,-2,,decoder_unresolved_with_correct_probe,False,True,0.40621209144592285,1.2402188777923584
test_iid,v3_confirmation_test_iid_0059,3,-2,-2,,decoder_unresolved_with_correct_probe,False,True,0.3960285782814026,1.2128558158874512
test_iid,v3_confirmation_test_iid_0060,3,-2,-2,,decoder_unresolved_with_correct_probe,False,True,0.39634567499160767,1.2306065559387207
test_iid,v3_confirmation_test_iid_0062,3,-2,-2,-2,correct,True,False,0.3938150405883789,1.2070348262786865
test_iid,v3_confirmation_test_iid_0063,3,-2,-2,,decoder_unresolved_with_correct_probe,False,True,0.40299296379089355,1.2404136657714844
test_iid,v3_confirmation_test_iid_0065,3,-2,-4,,overshoot_candidate,False,True,0.3914983868598938,1.2093397378921509
test_iid,v3_confirmation_test_iid_0066,3,-2,-2,,decoder_unresolved_with_correct_probe,False,True,0.39948487281799316,1.2335481643676758
test_iid,v3_confirmation_test_iid_0068,3,-2,-2,-2,correct,True,False,0.3941768407821655,1.2110319137573242
test_iid,v3_confirmation_test_iid_0069,3,-2,-4,-2,probe_disagrees_with_correct_decode,True,False,0.4012850522994995,1.2385318279266357
test_iid,v3_confirmation_test_iid_0071,3,-2,-2,-2,correct,True,False,0.4014175534248352,1.2339946031570435
test_iid,v3_confirmation_test_iid_0072,3,-2,-2,-2,correct,True,False,0.38813698291778564,1.2129429578781128
test_iid,v3_confirmation_test_iid_0074,3,-2,-2,-2,correct,True,False,0.39210665225982666,1.2110660076141357
test_iid,v3_confirmation_test_iid_0075,3,-2,-2,-2,correct,True,False,0.3956989049911499,1.2333146333694458
test_iid,v3_confirmation_test_iid_0077,3,-2,-2,-2,correct,True,False,0.38694262504577637,1.213041067123413
test_iid,v3_confirmation_test_iid_0078,3,-2,-4,-1,overshoot_candidate,False,False,0.37785160541534424,1.1983126401901245
test_iid,v3_confirmation_test_iid_0000,4,-3,-4,,overshoot_candidate,False,True,0.4744521975517273,1.5067126750946045
test_iid,v3_confirmation_test_iid_0002,4,-3,-4,,overshoot_candidate,False,True,0.4803997278213501,1.508372187614441
test_iid,v3_confirmation_test_iid_0003,4,-3,-4,,overshoot_candidate,False,True,0.47382915019989014,1.5039199590682983
test_iid,v3_confirmation_test_iid_0005,4,-3,-4,,overshoot_candidate,False,True,0.4741699695587158,1.4973781108856201
test_iid,v3_confirmation_test_iid_0006,4,-3,-4,,overshoot_candidate,False,True,0.46544188261032104,1.49465811252594
test_iid,v3_confirmation_test_iid_0008,4,-3,-4,,overshoot_candidate,False,True,0.46203184127807617,1.4722539186477661
test_iid,v3_confirmation_test_iid_0009,4,-3,-4,,overshoot_candidate,False,True,0.47958558797836304,1.5054824352264404
test_iid,v3_confirmation_test_iid_0011,4,-3,-4,,overshoot_candidate,False,True,0.47701936960220337,1.4902043342590332
test_iid,v3_confirmation_test_iid_0012,4,-3,-4,,overshoot_candidate,False,True,0.4798097610473633,1.5111188888549805
test_iid,v3_confirmation_test_iid_0014,4,-3,-4,,overshoot_candidate,False,True,0.4800611138343811,1.4984914064407349
test_iid,v3_confirmation_test_iid_0015,4,-3,-4,,overshoot_candidate,False,True,0.491955041885376,1.532921314239502
test_iid,v3_confirmation_test_iid_0017,4,-3,-4,,overshoot_candidate,False,True,0.47453033924102783,1.4914051294326782
test_iid,v3_confirmation_test_iid_0018,4,-3,-4,,overshoot_candidate,False,True,0.4814842939376831,1.5139623880386353
test_iid,v3_confirmation_test_iid_0020,4,-3,-4,,overshoot_candidate,False,True,0.47459059953689575,1.4920159578323364
test_iid,v3_confirmation_test_iid_0021,4,-3,-4,,overshoot_candidate,False,True,0.48770880699157715,1.530330777168274
test_iid,v3_confirmation_test_iid_0023,4,-3,-4,,overshoot_candidate,False,True,0.4808773994445801,1.51365065574646
test_iid,v3_confirmation_test_iid_0024,4,-3,-4,,overshoot_candidate,False,True,0.48538726568222046,1.5309884548187256
test_iid,v3_confirmation_test_iid_0026,4,-3,-4,,overshoot_candidate,False,True,0.477752685546875,1.5059462785720825
test_iid,v3_confirmation_test_iid_0027,4,-3,-4,,overshoot_candidate,False,True,0.47636622190475464,1.5088423490524292
test_iid,v3_confirmation_test_iid_0029,4,-3,-4,,overshoot_candidate,False,True,0.46946167945861816,1.4975324869155884
test_iid,v3_confirmation_test_iid_0030,4,-3,-4,,overshoot_candidate,False,True,0.471662700176239,1.5092564821243286
test_iid,v3_confirmation_test_iid_0032,4,-3,-4,,overshoot_candidate,False,True,0.4613018035888672,1.4701385498046875
test_iid,v3_confirmation_test_iid_0033,4,-3,-4,,overshoot_candidate,False,True,0.4881276488304138,1.518941044807434
test_iid,v3_confirmation_test_iid_0035,4,-3,-4,,overshoot_candidate,False,True,0.4801161289215088,1.4968726634979248
test_iid,v3_confirmation_test_iid_0036,4,-3,-4,,overshoot_candidate,False,True,0.4746304750442505,1.4967751502990723
test_iid,v3_confirmation_test_iid_0038,4,-3,-4,,overshoot_candidate,False,True,0.4799470901489258,1.5058114528656006
test_iid,v3_confirmation_test_iid_0039,4,-3,-4,,overshoot_candidate,False,True,0.495580792427063,1.558058738708496
test_iid,v3_confirmation_test_iid_0041,4,-3,-4,,overshoot_candidate,False,True,0.48749327659606934,1.5271869897842407
test_iid,v3_confirmation_test_iid_0042,4,-3,-4,,overshoot_candidate,False,True,0.48788344860076904,1.5219666957855225
test_iid,v3_confirmation_test_iid_0044,4,-3,-4,,overshoot_candidate,False,True,0.4781854748725891,1.489417552947998
test_iid,v3_confirmation_test_iid_0045,4,-3,-4,,overshoot_candidate,False,True,0.49197477102279663,1.5487128496170044
test_iid,v3_confirmation_test_iid_0047,4,-3,-4,,overshoot_candidate,False,True,0.49251413345336914,1.5359864234924316
test_iid,v3_confirmation_test_iid_0048,4,-3,-4,,overshoot_candidate,False,True,0.48725152015686035,1.5408779382705688
test_iid,v3_confirmation_test_iid_0050,4,-3,-4,,overshoot_candidate,False,True,0.48493868112564087,1.5168182849884033
test_iid,v3_confirmation_test_iid_0051,4,-3,-4,,overshoot_candidate,False,True,0.48024892807006836,1.5154823064804077
test_iid,v3_confirmation_test_iid_0053,4,-3,-4,,overshoot_candidate,False,True,0.4688262939453125,1.4859752655029297
test_iid,v3_confirmation_test_iid_0054,4,-3,-4,,overshoot_candidate,False,True,0.4705808162689209,1.5048521757125854
test_iid,v3_confirmation_test_iid_0056,4,-3,-4,,overshoot_candidate,False,True,0.45824766159057617,1.4613628387451172
test_iid,v3_confirmation_test_iid_0057,4,-3,-4,,overshoot_candidate,False,True,0.492128849029541,1.5312743186950684
test_iid,v3_confirmation_test_iid_0059,4,-3,-4,,overshoot_candidate,False,True,0.4819984436035156,1.4994966983795166
test_iid,v3_confirmation_test_iid_0060,4,-3,-4,,overshoot_candidate,False,True,0.482774555683136,1.524801254272461
test_iid,v3_confirmation_test_iid_0062,4,-3,-4,,overshoot_candidate,False,True,0.4824686050415039,1.4959721565246582
test_iid,v3_confirmation_test_iid_0063,4,-3,-4,,overshoot_candidate,False,True,0.48652011156082153,1.5307722091674805
test_iid,v3_confirmation_test_iid_0065,4,-3,-4,,overshoot_candidate,False,True,0.4773716926574707,1.4997270107269287
test_iid,v3_confirmation_test_iid_0066,4,-3,-4,,overshoot_candidate,False,True,0.4855990409851074,1.5258113145828247
test_iid,v3_confirmation_test_iid_0068,4,-3,-4,,overshoot_candidate,False,True,0.48127710819244385,1.4987982511520386
test_iid,v3_confirmation_test_iid_0069,4,-3,-4,,overshoot_candidate,False,True,0.4862433075904846,1.5294831991195679
test_iid,v3_confirmation_test_iid_0071,4,-3,-4,,overshoot_candidate,False,True,0.4882163405418396,1.5286014080047607
test_iid,v3_confirmation_test_iid_0072,4,-3,-4,,overshoot_candidate,False,True,0.4743198752403259,1.5050077438354492
test_iid,v3_confirmation_test_iid_0074,4,-3,-4,,overshoot_candidate,False,True,0.4800065755844116,1.502905011177063
test_iid,v3_confirmation_test_iid_0075,4,-3,-4,,overshoot_candidate,False,True,0.4800407290458679,1.5259636640548706
test_iid,v3_confirmation_test_iid_0077,4,-3,-4,,overshoot_candidate,False,True,0.4733506441116333,1.5055928230285645
test_iid,v3_confirmation_test_iid_0078,4,-3,-4,,overshoot_candidate,False,True,0.4636773467063904,1.4899238348007202
test_iid,v3_confirmation_test_iid_0000,5,-4,-4,,probe_floor_unidentifiable,False,True,0.5391650199890137,1.7682585716247559
test_iid,v3_confirmation_test_iid_0002,5,-4,-4,,probe_floor_unidentifiable,False,True,0.544677197933197,1.7644532918930054
test_iid,v3_confirmation_test_iid_0003,5,-4,-4,,probe_floor_unidentifiable,False,True,0.5363831520080566,1.7648520469665527
test_iid,v3_confirmation_test_iid_0005,5,-4,-4,,probe_floor_unidentifiable,False,True,0.5382914543151855,1.7577595710754395
test_iid,v3_confirmation_test_iid_0006,5,-4,-4,,probe_floor_unidentifiable,False,True,0.5306921005249023,1.7606900930404663
test_iid,v3_confirmation_test_iid_0008,5,-4,-4,,probe_floor_unidentifiable,False,True,0.5276848077774048,1.7336949110031128
test_iid,v3_confirmation_test_iid_0009,5,-4,-4,,probe_floor_unidentifiable,False,True,0.54302978515625,1.759385108947754
test_iid,v3_confirmation_test_iid_0011,5,-4,-4,,probe_floor_unidentifiable,False,True,0.5428091883659363,1.748242974281311
test_iid,v3_confirmation_test_iid_0012,5,-4,-4,,probe_floor_unidentifiable,False,True,0.5444697141647339,1.770936131477356
test_iid,v3_confirmation_test_iid_0014,5,-4,-4,,probe_floor_unidentifiable,False,True,0.5458992719650269,1.7592662572860718
test_iid,v3_confirmation_test_iid_0015,5,-4,-4,,probe_floor_unidentifiable,False,True,0.5542932748794556,1.789621353149414
test_iid,v3_confirmation_test_iid_0017,5,-4,-4,,probe_floor_unidentifiable,False,True,0.5398402214050293,1.7500519752502441
test_iid,v3_confirmation_test_iid_0018,5,-4,-4,,probe_floor_unidentifiable,False,True,0.5449895262718201,1.7695481777191162
test_iid,v3_confirmation_test_iid_0020,5,-4,-4,,probe_floor_unidentifiable,False,True,0.5392159223556519,1.7453504800796509
test_iid,v3_confirmation_test_iid_0021,5,-4,-4,,probe_floor_unidentifiable,False,True,0.5512157678604126,1.7920256853103638
test_iid,v3_confirmation_test_iid_0023,5,-4,-4,,probe_floor_unidentifiable,False,True,0.5453431606292725,1.7748489379882812
test_iid,v3_confirmation_test_iid_0024,5,-4,-4,,probe_floor_unidentifiable,False,True,0.5498067140579224,1.7947840690612793
test_iid,v3_confirmation_test_iid_0026,5,-4,-4,,probe_floor_unidentifiable,False,True,0.5426626205444336,1.7676914930343628
test_iid,v3_confirmation_test_iid_0027,5,-4,-4,,probe_floor_unidentifiable,False,True,0.5401242971420288,1.7721459865570068
test_iid,v3_confirmation_test_iid_0029,5,-4,-4,,probe_floor_unidentifiable,False,True,0.5336939692497253,1.7604858875274658
test_iid,v3_confirmation_test_iid_0030,5,-4,-4,,probe_floor_unidentifiable,False,True,0.5360574126243591,1.775411605834961
test_iid,v3_confirmation_test_iid_0032,5,-4,-4,,probe_floor_unidentifiable,False,True,0.5275934934616089,1.7340296506881714
test_iid,v3_confirmation_test_iid_0033,5,-4,-4,,probe_floor_unidentifiable,False,True,0.5523483753204346,1.7800720930099487
test_iid,v3_confirmation_test_iid_0035,5,-4,-4,,probe_floor_unidentifiable,False,True,0.5460416674613953,1.752563714981079
test_iid,v3_confirmation_test_iid_0036,5,-4,-4,,probe_floor_unidentifiable,False,True,0.5397640466690063,1.755852460861206
test_iid,v3_confirmation_test_iid_0038,5,-4,-4,,probe_floor_unidentifiable,False,True,0.5452567934989929,1.7657877206802368
test_iid,v3_confirmation_test_iid_0039,5,-4,-4,,probe_floor_unidentifiable,False,True,0.5576900243759155,1.8194416761398315
test_iid,v3_confirmation_test_iid_0041,5,-4,-4,,probe_floor_unidentifiable,False,True,0.5513614416122437,1.7923225164413452
test_iid,v3_confirmation_test_iid_0042,5,-4,-4,,probe_floor_unidentifiable,False,True,0.5511391162872314,1.7795438766479492
test_iid,v3_confirmation_test_iid_0044,5,-4,-4,,probe_floor_unidentifiable,False,True,0.543235719203949,1.7451671361923218
test_iid,v3_confirmation_test_iid_0045,5,-4,-4,,probe_floor_unidentifiable,False,True,0.5553397536277771,1.8135337829589844
test_iid,v3_confirmation_test_iid_0047,5,-4,-4,,probe_floor_unidentifiable,False,True,0.5565874576568604,1.795737385749817
test_iid,v3_confirmation_test_iid_0048,5,-4,-4,,probe_floor_unidentifiable,False,True,0.5494645833969116,1.8015564680099487
test_iid,v3_confirmation_test_iid_0050,5,-4,-4,,probe_floor_unidentifiable,False,True,0.549371600151062,1.778756022453308
test_iid,v3_confirmation_test_iid_0051,5,-4,-4,,probe_floor_unidentifiable,False,True,0.5436328649520874,1.7776846885681152
test_iid,v3_confirmation_test_iid_0053,5,-4,-4,,probe_floor_unidentifiable,False,True,0.5327565670013428,1.7473390102386475
test_iid,v3_confirmation_test_iid_0054,5,-4,-4,,probe_floor_unidentifiable,False,True,0.5353817939758301,1.7710485458374023
test_iid,v3_confirmation_test_iid_0056,5,-4,-4,,probe_floor_unidentifiable,False,True,0.5248757004737854,1.7249395847320557
test_iid,v3_confirmation_test_iid_0057,5,-4,-4,,probe_floor_unidentifiable,False,True,0.5554347634315491,1.789505958557129
test_iid,v3_confirmation_test_iid_0059,5,-4,-4,,probe_floor_unidentifiable,False,True,0.5468112230300903,1.753917932510376
test_iid,v3_confirmation_test_iid_0060,5,-4,-4,,probe_floor_unidentifiable,False,True,0.5466113090515137,1.7865196466445923
test_iid,v3_confirmation_test_iid_0062,5,-4,-4,,probe_floor_unidentifiable,False,True,0.5479994416236877,1.751950740814209
test_iid,v3_confirmation_test_iid_0063,5,-4,-4,,probe_floor_unidentifiable,False,True,0.548987627029419,1.7880207300186157
test_iid,v3_confirmation_test_iid_0065,5,-4,-4,,probe_floor_unidentifiable,False,True,0.5421308279037476,1.7593214511871338
test_iid,v3_confirmation_test_iid_0066,5,-4,-4,,probe_floor_unidentifiable,False,True,0.5492350459098816,1.7817111015319824
test_iid,v3_confirmation_test_iid_0068,5,-4,-4,,probe_floor_unidentifiable,False,True,0.546049952507019,1.753355622291565
test_iid,v3_confirmation_test_iid_0069,5,-4,-4,,probe_floor_unidentifiable,False,True,0.5492947697639465,1.7929641008377075
test_iid,v3_confirmation_test_iid_0071,5,-4,-4,,probe_floor_unidentifiable,False,True,0.5531814694404602,1.7937091588974
test_iid,v3_confirmation_test_iid_0072,5,-4,-4,,probe_floor_unidentifiable,False,True,0.5385903120040894,1.7640007734298706
test_iid,v3_confirmation_test_iid_0074,5,-4,-4,,probe_floor_unidentifiable,False,True,0.5451849699020386,1.763124704360962
test_iid,v3_confirmation_test_iid_0075,5,-4,-4,,probe_floor_unidentifiable,False,True,0.5426398515701294,1.7872833013534546
test_iid,v3_confirmation_test_iid_0077,5,-4,-4,,probe_floor_unidentifiable,False,True,0.5381561517715454,1.7677874565124512
test_iid,v3_confirmation_test_iid_0078,5,-4,-4,,probe_floor_unidentifiable,False,True,0.5289310812950134,1.7534204721450806
test_template_ood,v3_confirmation_test_template_ood_0000,1,0,0,0,correct,True,False,0.09874355792999268,0.467879980802536
test_template_ood,v3_confirmation_test_template_ood_0002,1,0,0,0,correct,True,False,0.08917021751403809,0.4430086016654968
test_template_ood,v3_confirmation_test_template_ood_0003,1,0,0,0,correct,True,False,0.10203886032104492,0.47777727246284485
test_template_ood,v3_confirmation_test_template_ood_0005,1,0,0,0,correct,True,False,0.09734809398651123,0.4650237262248993
test_template_ood,v3_confirmation_test_template_ood_0006,1,0,0,0,correct,True,False,0.10358786582946777,0.48025134205818176
test_template_ood,v3_confirmation_test_template_ood_0008,1,0,0,0,correct,True,False,0.09110152721405029,0.448008269071579
test_template_ood,v3_confirmation_test_template_ood_0009,1,0,0,0,correct,True,False,0.10373914241790771,0.48146960139274597
test_template_ood,v3_confirmation_test_template_ood_0011,1,0,0,0,correct,True,False,0.10574895143508911,0.4852325916290283
test_template_ood,v3_confirmation_test_template_ood_0012,1,0,0,0,correct,True,False,0.09397119283676147,0.45590588450431824
test_template_ood,v3_confirmation_test_template_ood_0014,1,0,0,0,correct,True,False,0.0936121940612793,0.45418187975883484
test_template_ood,v3_confirmation_test_template_ood_0015,1,0,0,0,correct,True,False,0.10100758075714111,0.4766034185886383
test_template_ood,v3_confirmation_test_template_ood_0017,1,0,0,0,correct,True,False,0.09365379810333252,0.4566666781902313
test_template_ood,v3_confirmation_test_template_ood_0018,1,0,0,0,correct,True,False,0.10600042343139648,0.4869149327278137
test_template_ood,v3_confirmation_test_template_ood_0020,1,0,0,0,correct,True,False,0.09180653095245361,0.4504525363445282
test_template_ood,v3_confirmation_test_template_ood_0021,1,0,0,0,correct,True,False,0.11397254467010498,0.5068956017494202
test_template_ood,v3_confirmation_test_template_ood_0023,1,0,0,0,correct,True,False,0.10821008682250977,0.4929965138435364
test_template_ood,v3_confirmation_test_template_ood_0024,1,0,0,0,correct,True,False,0.09347659349441528,0.4555336534976959
test_template_ood,v3_confirmation_test_template_ood_0026,1,0,0,0,correct,True,False,0.0909605622291565,0.4466535151004791
test_template_ood,v3_confirmation_test_template_ood_0027,1,0,0,0,correct,True,False,0.10254794359207153,0.4798305034637451
test_template_ood,v3_confirmation_test_template_ood_0029,1,0,0,0,correct,True,False,0.09170061349868774,0.45033764839172363
test_template_ood,v3_confirmation_test_template_ood_0030,1,0,0,0,correct,True,False,0.10597652196884155,0.4869920611381531
test_template_ood,v3_confirmation_test_template_ood_0032,1,0,0,0,correct,True,False,0.09529221057891846,0.4580758512020111
test_template_ood,v3_confirmation_test_template_ood_0033,1,0,0,0,correct,True,False,0.11548840999603271,0.510705292224884
test_template_ood,v3_confirmation_test_template_ood_0035,1,0,0,0,correct,True,False,0.1007007360458374,0.47449877858161926
test_template_ood,v3_confirmation_test_template_ood_0036,1,0,0,0,correct,True,False,0.09702277183532715,0.463682621717453
test_template_ood,v3_confirmation_test_template_ood_0038,1,0,0,0,correct,True,False,0.08979189395904541,0.44449687004089355
test_template_ood,v3_confirmation_test_template_ood_0039,1,0,0,0,correct,True,False,0.10012966394424438,0.4745759665966034
test_template_ood,v3_confirmation_test_template_ood_0041,1,0,0,0,correct,True,False,0.09536325931549072,0.46005645394325256
test_template_ood,v3_confirmation_test_template_ood_0042,1,0,0,0,correct,True,False,0.0995490550994873,0.46864160895347595
test_template_ood,v3_confirmation_test_template_ood_0044,1,0,0,0,correct,True,False,0.09546905755996704,0.45908689498901367
test_template_ood,v3_confirmation_test_template_ood_0045,1,0,0,0,correct,True,False,0.10693621635437012,0.48993805050849915
test_template_ood,v3_confirmation_test_template_ood_0047,1,0,0,0,correct,True,False,0.10241752862930298,0.4784880578517914
test_template_ood,v3_confirmation_test_template_ood_0048,1,0,0,0,correct,True,False,0.0979393720626831,0.4660085141658783
test_template_ood,v3_confirmation_test_template_ood_0050,1,0,0,0,correct,True,False,0.09190917015075684,0.4484482407569885
test_template_ood,v3_confirmation_test_template_ood_0051,1,0,0,0,correct,True,False,0.10025584697723389,0.4751073122024536
test_template_ood,v3_confirmation_test_template_ood_0053,1,0,0,0,correct,True,False,0.09551215171813965,0.4589611291885376
test_template_ood,v3_confirmation_test_template_ood_0054,1,0,0,0,correct,True,False,0.10204142332077026,0.4763745069503784
test_template_ood,v3_confirmation_test_template_ood_0056,1,0,0,0,correct,True,False,0.09957468509674072,0.46921461820602417
test_template_ood,v3_confirmation_test_template_ood_0057,1,0,0,0,correct,True,False,0.10984218120574951,0.49880412220954895
test_template_ood,v3_confirmation_test_template_ood_0059,1,0,0,0,correct,True,False,0.10094451904296875,0.4746040999889374
test_template_ood,v3_confirmation_test_template_ood_0060,1,0,0,0,correct,True,False,0.09569215774536133,0.46148186922073364
test_template_ood,v3_confirmation_test_template_ood_0062,1,0,0,0,correct,True,False,0.09056216478347778,0.4471001625061035
test_template_ood,v3_confirmation_test_template_ood_0063,1,0,0,0,correct,True,False,0.10090208053588867,0.475490927696228
test_template_ood,v3_confirmation_test_template_ood_0065,1,0,0,0,correct,True,False,0.09379976987838745,0.4557330012321472
test_template_ood,v3_confirmation_test_template_ood_0066,1,0,0,0,correct,True,False,0.0981069803237915,0.46796929836273193
test_template_ood,v3_confirmation_test_template_ood_0068,1,0,0,0,correct,True,False,0.09610486030578613,0.46052470803260803
test_template_ood,v3_confirmation_test_template_ood_0069,1,0,0,0,correct,True,False,0.11649566888809204,0.5132946968078613
test_template_ood,v3_confirmation_test_template_ood_0071,1,0,0,0,correct,True,False,0.11108732223510742,0.4997147023677826
test_template_ood,v3_confirmation_test_template_ood_0072,1,0,0,0,correct,True,False,0.09635967016220093,0.4627079367637634
test_template_ood,v3_confirmation_test_template_ood_0074,1,0,0,0,correct,True,False,0.08539092540740967,0.4323192834854126
test_template_ood,v3_confirmation_test_template_ood_0075,1,0,0,0,correct,True,False,0.10033518075942993,0.47337982058525085
test_template_ood,v3_confirmation_test_template_ood_0077,1,0,0,0,correct,True,False,0.09542560577392578,0.46094444394111633
test_template_ood,v3_confirmation_test_template_ood_0078,1,0,0,0,correct,True,False,0.09982568025588989,0.4695912003517151
test_template_ood,v3_confirmation_test_template_ood_0000,2,-1,-1,-1,correct,True,False,0.2706190347671509,0.8843591213226318
test_template_ood,v3_confirmation_test_template_ood_0002,2,-1,-1,-1,correct,True,False,0.2573533058166504,0.856050431728363
test_template_ood,v3_confirmation_test_template_ood_0003,2,-1,-1,-1,correct,True,False,0.2751729488372803,0.8962908983230591
test_template_ood,v3_confirmation_test_template_ood_0005,2,-1,-1,-1,correct,True,False,0.269076943397522,0.8832817673683167
test_template_ood,v3_confirmation_test_template_ood_0006,2,-1,-1,-1,correct,True,False,0.2724078893661499,0.889858067035675
test_template_ood,v3_confirmation_test_template_ood_0008,2,-1,-1,-1,correct,True,False,0.25588804483413696,0.8530552387237549
test_template_ood,v3_confirmation_test_template_ood_0009,2,-1,-1,0,decoder_semantic_error_with_correct_probe,False,False,0.2700904607772827,0.8808326721191406
test_template_ood,v3_confirmation_test_template_ood_0011,2,-1,-1,0,decoder_semantic_error_with_correct_probe,False,False,0.2729663848876953,0.8822957873344421
test_template_ood,v3_confirmation_test_template_ood_0012,2,-1,-1,-1,correct,True,False,0.26538991928100586,0.8731939196586609
test_template_ood,v3_confirmation_test_template_ood_0014,2,-1,-1,-1,correct,True,False,0.2598661184310913,0.8592334389686584
test_template_ood,v3_confirmation_test_template_ood_0015,2,-1,-1,-1,correct,True,False,0.26781052350997925,0.8879086375236511
test_template_ood,v3_confirmation_test_template_ood_0017,2,-1,-1,-1,correct,True,False,0.2633586525917053,0.8734966516494751
test_template_ood,v3_confirmation_test_template_ood_0018,2,-1,-1,-1,correct,True,False,0.27140748500823975,0.8890870809555054
test_template_ood,v3_confirmation_test_template_ood_0020,2,-1,-1,-1,correct,True,False,0.2569371461868286,0.8573911786079407
test_template_ood,v3_confirmation_test_template_ood_0021,2,-1,-1,0,decoder_semantic_error_with_correct_probe,False,False,0.28282594680786133,0.909792959690094
test_template_ood,v3_confirmation_test_template_ood_0023,2,-1,-1,0,decoder_semantic_error_with_correct_probe,False,False,0.26888513565063477,0.8774176239967346
test_template_ood,v3_confirmation_test_template_ood_0024,2,-1,-1,-1,correct,True,False,0.2646443843841553,0.875338077545166
test_template_ood,v3_confirmation_test_template_ood_0026,2,-1,-1,-1,correct,True,False,0.2598217725753784,0.8569346070289612
test_template_ood,v3_confirmation_test_template_ood_0027,2,-1,-1,-1,correct,True,False,0.2743980884552002,0.8971592783927917
test_template_ood,v3_confirmation_test_template_ood_0029,2,-1,-1,-1,correct,True,False,0.26141631603240967,0.8684395551681519
test_template_ood,v3_confirmation_test_template_ood_0030,2,-1,-1,-1,correct,True,False,0.27832162380218506,0.9034496545791626
test_template_ood,v3_confirmation_test_template_ood_0032,2,-1,-1,-1,correct,True,False,0.26170819997787476,0.8646876215934753
test_template_ood,v3_confirmation_test_template_ood_0033,2,-1,-1,0,decoder_semantic_error_with_correct_probe,False,False,0.27990567684173584,0.9024203419685364
test_template_ood,v3_confirmation_test_template_ood_0035,2,-1,-1,0,decoder_semantic_error_with_correct_probe,False,False,0.2664921283721924,0.8767602443695068
test_template_ood,v3_confirmation_test_template_ood_0036,2,-1,-1,-1,correct,True,False,0.26618635654449463,0.8761051893234253
test_template_ood,v3_confirmation_test_template_ood_0038,2,-1,-1,-1,correct,True,False,0.25888240337371826,0.8578211665153503
test_template_ood,v3_confirmation_test_template_ood_0039,2,-1,-1,-1,correct,True,False,0.27179157733917236,0.8944977521896362
test_template_ood,v3_confirmation_test_template_ood_0041,2,-1,-1,-1,correct,True,False,0.2651568651199341,0.875831127166748
test_template_ood,v3_confirmation_test_template_ood_0042,2,-1,-1,-1,correct,True,False,0.2700420618057251,0.8797991275787354
test_template_ood,v3_confirmation_test_template_ood_0044,2,-1,-1,-1,correct,True,False,0.2653942108154297,0.8739302158355713
test_template_ood,v3_confirmation_test_template_ood_0045,2,-1,-1,0,decoder_semantic_error_with_correct_probe,False,False,0.27363908290863037,0.8897229433059692
test_template_ood,v3_confirmation_test_template_ood_0047,2,-1,-1,0,decoder_semantic_error_with_correct_probe,False,False,0.26832079887390137,0.8788772225379944
test_template_ood,v3_confirmation_test_template_ood_0048,2,-1,-1,-1,correct,True,False,0.2666959762573242,0.8758323788642883
test_template_ood,v3_confirmation_test_template_ood_0050,2,-1,-1,-1,correct,True,False,0.2651686668395996,0.8658879399299622
test_template_ood,v3_confirmation_test_template_ood_0051,2,-1,-1,-1,correct,True,False,0.26706355810165405,0.8837766647338867
test_template_ood,v3_confirmation_test_template_ood_0053,2,-1,-1,-1,correct,True,False,0.2670285701751709,0.873419463634491
test_template_ood,v3_confirmation_test_template_ood_0054,2,-1,-1,-1,correct,True,False,0.2724025249481201,0.8900806903839111
test_template_ood,v3_confirmation_test_template_ood_0056,2,-1,-1,-1,correct,True,False,0.26550835371017456,0.8717494010925293
test_template_ood,v3_confirmation_test_template_ood_0057,2,-1,-1,0,decoder_semantic_error_with_correct_probe,False,False,0.27466219663619995,0.8949885368347168
test_template_ood,v3_confirmation_test_template_ood_0059,2,-1,-1,0,decoder_semantic_error_with_correct_probe,False,False,0.26680946350097656,0.8761045336723328
test_template_ood,v3_confirmation_test_template_ood_0060,2,-1,-1,-1,correct,True,False,0.263796329498291,0.8740698099136353
test_template_ood,v3_confirmation_test_template_ood_0062,2,-1,-1,-1,correct,True,False,0.2608272433280945,0.8643515110015869
test_template_ood,v3_confirmation_test_template_ood_0063,2,-1,-1,-1,correct,True,False,0.2711200714111328,0.8892733454704285
test_template_ood,v3_confirmation_test_template_ood_0065,2,-1,-1,-1,correct,True,False,0.2649804353713989,0.8761677742004395
test_template_ood,v3_confirmation_test_template_ood_0066,2,-1,-1,-1,correct,True,False,0.26502060890197754,0.877310574054718
test_template_ood,v3_confirmation_test_template_ood_0068,2,-1,-1,-1,correct,True,False,0.2651010751724243,0.8736310005187988
test_template_ood,v3_confirmation_test_template_ood_0069,2,-1,-1,0,decoder_semantic_error_with_correct_probe,False,False,0.2798811197280884,0.9008116126060486
test_template_ood,v3_confirmation_test_template_ood_0071,2,-1,-1,0,decoder_semantic_error_with_correct_probe,False,False,0.2735314965248108,0.8857516646385193
test_template_ood,v3_confirmation_test_template_ood_0072,2,-1,-1,-1,correct,True,False,0.26999908685684204,0.8856241106987
test_template_ood,v3_confirmation_test_template_ood_0074,2,-1,-1,-1,correct,True,False,0.2510794401168823,0.8401046991348267
test_template_ood,v3_confirmation_test_template_ood_0075,2,-1,-1,-1,correct,True,False,0.2707633972167969,0.886499285697937
test_template_ood,v3_confirmation_test_template_ood_0077,2,-1,-1,-1,correct,True,False,0.2636672258377075,0.8711955547332764
test_template_ood,v3_confirmation_test_template_ood_0078,2,-1,-1,-1,correct,True,False,0.27347952127456665,0.8894874453544617
test_template_ood,v3_confirmation_test_template_ood_0000,3,-2,-2,,decoder_unresolved_with_correct_probe,False,True,0.3998972177505493,1.2324068546295166
test_template_ood,v3_confirmation_test_template_ood_0002,3,-2,-2,,decoder_unresolved_with_correct_probe,False,True,0.38614243268966675,1.200021743774414
test_template_ood,v3_confirmation_test_template_ood_0003,3,-2,-2,,decoder_unresolved_with_correct_probe,False,True,0.4066506624221802,1.2580344676971436
test_template_ood,v3_confirmation_test_template_ood_0005,3,-2,-2,,decoder_unresolved_with_correct_probe,False,True,0.3987691402435303,1.2322989702224731
test_template_ood,v3_confirmation_test_template_ood_0006,3,-2,-2,-2,correct,True,False,0.4006725549697876,1.2313718795776367
test_template_ood,v3_confirmation_test_template_ood_0008,3,-2,-2,-1,decoder_semantic_error_with_correct_probe,False,False,0.38323527574539185,1.1883901357650757
test_template_ood,v3_confirmation_test_template_ood_0009,3,-2,-2,-3,decoder_semantic_error_with_correct_probe,False,False,0.39760446548461914,1.2145512104034424
test_template_ood,v3_confirmation_test_template_ood_0011,3,-2,-4,-3,overshoot_candidate,False,False,0.40084540843963623,1.2169033288955688
test_template_ood,v3_confirmation_test_template_ood_0012,3,-2,-2,,decoder_unresolved_with_correct_probe,False,True,0.39552056789398193,1.223241925239563
test_template_ood,v3_confirmation_test_template_ood_0014,3,-2,-2,,decoder_unresolved_with_correct_probe,False,True,0.38812994956970215,1.196857213973999
test_template_ood,v3_confirmation_test_template_ood_0015,3,-2,-2,,decoder_unresolved_with_correct_probe,False,True,0.39516156911849976,1.2399348020553589
test_template_ood,v3_confirmation_test_template_ood_0017,3,-2,-2,,decoder_unresolved_with_correct_probe,False,True,0.3938487768173218,1.2251986265182495
test_template_ood,v3_confirmation_test_template_ood_0018,3,-2,-4,-2,probe_disagrees_with_correct_decode,True,False,0.39878684282302856,1.2310113906860352
test_template_ood,v3_confirmation_test_template_ood_0020,3,-2,-2,-1,decoder_semantic_error_with_correct_probe,False,False,0.3839554786682129,1.1931406259536743
test_template_ood,v3_confirmation_test_template_ood_0021,3,-2,-2,-3,decoder_semantic_error_with_correct_probe,False,False,0.410028338432312,1.2530604600906372
test_template_ood,v3_confirmation_test_template_ood_0023,3,-2,-4,-3,overshoot_candidate,False,False,0.3944782614707947,1.2083755731582642
test_template_ood,v3_confirmation_test_template_ood_0024,3,-2,-2,,decoder_unresolved_with_correct_probe,False,True,0.3942676782608032,1.2247929573059082
test_template_ood,v3_confirmation_test_template_ood_0026,3,-2,-2,,decoder_unresolved_with_correct_probe,False,True,0.3903459310531616,1.1963374614715576
test_template_ood,v3_confirmation_test_template_ood_0027,3,-2,-2,,decoder_unresolved_with_correct_probe,False,True,0.40530216693878174,1.2588261365890503
test_template_ood,v3_confirmation_test_template_ood_0029,3,-2,-2,,decoder_unresolved_with_correct_probe,False,True,0.39027929306030273,1.2149416208267212
test_template_ood,v3_confirmation_test_template_ood_0030,3,-2,-2,-2,correct,True,False,0.40784889459609985,1.253561019897461
test_template_ood,v3_confirmation_test_template_ood_0032,3,-2,-2,-2,correct,True,False,0.3889824151992798,1.1964064836502075
test_template_ood,v3_confirmation_test_template_ood_0033,3,-2,-2,-3,decoder_semantic_error_with_correct_probe,False,False,0.4060128331184387,1.2376478910446167
test_template_ood,v3_confirmation_test_template_ood_0035,3,-2,-2,,decoder_unresolved_with_correct_probe,False,True,0.3925057649612427,1.209939956665039
test_template_ood,v3_confirmation_test_template_ood_0036,3,-2,-2,,decoder_unresolved_with_correct_probe,False,True,0.3950669765472412,1.2226369380950928
test_template_ood,v3_confirmation_test_template_ood_0038,3,-2,-2,,decoder_unresolved_with_correct_probe,False,True,0.38825881481170654,1.2002111673355103
test_template_ood,v3_confirmation_test_template_ood_0039,3,-2,-2,,decoder_unresolved_with_correct_probe,False,True,0.4025312662124634,1.25673508644104
test_template_ood,v3_confirmation_test_template_ood_0041,3,-2,-2,,decoder_unresolved_with_correct_probe,False,True,0.39415866136550903,1.2245442867279053
test_template_ood,v3_confirmation_test_template_ood_0042,3,-2,-2,-2,correct,True,False,0.39928317070007324,1.2211856842041016
test_template_ood,v3_confirmation_test_template_ood_0044,3,-2,-2,,decoder_unresolved_with_correct_probe,False,True,0.39388883113861084,1.2119587659835815
test_template_ood,v3_confirmation_test_template_ood_0045,3,-2,-2,-3,decoder_semantic_error_with_correct_probe,False,False,0.4005340337753296,1.2292922735214233
test_template_ood,v3_confirmation_test_template_ood_0047,3,-2,-2,,decoder_unresolved_with_correct_probe,False,True,0.3946326971054077,1.2140415906906128
test_template_ood,v3_confirmation_test_template_ood_0048,3,-2,-2,,decoder_unresolved_with_correct_probe,False,True,0.3950403928756714,1.2208871841430664
test_template_ood,v3_confirmation_test_template_ood_0050,3,-2,-2,,decoder_unresolved_with_correct_probe,False,True,0.39704614877700806,1.2107186317443848
test_template_ood,v3_confirmation_test_template_ood_0051,3,-2,-2,,decoder_unresolved_with_correct_probe,False,True,0.39566683769226074,1.2401416301727295
test_template_ood,v3_confirmation_test_template_ood_0053,3,-2,-2,,decoder_unresolved_with_correct_probe,False,True,0.3978017568588257,1.2223865985870361
test_template_ood,v3_confirmation_test_template_ood_0054,3,-2,-2,-2,correct,True,False,0.4013005495071411,1.2367264032363892
test_template_ood,v3_confirmation_test_template_ood_0056,3,-2,-4,-2,probe_disagrees_with_correct_decode,True,False,0.39295244216918945,1.2041298151016235
test_template_ood,v3_confirmation_test_template_ood_0057,3,-2,-4,-3,overshoot_candidate,False,False,0.4006391763687134,1.2312278747558594
test_template_ood,v3_confirmation_test_template_ood_0059,3,-2,-2,-3,decoder_semantic_error_with_correct_probe,False,False,0.39348119497299194,1.2098690271377563
test_template_ood,v3_confirmation_test_template_ood_0060,3,-2,-2,,decoder_unresolved_with_correct_probe,False,True,0.3917504549026489,1.2221447229385376
test_template_ood,v3_confirmation_test_template_ood_0062,3,-2,-2,,decoder_unresolved_with_correct_probe,False,True,0.3903542757034302,1.2112904787063599
test_template_ood,v3_confirmation_test_template_ood_0063,3,-2,-2,,decoder_unresolved_with_correct_probe,False,True,0.401317298412323,1.2471129894256592
test_template_ood,v3_confirmation_test_template_ood_0065,3,-2,-2,,decoder_unresolved_with_correct_probe,False,True,0.39581233263015747,1.2266504764556885
test_template_ood,v3_confirmation_test_template_ood_0066,3,-2,-2,-1,decoder_semantic_error_with_correct_probe,False,False,0.39319169521331787,1.2204900979995728
test_template_ood,v3_confirmation_test_template_ood_0068,3,-2,-2,-2,correct,True,False,0.3935750722885132,1.2109956741333008
test_template_ood,v3_confirmation_test_template_ood_0069,3,-2,-2,-3,decoder_semantic_error_with_correct_probe,False,False,0.4063152074813843,1.2392181158065796
test_template_ood,v3_confirmation_test_template_ood_0071,3,-2,-4,-3,overshoot_candidate,False,False,0.39953410625457764,1.218245506286621
test_template_ood,v3_confirmation_test_template_ood_0072,3,-2,-2,,decoder_unresolved_with_correct_probe,False,True,0.40008485317230225,1.2386643886566162
test_template_ood,v3_confirmation_test_template_ood_0074,3,-2,-2,,decoder_unresolved_with_correct_probe,False,True,0.38023698329925537,1.1778761148452759
test_template_ood,v3_confirmation_test_template_ood_0075,3,-2,-2,,decoder_unresolved_with_correct_probe,False,True,0.4011108875274658,1.2431697845458984
test_template_ood,v3_confirmation_test_template_ood_0077,3,-2,-2,,decoder_unresolved_with_correct_probe,False,True,0.39319390058517456,1.217139720916748
test_template_ood,v3_confirmation_test_template_ood_0078,3,-2,-2,-2,correct,True,False,0.4037123918533325,1.2355387210845947
test_template_ood,v3_confirmation_test_template_ood_0000,4,-3,-4,,overshoot_candidate,False,True,0.48529601097106934,1.5270241498947144
test_template_ood,v3_confirmation_test_template_ood_0002,4,-3,-4,,overshoot_candidate,False,True,0.4727267622947693,1.489856481552124
test_template_ood,v3_confirmation_test_template_ood_0003,4,-3,-4,,overshoot_candidate,False,True,0.4922682046890259,1.5580230951309204
test_template_ood,v3_confirmation_test_template_ood_0005,4,-3,-4,,overshoot_candidate,False,True,0.4851207137107849,1.5270007848739624
test_template_ood,v3_confirmation_test_template_ood_0006,4,-3,-4,,overshoot_candidate,False,True,0.48646843433380127,1.5216307640075684
test_template_ood,v3_confirmation_test_template_ood_0008,4,-3,-4,,overshoot_candidate,False,True,0.4710610508918762,1.4762219190597534
test_template_ood,v3_confirmation_test_template_ood_0009,4,-3,-4,,overshoot_candidate,False,True,0.4835115671157837,1.4997812509536743
test_template_ood,v3_confirmation_test_template_ood_0011,4,-3,-4,,overshoot_candidate,False,True,0.4876357316970825,1.504300594329834
test_template_ood,v3_confirmation_test_template_ood_0012,4,-3,-4,,overshoot_candidate,False,True,0.4813433885574341,1.5159714221954346
test_template_ood,v3_confirmation_test_template_ood_0014,4,-3,-4,,overshoot_candidate,False,True,0.47407180070877075,1.4812661409378052
test_template_ood,v3_confirmation_test_template_ood_0015,4,-3,-4,,overshoot_candidate,False,True,0.47997236251831055,1.5334360599517822
test_template_ood,v3_confirmation_test_template_ood_0017,4,-3,-4,,overshoot_candidate,False,True,0.4805455207824707,1.5202571153640747
test_template_ood,v3_confirmation_test_template_ood_0018,4,-3,-4,,overshoot_candidate,False,True,0.48345887660980225,1.5174139738082886
test_template_ood,v3_confirmation_test_template_ood_0020,4,-3,-4,,overshoot_candidate,False,True,0.4710690975189209,1.4801788330078125
test_template_ood,v3_confirmation_test_template_ood_0021,4,-3,-4,,overshoot_candidate,False,True,0.4940919280052185,1.5412688255310059
test_template_ood,v3_confirmation_test_template_ood_0023,4,-3,-4,,overshoot_candidate,False,True,0.47964000701904297,1.488029956817627
test_template_ood,v3_confirmation_test_template_ood_0024,4,-3,-4,,overshoot_candidate,False,True,0.47968173027038574,1.516894817352295
test_template_ood,v3_confirmation_test_template_ood_0026,4,-3,-4,,overshoot_candidate,False,True,0.4773712158203125,1.4819326400756836
test_template_ood,v3_confirmation_test_template_ood_0027,4,-3,-4,,overshoot_candidate,False,True,0.4907956123352051,1.5578234195709229
test_template_ood,v3_confirmation_test_template_ood_0029,4,-3,-4,,overshoot_candidate,False,True,0.47678905725479126,1.5071378946304321
test_template_ood,v3_confirmation_test_template_ood_0030,4,-3,-4,,overshoot_candidate,False,True,0.49381983280181885,1.546912431716919
test_template_ood,v3_confirmation_test_template_ood_0032,4,-3,-4,,overshoot_candidate,False,True,0.476010262966156,1.4816582202911377
test_template_ood,v3_confirmation_test_template_ood_0033,4,-3,-4,,overshoot_candidate,False,True,0.48972243070602417,1.5208121538162231
test_template_ood,v3_confirmation_test_template_ood_0035,4,-3,-4,,overshoot_candidate,False,True,0.4779496192932129,1.4949090480804443
test_template_ood,v3_confirmation_test_template_ood_0036,4,-3,-4,,overshoot_candidate,False,True,0.48035454750061035,1.5131871700286865
test_template_ood,v3_confirmation_test_template_ood_0038,4,-3,-4,,overshoot_candidate,False,True,0.47523075342178345,1.4902620315551758
test_template_ood,v3_confirmation_test_template_ood_0039,4,-3,-4,,overshoot_candidate,False,True,0.4877432584762573,1.5533486604690552
test_template_ood,v3_confirmation_test_template_ood_0041,4,-3,-4,,overshoot_candidate,False,True,0.48054540157318115,1.5190635919570923
test_template_ood,v3_confirmation_test_template_ood_0042,4,-3,-4,,overshoot_candidate,False,True,0.4860149621963501,1.5114431381225586
test_template_ood,v3_confirmation_test_template_ood_0044,4,-3,-4,,overshoot_candidate,False,True,0.4814572334289551,1.502287745475769
test_template_ood,v3_confirmation_test_template_ood_0045,4,-3,-4,,overshoot_candidate,False,True,0.4858224391937256,1.5160168409347534
test_template_ood,v3_confirmation_test_template_ood_0047,4,-3,-4,,overshoot_candidate,False,True,0.48025405406951904,1.498154640197754
test_template_ood,v3_confirmation_test_template_ood_0048,4,-3,-4,,overshoot_candidate,False,True,0.47998154163360596,1.5104676485061646
test_template_ood,v3_confirmation_test_template_ood_0050,4,-3,-4,,overshoot_candidate,False,True,0.48484230041503906,1.5055428743362427
test_template_ood,v3_confirmation_test_template_ood_0051,4,-3,-4,,overshoot_candidate,False,True,0.47978782653808594,1.531538963317871
test_template_ood,v3_confirmation_test_template_ood_0053,4,-3,-4,,overshoot_candidate,False,True,0.48488593101501465,1.5150490999221802
test_template_ood,v3_confirmation_test_template_ood_0054,4,-3,-4,,overshoot_candidate,False,True,0.48707717657089233,1.530344009399414
test_template_ood,v3_confirmation_test_template_ood_0056,4,-3,-4,,overshoot_candidate,False,True,0.47942131757736206,1.4880752563476562
test_template_ood,v3_confirmation_test_template_ood_0057,4,-3,-4,,overshoot_candidate,False,True,0.48528796434402466,1.5158859491348267
test_template_ood,v3_confirmation_test_template_ood_0059,4,-3,-4,,overshoot_candidate,False,True,0.479117214679718,1.4925239086151123
test_template_ood,v3_confirmation_test_template_ood_0060,4,-3,-4,,overshoot_candidate,False,True,0.4767245054244995,1.5135729312896729
test_template_ood,v3_confirmation_test_template_ood_0062,4,-3,-4,,overshoot_candidate,False,True,0.47692233324050903,1.5042351484298706
test_template_ood,v3_confirmation_test_template_ood_0063,4,-3,-4,,overshoot_candidate,False,True,0.486788272857666,1.5410083532333374
test_template_ood,v3_confirmation_test_template_ood_0065,4,-3,-4,,overshoot_candidate,False,True,0.4826660752296448,1.5248500108718872
test_template_ood,v3_confirmation_test_template_ood_0066,4,-3,-4,,overshoot_candidate,False,True,0.4791625738143921,1.511745810508728
test_template_ood,v3_confirmation_test_template_ood_0068,4,-3,-4,,overshoot_candidate,False,True,0.4804273247718811,1.4998784065246582
test_template_ood,v3_confirmation_test_template_ood_0069,4,-3,-4,,overshoot_candidate,False,True,0.4901493787765503,1.521816611289978
test_template_ood,v3_confirmation_test_template_ood_0071,4,-3,-4,,overshoot_candidate,False,True,0.4845203161239624,1.499729037284851
test_template_ood,v3_confirmation_test_template_ood_0072,4,-3,-4,,overshoot_candidate,False,True,0.48650026321411133,1.5341631174087524
test_template_ood,v3_confirmation_test_template_ood_0074,4,-3,-4,,overshoot_candidate,False,True,0.46788936853408813,1.4652066230773926
test_template_ood,v3_confirmation_test_template_ood_0075,4,-3,-4,,overshoot_candidate,False,True,0.48635971546173096,1.5357577800750732
test_template_ood,v3_confirmation_test_template_ood_0077,4,-3,-4,,overshoot_candidate,False,True,0.47974783182144165,1.506129503250122
test_template_ood,v3_confirmation_test_template_ood_0078,4,-3,-4,,overshoot_candidate,False,True,0.49094974994659424,1.5304431915283203
test_template_ood,v3_confirmation_test_template_ood_0000,5,-4,-4,,probe_floor_unidentifiable,False,True,0.5486939549446106,1.7927513122558594
test_template_ood,v3_confirmation_test_template_ood_0002,5,-4,-4,,probe_floor_unidentifiable,False,True,0.5370457172393799,1.7483936548233032
test_template_ood,v3_confirmation_test_template_ood_0003,5,-4,-4,,probe_floor_unidentifiable,False,True,0.5554326772689819,1.8259291648864746
test_template_ood,v3_confirmation_test_template_ood_0005,5,-4,-4,,probe_floor_unidentifiable,False,True,0.5497526526451111,1.7893043756484985
test_template_ood,v3_confirmation_test_template_ood_0006,5,-4,-4,,probe_floor_unidentifiable,False,True,0.5500572323799133,1.7832088470458984
test_template_ood,v3_confirmation_test_template_ood_0008,5,-4,-4,,probe_floor_unidentifiable,False,True,0.5372337102890015,1.7358540296554565
test_template_ood,v3_confirmation_test_template_ood_0009,5,-4,-4,,probe_floor_unidentifiable,False,True,0.5473573803901672,1.7545557022094727
test_template_ood,v3_confirmation_test_template_ood_0011,5,-4,-4,,probe_floor_unidentifiable,False,True,0.5525908470153809,1.764345407485962
test_template_ood,v3_confirmation_test_template_ood_0012,5,-4,-4,,probe_floor_unidentifiable,False,True,0.5450567603111267,1.7748332023620605
test_template_ood,v3_confirmation_test_template_ood_0014,5,-4,-4,,probe_floor_unidentifiable,False,True,0.5379946827888489,1.7365130186080933
test_template_ood,v3_confirmation_test_template_ood_0015,5,-4,-4,,probe_floor_unidentifiable,False,True,0.5421099662780762,1.7976927757263184
test_template_ood,v3_confirmation_test_template_ood_0017,5,-4,-4,,probe_floor_unidentifiable,False,True,0.5450364351272583,1.7828106880187988
test_template_ood,v3_confirmation_test_template_ood_0018,5,-4,-4,,probe_floor_unidentifiable,False,True,0.5468524694442749,1.780877709388733
test_template_ood,v3_confirmation_test_template_ood_0020,5,-4,-4,,probe_floor_unidentifiable,False,True,0.536296546459198,1.7369072437286377
test_template_ood,v3_confirmation_test_template_ood_0021,5,-4,-4,,probe_floor_unidentifiable,False,True,0.5558872818946838,1.79752779006958
test_template_ood,v3_confirmation_test_template_ood_0023,5,-4,-4,,probe_floor_unidentifiable,False,True,0.5435081720352173,1.7407642602920532
test_template_ood,v3_confirmation_test_template_ood_0024,5,-4,-4,,probe_floor_unidentifiable,False,True,0.542986273765564,1.774282693862915
test_template_ood,v3_confirmation_test_template_ood_0026,5,-4,-4,,probe_floor_unidentifiable,False,True,0.5418298840522766,1.7355788946151733
test_template_ood,v3_confirmation_test_template_ood_0027,5,-4,-4,,probe_floor_unidentifiable,False,True,0.5539191961288452,1.8240371942520142
test_template_ood,v3_confirmation_test_template_ood_0029,5,-4,-4,,probe_floor_unidentifiable,False,True,0.5407145619392395,1.7658778429031372
test_template_ood,v3_confirmation_test_template_ood_0030,5,-4,-4,,probe_floor_unidentifiable,False,True,0.5566717982292175,1.807935118675232
test_template_ood,v3_confirmation_test_template_ood_0032,5,-4,-4,,probe_floor_unidentifiable,False,True,0.5407431721687317,1.7386633157730103
test_template_ood,v3_confirmation_test_template_ood_0033,5,-4,-4,,probe_floor_unidentifiable,False,True,0.5518758893013,1.7756062746047974
test_template_ood,v3_confirmation_test_template_ood_0035,5,-4,-4,,probe_floor_unidentifiable,False,True,0.5420191884040833,1.7497892379760742
test_template_ood,v3_confirmation_test_template_ood_0036,5,-4,-4,,probe_floor_unidentifiable,False,True,0.5437319874763489,1.7767372131347656
test_template_ood,v3_confirmation_test_template_ood_0038,5,-4,-4,,probe_floor_unidentifiable,False,True,0.5397015810012817,1.7479065656661987
test_template_ood,v3_confirmation_test_template_ood_0039,5,-4,-4,,probe_floor_unidentifiable,False,True,0.5502285361289978,1.8173892498016357
test_template_ood,v3_confirmation_test_template_ood_0041,5,-4,-4,,probe_floor_unidentifiable,False,True,0.5441442131996155,1.781729817390442
test_template_ood,v3_confirmation_test_template_ood_0042,5,-4,-4,,probe_floor_unidentifiable,False,True,0.5502495765686035,1.772629737854004
test_template_ood,v3_confirmation_test_template_ood_0044,5,-4,-4,,probe_floor_unidentifiable,False,True,0.5464348793029785,1.7621735334396362
test_template_ood,v3_confirmation_test_template_ood_0045,5,-4,-4,,probe_floor_unidentifiable,False,True,0.5492855310440063,1.7732608318328857
test_template_ood,v3_confirmation_test_template_ood_0047,5,-4,-4,,probe_floor_unidentifiable,False,True,0.5441572666168213,1.7529791593551636
test_template_ood,v3_confirmation_test_template_ood_0048,5,-4,-4,,probe_floor_unidentifiable,False,True,0.5428962707519531,1.7707159519195557
test_template_ood,v3_confirmation_test_template_ood_0050,5,-4,-4,,probe_floor_unidentifiable,False,True,0.5496172308921814,1.7669124603271484
test_template_ood,v3_confirmation_test_template_ood_0051,5,-4,-4,,probe_floor_unidentifiable,False,True,0.541892409324646,1.7931323051452637
test_template_ood,v3_confirmation_test_template_ood_0053,5,-4,-4,,probe_floor_unidentifiable,False,True,0.5491060614585876,1.7769314050674438
test_template_ood,v3_confirmation_test_template_ood_0054,5,-4,-4,,probe_floor_unidentifiable,False,True,0.5501705408096313,1.7915716171264648
test_template_ood,v3_confirmation_test_template_ood_0056,5,-4,-4,,probe_floor_unidentifiable,False,True,0.54496830701828,1.749315619468689
test_template_ood,v3_confirmation_test_template_ood_0057,5,-4,-4,,probe_floor_unidentifiable,False,True,0.5484441518783569,1.7702288627624512
test_template_ood,v3_confirmation_test_template_ood_0059,5,-4,-4,,probe_floor_unidentifiable,False,True,0.5429492592811584,1.7452996969223022
test_template_ood,v3_confirmation_test_template_ood_0060,5,-4,-4,,probe_floor_unidentifiable,False,True,0.5399923920631409,1.7788493633270264
test_template_ood,v3_confirmation_test_template_ood_0062,5,-4,-4,,probe_floor_unidentifiable,False,True,0.5406197309494019,1.7649223804473877
test_template_ood,v3_confirmation_test_template_ood_0063,5,-4,-4,,probe_floor_unidentifiable,False,True,0.5498780012130737,1.8031381368637085
test_template_ood,v3_confirmation_test_template_ood_0065,5,-4,-4,,probe_floor_unidentifiable,False,True,0.5470354557037354,1.7912169694900513
test_template_ood,v3_confirmation_test_template_ood_0066,5,-4,-4,,probe_floor_unidentifiable,False,True,0.5431658625602722,1.7727603912353516
test_template_ood,v3_confirmation_test_template_ood_0068,5,-4,-4,,probe_floor_unidentifiable,False,True,0.5447587370872498,1.7580065727233887
test_template_ood,v3_confirmation_test_template_ood_0069,5,-4,-4,,probe_floor_unidentifiable,False,True,0.5521326065063477,1.7750523090362549
test_template_ood,v3_confirmation_test_template_ood_0071,5,-4,-4,,probe_floor_unidentifiable,False,True,0.5482650995254517,1.757455825805664
test_template_ood,v3_confirmation_test_template_ood_0072,5,-4,-4,,probe_floor_unidentifiable,False,True,0.5502148270606995,1.7942312955856323
test_template_ood,v3_confirmation_test_template_ood_0074,5,-4,-4,,probe_floor_unidentifiable,False,True,0.5335877537727356,1.7205767631530762
test_template_ood,v3_confirmation_test_template_ood_0075,5,-4,-4,,probe_floor_unidentifiable,False,True,0.5492695569992065,1.7980966567993164
test_template_ood,v3_confirmation_test_template_ood_0077,5,-4,-4,,probe_floor_unidentifiable,False,True,0.5440710783004761,1.764472246170044
test_template_ood,v3_confirmation_test_template_ood_0078,5,-4,-4,,probe_floor_unidentifiable,False,True,0.5549883842468262,1.7926849126815796
