kind,R_method,split,seed,contrast,n,delta_pp,ci_lo_pp,ci_hi_pp,bootstrap_replicates,empty_draws,empty_handling,uncertainty,exploratory,degenerate,seed_sd_pp,seeds
source,F2,iid,42,fixed_Q_G,160,76.875,70.0,83.125,2000,0,"empty cohort NA; empty resample omitted, never substitute denominator","paired shared world sampling, fixed models",False,False,,
source,F2,iid,42,fixed_Q_R,160,53.75,46.25,61.875,2000,0,"empty cohort NA; empty resample omitted, never substitute denominator","paired shared world sampling, fixed models",False,False,,
receiver,F2,iid,42,fixed_P_G,160,46.25,38.125,53.75,2000,0,"empty cohort NA; empty resample omitted, never substitute denominator","paired shared world sampling, fixed models",False,False,,
receiver,F2,iid,42,fixed_P_R,160,23.125,16.875,30.0,2000,0,"empty cohort NA; empty resample omitted, never substitute denominator","paired shared world sampling, fixed models",False,False,,
source,F2,template_ood,42,fixed_Q_G,160,61.25000000000001,53.125,69.375,2000,0,"empty cohort NA; empty resample omitted, never substitute denominator","paired shared world sampling, fixed models",False,False,,
source,F2,template_ood,42,fixed_Q_R,160,21.875,15.625,28.749999999999996,2000,0,"empty cohort NA; empty resample omitted, never substitute denominator","paired shared world sampling, fixed models",False,False,,
receiver,F2,template_ood,42,fixed_P_G,160,46.875,38.125,55.00000000000001,2000,0,"empty cohort NA; empty resample omitted, never substitute denominator","paired shared world sampling, fixed models",False,False,,
receiver,F2,template_ood,42,fixed_P_R,160,7.5,3.75,11.875,2000,0,"empty cohort NA; empty resample omitted, never substitute denominator","paired shared world sampling, fixed models",False,False,,
source,F2,iid,43,fixed_Q_G,160,62.5,55.625,70.0,2000,0,"empty cohort NA; empty resample omitted, never substitute denominator","paired shared world sampling, fixed models",False,False,,
source,F2,iid,43,fixed_Q_R,160,0.0,0.0,0.0,2000,0,"empty cohort NA; empty resample omitted, never substitute denominator","paired shared world sampling, fixed models",False,True,,
receiver,F2,iid,43,fixed_P_G,160,100.0,100.0,100.0,2000,0,"empty cohort NA; empty resample omitted, never substitute denominator","paired shared world sampling, fixed models",False,True,,
receiver,F2,iid,43,fixed_P_R,160,37.5,30.0,44.375,2000,0,"empty cohort NA; empty resample omitted, never substitute denominator","paired shared world sampling, fixed models",False,False,,
source,F2,template_ood,43,fixed_Q_G,160,70.625,63.125,77.5,2000,0,"empty cohort NA; empty resample omitted, never substitute denominator","paired shared world sampling, fixed models",False,False,,
source,F2,template_ood,43,fixed_Q_R,160,0.0,0.0,0.0,2000,0,"empty cohort NA; empty resample omitted, never substitute denominator","paired shared world sampling, fixed models",False,True,,
receiver,F2,template_ood,43,fixed_P_G,160,75.0,68.125,81.25,2000,0,"empty cohort NA; empty resample omitted, never substitute denominator","paired shared world sampling, fixed models",False,False,,
receiver,F2,template_ood,43,fixed_P_R,160,4.375,1.25,7.5,2000,0,"empty cohort NA; empty resample omitted, never substitute denominator","paired shared world sampling, fixed models",False,False,,
source,F2,iid,44,fixed_Q_G,160,100.0,100.0,100.0,2000,0,"empty cohort NA; empty resample omitted, never substitute denominator","paired shared world sampling, fixed models",False,True,,
source,F2,iid,44,fixed_Q_R,160,80.625,74.375,86.26562499999993,2000,0,"empty cohort NA; empty resample omitted, never substitute denominator","paired shared world sampling, fixed models",False,False,,
receiver,F2,iid,44,fixed_P_G,160,19.375,13.734375000000002,25.624999999999996,2000,0,"empty cohort NA; empty resample omitted, never substitute denominator","paired shared world sampling, fixed models",False,False,,
receiver,F2,iid,44,fixed_P_R,160,0.0,0.0,0.0,2000,0,"empty cohort NA; empty resample omitted, never substitute denominator","paired shared world sampling, fixed models",False,True,,
source,F2,template_ood,44,fixed_Q_G,160,71.25,63.74999999999999,78.125,2000,0,"empty cohort NA; empty resample omitted, never substitute denominator","paired shared world sampling, fixed models",False,False,,
source,F2,template_ood,44,fixed_Q_R,160,43.75,36.25,51.87500000000001,2000,0,"empty cohort NA; empty resample omitted, never substitute denominator","paired shared world sampling, fixed models",False,False,,
receiver,F2,template_ood,44,fixed_P_G,160,27.500000000000004,20.625,34.375,2000,0,"empty cohort NA; empty resample omitted, never substitute denominator","paired shared world sampling, fixed models",False,False,,
receiver,F2,template_ood,44,fixed_P_R,160,0.0,0.0,0.0,2000,0,"empty cohort NA; empty resample omitted, never substitute denominator","paired shared world sampling, fixed models",False,True,,
source,F3,iid,42,fixed_Q_G,160,52.5,45.0,60.0,2000,0,"empty cohort NA; empty resample omitted, never substitute denominator","paired shared world sampling, fixed models",False,False,,
source,F3,iid,42,fixed_Q_R,160,0.0,0.0,0.0,2000,0,"empty cohort NA; empty resample omitted, never substitute denominator","paired shared world sampling, fixed models",False,True,,
receiver,F3,iid,42,fixed_P_G,160,100.0,100.0,100.0,2000,0,"empty cohort NA; empty resample omitted, never substitute denominator","paired shared world sampling, fixed models",False,True,,
receiver,F3,iid,42,fixed_P_R,160,47.5,40.0,55.00000000000001,2000,0,"empty cohort NA; empty resample omitted, never substitute denominator","paired shared world sampling, fixed models",False,False,,
source,F3,template_ood,42,fixed_Q_G,160,63.125,55.625,70.625,2000,0,"empty cohort NA; empty resample omitted, never substitute denominator","paired shared world sampling, fixed models",False,False,,
source,F3,template_ood,42,fixed_Q_R,160,0.0,0.0,0.0,2000,0,"empty cohort NA; empty resample omitted, never substitute denominator","paired shared world sampling, fixed models",False,True,,
receiver,F3,template_ood,42,fixed_P_G,160,68.75,61.25000000000001,76.25,2000,0,"empty cohort NA; empty resample omitted, never substitute denominator","paired shared world sampling, fixed models",False,False,,
receiver,F3,template_ood,42,fixed_P_R,160,5.625,2.5,9.375,2000,0,"empty cohort NA; empty resample omitted, never substitute denominator","paired shared world sampling, fixed models",False,False,,
source,F3,iid,43,fixed_Q_G,160,97.5,95.0,99.375,2000,0,"empty cohort NA; empty resample omitted, never substitute denominator","paired shared world sampling, fixed models",False,False,,
source,F3,iid,43,fixed_Q_R,160,0.0,0.0,0.0,2000,0,"empty cohort NA; empty resample omitted, never substitute denominator","paired shared world sampling, fixed models",False,True,,
receiver,F3,iid,43,fixed_P_G,160,100.0,100.0,100.0,2000,0,"empty cohort NA; empty resample omitted, never substitute denominator","paired shared world sampling, fixed models",False,True,,
receiver,F3,iid,43,fixed_P_R,160,2.5,0.625,5.0,2000,0,"empty cohort NA; empty resample omitted, never substitute denominator","paired shared world sampling, fixed models",False,False,,
source,F3,template_ood,43,fixed_Q_G,160,75.0,68.125,81.25,2000,0,"empty cohort NA; empty resample omitted, never substitute denominator","paired shared world sampling, fixed models",False,False,,
source,F3,template_ood,43,fixed_Q_R,160,0.0,0.0,0.0,2000,0,"empty cohort NA; empty resample omitted, never substitute denominator","paired shared world sampling, fixed models",False,True,,
receiver,F3,template_ood,43,fixed_P_G,160,75.0,68.125,81.25,2000,0,"empty cohort NA; empty resample omitted, never substitute denominator","paired shared world sampling, fixed models",False,False,,
receiver,F3,template_ood,43,fixed_P_R,160,0.0,0.0,0.0,2000,0,"empty cohort NA; empty resample omitted, never substitute denominator","paired shared world sampling, fixed models",False,True,,
source,F3,iid,44,fixed_Q_G,160,86.25,80.625,91.25,2000,0,"empty cohort NA; empty resample omitted, never substitute denominator","paired shared world sampling, fixed models",False,False,,
source,F3,iid,44,fixed_Q_R,160,0.0,0.0,0.0,2000,0,"empty cohort NA; empty resample omitted, never substitute denominator","paired shared world sampling, fixed models",False,True,,
receiver,F3,iid,44,fixed_P_G,160,100.0,100.0,100.0,2000,0,"empty cohort NA; empty resample omitted, never substitute denominator","paired shared world sampling, fixed models",False,True,,
receiver,F3,iid,44,fixed_P_R,160,13.750000000000002,8.75,19.375,2000,0,"empty cohort NA; empty resample omitted, never substitute denominator","paired shared world sampling, fixed models",False,False,,
source,F3,template_ood,44,fixed_Q_G,160,70.0,62.5,76.875,2000,0,"empty cohort NA; empty resample omitted, never substitute denominator","paired shared world sampling, fixed models",False,False,,
source,F3,template_ood,44,fixed_Q_R,160,0.0,0.0,0.0,2000,0,"empty cohort NA; empty resample omitted, never substitute denominator","paired shared world sampling, fixed models",False,True,,
receiver,F3,template_ood,44,fixed_P_G,160,71.25,63.74999999999999,78.125,2000,0,"empty cohort NA; empty resample omitted, never substitute denominator","paired shared world sampling, fixed models",False,False,,
receiver,F3,template_ood,44,fixed_P_R,160,1.25,0.0,3.125,2000,0,"empty cohort NA; empty resample omitted, never substitute denominator","paired shared world sampling, fixed models",False,False,,
F3-F2,F3-F2,iid,42,GG,160,0.0,0.0,0.0,2000,0,"empty cohort NA; empty resample omitted, never substitute denominator","paired shared world sampling, fixed models",False,True,,
F3-F2,F3-F2,iid,42,GR,160,-53.75,-61.875,-46.25,2000,0,"empty cohort NA; empty resample omitted, never substitute denominator","paired shared world sampling, fixed models",False,False,,
F3-F2,F3-F2,iid,42,RG,160,24.375,18.125,31.25,2000,0,"empty cohort NA; empty resample omitted, never substitute denominator","paired shared world sampling, fixed models",False,False,,
F3-F2,F3-F2,iid,42,RR,160,0.0,0.0,0.0,2000,0,"empty cohort NA; empty resample omitted, never substitute denominator","paired shared world sampling, fixed models",False,True,,
F3-F2,F3-F2,template_ood,42,GG,160,0.0,0.0,0.0,2000,0,"empty cohort NA; empty resample omitted, never substitute denominator","paired shared world sampling, fixed models",False,True,,
F3-F2,F3-F2,template_ood,42,GR,160,-21.875,-28.749999999999996,-15.625,2000,0,"empty cohort NA; empty resample omitted, never substitute denominator","paired shared world sampling, fixed models",False,False,,
F3-F2,F3-F2,template_ood,42,RG,160,-1.875,-7.5,3.75,2000,0,"empty cohort NA; empty resample omitted, never substitute denominator","paired shared world sampling, fixed models",False,False,,
F3-F2,F3-F2,template_ood,42,RR,160,0.0,0.0,0.0,2000,0,"empty cohort NA; empty resample omitted, never substitute denominator","paired shared world sampling, fixed models",False,True,,
F3-F2,F3-F2,iid,43,GG,160,0.0,0.0,0.0,2000,0,"empty cohort NA; empty resample omitted, never substitute denominator","paired shared world sampling, fixed models",False,True,,
F3-F2,F3-F2,iid,43,GR,160,0.0,0.0,0.0,2000,0,"empty cohort NA; empty resample omitted, never substitute denominator","paired shared world sampling, fixed models",False,True,,
F3-F2,F3-F2,iid,43,RG,160,-35.0,-41.875,-27.500000000000004,2000,0,"empty cohort NA; empty resample omitted, never substitute denominator","paired shared world sampling, fixed models",False,False,,
F3-F2,F3-F2,iid,43,RR,160,0.0,0.0,0.0,2000,0,"empty cohort NA; empty resample omitted, never substitute denominator","paired shared world sampling, fixed models",False,True,,
F3-F2,F3-F2,template_ood,43,GG,160,0.0,0.0,0.0,2000,0,"empty cohort NA; empty resample omitted, never substitute denominator","paired shared world sampling, fixed models",False,True,,
F3-F2,F3-F2,template_ood,43,GR,160,0.0,0.0,0.0,2000,0,"empty cohort NA; empty resample omitted, never substitute denominator","paired shared world sampling, fixed models",False,True,,
F3-F2,F3-F2,template_ood,43,RG,160,-4.375,-7.5,-1.25,2000,0,"empty cohort NA; empty resample omitted, never substitute denominator","paired shared world sampling, fixed models",False,False,,
F3-F2,F3-F2,template_ood,43,RR,160,0.0,0.0,0.0,2000,0,"empty cohort NA; empty resample omitted, never substitute denominator","paired shared world sampling, fixed models",False,True,,
F3-F2,F3-F2,iid,44,GG,160,0.0,0.0,0.0,2000,0,"empty cohort NA; empty resample omitted, never substitute denominator","paired shared world sampling, fixed models",False,True,,
F3-F2,F3-F2,iid,44,GR,160,-80.625,-86.265625,-74.375,2000,0,"empty cohort NA; empty resample omitted, never substitute denominator","paired shared world sampling, fixed models",False,False,,
F3-F2,F3-F2,iid,44,RG,160,13.750000000000002,8.75,19.375,2000,0,"empty cohort NA; empty resample omitted, never substitute denominator","paired shared world sampling, fixed models",False,False,,
F3-F2,F3-F2,iid,44,RR,160,0.0,0.0,0.0,2000,0,"empty cohort NA; empty resample omitted, never substitute denominator","paired shared world sampling, fixed models",False,True,,
F3-F2,F3-F2,template_ood,44,GG,160,0.0,0.0,0.0,2000,0,"empty cohort NA; empty resample omitted, never substitute denominator","paired shared world sampling, fixed models",False,True,,
F3-F2,F3-F2,template_ood,44,GR,160,-43.75,-51.87500000000001,-36.25,2000,0,"empty cohort NA; empty resample omitted, never substitute denominator","paired shared world sampling, fixed models",False,False,,
F3-F2,F3-F2,template_ood,44,RG,160,1.25,0.0,3.125,2000,0,"empty cohort NA; empty resample omitted, never substitute denominator","paired shared world sampling, fixed models",False,False,,
F3-F2,F3-F2,template_ood,44,RR,160,0.0,0.0,0.0,2000,0,"empty cohort NA; empty resample omitted, never substitute denominator","paired shared world sampling, fixed models",False,True,,
source,F2,iid,mean,fixed_Q_G,"{""42"": 160, ""43"": 160, ""44"": 160}",79.79166666666667,76.875,82.91666666666666,2000,0,mean draw requires every contributing fixed-seed cohort nonempty; otherwise omitted,shared world draws across fixed seeds; training randomness separately summarized,,False,18.919373888512624,3
source,F2,iid,mean,fixed_Q_R,"{""42"": 160, ""43"": 160, ""44"": 160}",44.791666666666664,41.66666666666667,47.70833333333333,2000,0,mean draw requires every contributing fixed-seed cohort nonempty; otherwise omitted,shared world draws across fixed seeds; training randomness separately summarized,,False,41.052240600646066,3
receiver,F2,iid,mean,fixed_P_G,"{""42"": 160, ""43"": 160, ""44"": 160}",55.208333333333336,52.29166666666667,58.333333333333336,2000,0,mean draw requires every contributing fixed-seed cohort nonempty; otherwise omitted,shared world draws across fixed seeds; training randomness separately summarized,,False,41.052240600646066,3
receiver,F2,iid,mean,fixed_P_R,"{""42"": 160, ""43"": 160, ""44"": 160}",20.208333333333332,17.083333333333332,23.125000000000004,2000,0,mean draw requires every contributing fixed-seed cohort nonempty; otherwise omitted,shared world draws across fixed seeds; training randomness separately summarized,,False,18.919373888512624,3
source,F2,template_ood,mean,fixed_Q_G,"{""42"": 160, ""43"": 160, ""44"": 160}",67.70833333333334,60.83333333333334,73.95833333333334,2000,0,mean draw requires every contributing fixed-seed cohort nonempty; otherwise omitted,shared world draws across fixed seeds; training randomness separately summarized,,False,5.601804024895309,3
source,F2,template_ood,mean,fixed_Q_R,"{""42"": 160, ""43"": 160, ""44"": 160}",21.875,18.125,25.625000000000004,2000,0,mean draw requires every contributing fixed-seed cohort nonempty; otherwise omitted,shared world draws across fixed seeds; training randomness separately summarized,,False,21.875,3
receiver,F2,template_ood,mean,fixed_P_G,"{""42"": 160, ""43"": 160, ""44"": 160}",49.79166666666667,43.958333333333336,55.625,2000,0,mean draw requires every contributing fixed-seed cohort nonempty; otherwise omitted,shared world draws across fixed seeds; training randomness separately summarized,,False,23.883942478856653,3
receiver,F2,template_ood,mean,fixed_P_R,"{""42"": 160, ""43"": 160, ""44"": 160}",3.9583333333333335,2.5,5.625,2000,0,mean draw requires every contributing fixed-seed cohort nonempty; otherwise omitted,shared world draws across fixed seeds; training randomness separately summarized,,False,3.7673211083385674,3
source,F3,iid,mean,fixed_Q_G,"{""42"": 160, ""43"": 160, ""44"": 160}",78.75,75.20833333333333,82.08333333333334,2000,0,mean draw requires every contributing fixed-seed cohort nonempty; otherwise omitted,shared world draws across fixed seeds; training randomness separately summarized,,False,23.418742493993992,3
source,F3,iid,mean,fixed_Q_R,"{""42"": 160, ""43"": 160, ""44"": 160}",0.0,0.0,0.0,2000,0,mean draw requires every contributing fixed-seed cohort nonempty; otherwise omitted,shared world draws across fixed seeds; training randomness separately summarized,,True,0.0,3
receiver,F3,iid,mean,fixed_P_G,"{""42"": 160, ""43"": 160, ""44"": 160}",100.0,100.0,100.0,2000,0,mean draw requires every contributing fixed-seed cohort nonempty; otherwise omitted,shared world draws across fixed seeds; training randomness separately summarized,,True,0.0,3
receiver,F3,iid,mean,fixed_P_R,"{""42"": 160, ""43"": 160, ""44"": 160}",21.25,17.916666666666668,24.791666666666664,2000,0,mean draw requires every contributing fixed-seed cohort nonempty; otherwise omitted,shared world draws across fixed seeds; training randomness separately summarized,,False,23.418742493993992,3
source,F3,template_ood,mean,fixed_Q_G,"{""42"": 160, ""43"": 160, ""44"": 160}",69.375,62.500000000000014,75.83333333333333,2000,0,mean draw requires every contributing fixed-seed cohort nonempty; otherwise omitted,shared world draws across fixed seeds; training randomness separately summarized,,False,5.96212000885591,3
source,F3,template_ood,mean,fixed_Q_R,"{""42"": 160, ""43"": 160, ""44"": 160}",0.0,0.0,0.0,2000,0,mean draw requires every contributing fixed-seed cohort nonempty; otherwise omitted,shared world draws across fixed seeds; training randomness separately summarized,,True,0.0,3
receiver,F3,template_ood,mean,fixed_P_G,"{""42"": 160, ""43"": 160, ""44"": 160}",71.66666666666667,64.58333333333334,78.125,2000,0,mean draw requires every contributing fixed-seed cohort nonempty; otherwise omitted,shared world draws across fixed seeds; training randomness separately summarized,,False,3.1457643480294792,3
receiver,F3,template_ood,mean,fixed_P_R,"{""42"": 160, ""43"": 160, ""44"": 160}",2.2916666666666665,1.0416666666666665,3.75,2000,0,mean draw requires every contributing fixed-seed cohort nonempty; otherwise omitted,shared world draws across fixed seeds; training randomness separately summarized,,False,2.9536347664078804,3
F3-F2,F3-F2,iid,mean,GG,"{""42"": 160, ""43"": 160, ""44"": 160}",0.0,0.0,0.0,2000,0,mean draw requires every contributing fixed-seed cohort nonempty; otherwise omitted,shared world draws across fixed seeds; training randomness separately summarized,,True,0.0,3
F3-F2,F3-F2,iid,mean,GR,"{""42"": 160, ""43"": 160, ""44"": 160}",-44.791666666666664,-47.70833333333333,-41.66666666666667,2000,0,mean draw requires every contributing fixed-seed cohort nonempty; otherwise omitted,shared world draws across fixed seeds; training randomness separately summarized,,False,41.052240600646066,3
F3-F2,F3-F2,iid,mean,RG,"{""42"": 160, ""43"": 160, ""44"": 160}",1.0416666666666672,-2.291666666666667,4.583333333333334,2000,0,mean draw requires every contributing fixed-seed cohort nonempty; otherwise omitted,shared world draws across fixed seeds; training randomness separately summarized,,False,31.661869154131335,3
F3-F2,F3-F2,iid,mean,RR,"{""42"": 160, ""43"": 160, ""44"": 160}",0.0,0.0,0.0,2000,0,mean draw requires every contributing fixed-seed cohort nonempty; otherwise omitted,shared world draws across fixed seeds; training randomness separately summarized,,True,0.0,3
F3-F2,F3-F2,template_ood,mean,GG,"{""42"": 160, ""43"": 160, ""44"": 160}",0.0,0.0,0.0,2000,0,mean draw requires every contributing fixed-seed cohort nonempty; otherwise omitted,shared world draws across fixed seeds; training randomness separately summarized,,True,0.0,3
F3-F2,F3-F2,template_ood,mean,GR,"{""42"": 160, ""43"": 160, ""44"": 160}",-21.875,-25.625000000000004,-18.125,2000,0,mean draw requires every contributing fixed-seed cohort nonempty; otherwise omitted,shared world draws across fixed seeds; training randomness separately summarized,,False,21.875,3
F3-F2,F3-F2,template_ood,mean,RG,"{""42"": 160, ""43"": 160, ""44"": 160}",-1.6666666666666667,-3.7552083333333335,0.625,2000,0,mean draw requires every contributing fixed-seed cohort nonempty; otherwise omitted,shared world draws across fixed seeds; training randomness separately summarized,,False,2.8182810955143087,3
F3-F2,F3-F2,template_ood,mean,RR,"{""42"": 160, ""43"": 160, ""44"": 160}",0.0,0.0,0.0,2000,0,mean draw requires every contributing fixed-seed cohort nonempty; otherwise omitted,shared world draws across fixed seeds; training randomness separately summarized,,True,0.0,3
