seed,R_method,split,descriptive_subset,subset_n,GR,RG,k,rate,wilson_lo,wilson_hi,description,absent
42,F2,iid,C and GG correct and RR wrong; never a gate,160,False,True,1,0.00625,0.001104131769382205,0.03454898596247918,receiver-update failure on both tested edited sources,False
42,F2,iid,C and GG correct and RR wrong; never a gate,160,True,False,50,0.3125,0.24578642435252984,0.3880058988367847,new producer state incompatible with both tested recipients,False
42,F2,iid,C and GG correct and RR wrong; never a gate,160,False,False,73,0.45625,0.38100176815340075,0.533549773924106,either endpoint change breaks old success,False
42,F2,iid,C and GG correct and RR wrong; never a gate,160,True,True,36,0.225,0.16718260299010437,0.29571280435422354,specific producer/receiver pairing incompatibility,False
42,F2,template_ood,C and GG correct and RR wrong; never a gate,110,False,True,0,0.0,0.0,0.033743935298164184,receiver-update failure on both tested edited sources,True
42,F2,template_ood,C and GG correct and RR wrong; never a gate,110,True,False,22,0.2,0.13595102656280073,0.28429533461609774,new producer state incompatible with both tested recipients,False
42,F2,template_ood,C and GG correct and RR wrong; never a gate,110,False,False,78,0.7090909090909091,0.6183065513617867,0.7857641666044355,either endpoint change breaks old success,False
42,F2,template_ood,C and GG correct and RR wrong; never a gate,110,True,True,10,0.09090909090909091,0.05013032897110753,0.15929652718193588,specific producer/receiver pairing incompatibility,False
42,F3,iid,C and GG correct and RR wrong; never a gate,160,False,True,76,0.475,0.3991189168067862,0.5520533929517891,receiver-update failure on both tested edited sources,False
42,F3,iid,C and GG correct and RR wrong; never a gate,160,True,False,0,0.0,0.0,0.02344619517150519,new producer state incompatible with both tested recipients,True
42,F3,iid,C and GG correct and RR wrong; never a gate,160,False,False,84,0.525,0.44794660704821093,0.6008810831932139,either endpoint change breaks old success,False
42,F3,iid,C and GG correct and RR wrong; never a gate,160,True,True,0,0.0,0.0,0.02344619517150519,specific producer/receiver pairing incompatibility,True
42,F3,template_ood,C and GG correct and RR wrong; never a gate,110,False,True,9,0.08181818181818182,0.043640646278655146,0.1482179177889003,receiver-update failure on both tested edited sources,False
42,F3,template_ood,C and GG correct and RR wrong; never a gate,110,True,False,0,0.0,0.0,0.033743935298164184,new producer state incompatible with both tested recipients,True
42,F3,template_ood,C and GG correct and RR wrong; never a gate,110,False,False,101,0.9181818181818182,0.8517820822110996,0.9563593537213447,either endpoint change breaks old success,False
42,F3,template_ood,C and GG correct and RR wrong; never a gate,110,True,True,0,0.0,0.0,0.033743935298164184,specific producer/receiver pairing incompatibility,True
43,F2,iid,C and GG correct and RR wrong; never a gate,160,False,True,60,0.375,0.30374323210068377,0.4521183166921926,receiver-update failure on both tested edited sources,False
43,F2,iid,C and GG correct and RR wrong; never a gate,160,True,False,0,0.0,0.0,0.02344619517150519,new producer state incompatible with both tested recipients,True
43,F2,iid,C and GG correct and RR wrong; never a gate,160,False,False,100,0.625,0.5478816833078074,0.6962567678993162,either endpoint change breaks old success,False
43,F2,iid,C and GG correct and RR wrong; never a gate,160,True,True,0,0.0,0.0,0.02344619517150519,specific producer/receiver pairing incompatibility,True
43,F2,template_ood,C and GG correct and RR wrong; never a gate,120,False,True,7,0.058333333333333334,0.028541010000220295,0.11552592033630113,receiver-update failure on both tested edited sources,False
43,F2,template_ood,C and GG correct and RR wrong; never a gate,120,True,False,0,0.0,0.0,0.031019166418703486,new producer state incompatible with both tested recipients,True
43,F2,template_ood,C and GG correct and RR wrong; never a gate,120,False,False,113,0.9416666666666667,0.8844740796636988,0.9714589899997798,either endpoint change breaks old success,False
43,F2,template_ood,C and GG correct and RR wrong; never a gate,120,True,True,0,0.0,0.0,0.031019166418703486,specific producer/receiver pairing incompatibility,True
43,F3,iid,C and GG correct and RR wrong; never a gate,160,False,True,4,0.025,0.009763992546262524,0.06250989286666742,receiver-update failure on both tested edited sources,False
43,F3,iid,C and GG correct and RR wrong; never a gate,160,True,False,0,0.0,0.0,0.02344619517150519,new producer state incompatible with both tested recipients,True
43,F3,iid,C and GG correct and RR wrong; never a gate,160,False,False,156,0.975,0.9374901071333326,0.9902360074537375,either endpoint change breaks old success,False
43,F3,iid,C and GG correct and RR wrong; never a gate,160,True,True,0,0.0,0.0,0.02344619517150519,specific producer/receiver pairing incompatibility,True
43,F3,template_ood,C and GG correct and RR wrong; never a gate,120,False,True,0,0.0,0.0,0.031019166418703486,receiver-update failure on both tested edited sources,True
43,F3,template_ood,C and GG correct and RR wrong; never a gate,120,True,False,0,0.0,0.0,0.031019166418703486,new producer state incompatible with both tested recipients,True
43,F3,template_ood,C and GG correct and RR wrong; never a gate,120,False,False,120,1.0,0.9689808335812966,1.0,either endpoint change breaks old success,False
43,F3,template_ood,C and GG correct and RR wrong; never a gate,120,True,True,0,0.0,0.0,0.031019166418703486,specific producer/receiver pairing incompatibility,True
44,F2,iid,C and GG correct and RR wrong; never a gate,160,False,True,0,0.0,0.0,0.02344619517150519,receiver-update failure on both tested edited sources,True
44,F2,iid,C and GG correct and RR wrong; never a gate,160,True,False,129,0.80625,0.738126102390117,0.8600131030673362,new producer state incompatible with both tested recipients,False
44,F2,iid,C and GG correct and RR wrong; never a gate,160,False,False,31,0.19375,0.13998689693266386,0.2618738976098831,either endpoint change breaks old success,False
44,F2,iid,C and GG correct and RR wrong; never a gate,160,True,True,0,0.0,0.0,0.02344619517150519,specific producer/receiver pairing incompatibility,True
44,F2,template_ood,C and GG correct and RR wrong; never a gate,114,False,True,0,0.0,0.0,0.03259853415884162,receiver-update failure on both tested edited sources,True
44,F2,template_ood,C and GG correct and RR wrong; never a gate,114,True,False,70,0.6140350877192983,0.5223430496028932,0.6982923724310551,new producer state incompatible with both tested recipients,False
44,F2,template_ood,C and GG correct and RR wrong; never a gate,114,False,False,44,0.38596491228070173,0.30170762756894487,0.47765695039710676,either endpoint change breaks old success,False
44,F2,template_ood,C and GG correct and RR wrong; never a gate,114,True,True,0,0.0,0.0,0.03259853415884162,specific producer/receiver pairing incompatibility,True
44,F3,iid,C and GG correct and RR wrong; never a gate,160,False,True,22,0.1375,0.09258754865124484,0.19941094284809646,receiver-update failure on both tested edited sources,False
44,F3,iid,C and GG correct and RR wrong; never a gate,160,True,False,0,0.0,0.0,0.02344619517150519,new producer state incompatible with both tested recipients,True
44,F3,iid,C and GG correct and RR wrong; never a gate,160,False,False,138,0.8625,0.8005890571519036,0.9074124513487551,either endpoint change breaks old success,False
44,F3,iid,C and GG correct and RR wrong; never a gate,160,True,True,0,0.0,0.0,0.02344619517150519,specific producer/receiver pairing incompatibility,True
44,F3,template_ood,C and GG correct and RR wrong; never a gate,114,False,True,2,0.017543859649122806,0.004824418781068852,0.061718026459918675,receiver-update failure on both tested edited sources,False
44,F3,template_ood,C and GG correct and RR wrong; never a gate,114,True,False,0,0.0,0.0,0.03259853415884162,new producer state incompatible with both tested recipients,True
44,F3,template_ood,C and GG correct and RR wrong; never a gate,114,False,False,112,0.9824561403508771,0.9382819735400814,0.9951755812189311,either endpoint change breaks old success,False
44,F3,template_ood,C and GG correct and RR wrong; never a gate,114,True,True,0,0.0,0.0,0.03259853415884162,specific producer/receiver pairing incompatibility,True
