R_method,split,metric,seeds,mean,sample_sd,per_seed
F2,iid,latent_GG_conditional,3,1.0,0.0,"{""42"": 1.0, ""43"": 1.0, ""44"": 1.0}"
F2,iid,latent_GG_raw_two,3,1.0,0.0,"{""42"": 1.0, ""43"": 1.0, ""44"": 1.0}"
F2,iid,latent_GR_conditional,3,0.4479166666666667,0.41052240600646067,"{""42"": 0.5375, ""43"": 0.0, ""44"": 0.80625}"
F2,iid,latent_GR_raw_two,3,0.4479166666666667,0.41052240600646067,"{""42"": 0.5375, ""43"": 0.0, ""44"": 0.80625}"
F2,iid,latent_RG_conditional,3,0.20208333333333334,0.18919373888512625,"{""42"": 0.23125, ""43"": 0.375, ""44"": 0.0}"
F2,iid,latent_RG_raw_two,3,0.20208333333333334,0.18919373888512625,"{""42"": 0.23125, ""43"": 0.375, ""44"": 0.0}"
F2,iid,latent_RR_conditional,3,0.0,0.0,"{""42"": 0.0, ""43"": 0.0, ""44"": 0.0}"
F2,iid,latent_RR_raw_two,3,0.0,0.0,"{""42"": 0.0, ""43"": 0.0, ""44"": 0.0}"
F2,iid,natural_EG_conditional,3,1.0,0.0,"{""42"": 1.0, ""43"": 1.0, ""44"": 1.0}"
F2,iid,natural_EG_raw_reconstruction_and_next,3,1.0,0.0,"{""42"": 1.0, ""43"": 1.0, ""44"": 1.0}"
F2,iid,natural_ER_conditional,3,1.0,0.0,"{""42"": 1.0, ""43"": 1.0, ""44"": 1.0}"
F2,iid,natural_ER_raw_reconstruction_and_next,3,1.0,0.0,"{""42"": 1.0, ""43"": 1.0, ""44"": 1.0}"
F2,iid,reencode_GG_conditional,3,1.0,0.0,"{""42"": 1.0, ""43"": 1.0, ""44"": 1.0}"
F2,iid,reencode_GG_raw_two,3,1.0,0.0,"{""42"": 1.0, ""43"": 1.0, ""44"": 1.0}"
F2,iid,reencode_GR_conditional,3,1.0,0.0,"{""42"": 1.0, ""43"": 1.0, ""44"": 1.0}"
F2,iid,reencode_GR_raw_two,3,1.0,0.0,"{""42"": 1.0, ""43"": 1.0, ""44"": 1.0}"
F2,iid,reencode_RG_conditional,3,1.0,0.0,"{""42"": 1.0, ""43"": 1.0, ""44"": 1.0}"
F2,iid,reencode_RG_raw_two,3,1.0,0.0,"{""42"": 1.0, ""43"": 1.0, ""44"": 1.0}"
F2,iid,reencode_RR_conditional,3,1.0,0.0,"{""42"": 1.0, ""43"": 1.0, ""44"": 1.0}"
F2,iid,reencode_RR_raw_two,3,1.0,0.0,"{""42"": 1.0, ""43"": 1.0, ""44"": 1.0}"
F2,iid,paired_QG_both_success,3,0.20208333333333334,0.18919373888512625,"{""42"": 0.23125, ""43"": 0.375, ""44"": 0.0}"
F2,iid,paired_QG_old_only,3,0.7979166666666667,0.18919373888512625,"{""42"": 0.76875, ""43"": 0.625, ""44"": 1.0}"
F2,iid,paired_QG_new_only,3,0.0,0.0,"{""42"": 0.0, ""43"": 0.0, ""44"": 0.0}"
F2,iid,paired_QG_both_fail,3,0.0,0.0,"{""42"": 0.0, ""43"": 0.0, ""44"": 0.0}"
F2,iid,paired_QR_both_success,3,0.0,0.0,"{""42"": 0.0, ""43"": 0.0, ""44"": 0.0}"
F2,iid,paired_QR_old_only,3,0.4479166666666667,0.41052240600646067,"{""42"": 0.5375, ""43"": 0.0, ""44"": 0.80625}"
F2,iid,paired_QR_new_only,3,0.0,0.0,"{""42"": 0.0, ""43"": 0.0, ""44"": 0.0}"
F2,iid,paired_QR_both_fail,3,0.5520833333333334,0.41052240600646067,"{""42"": 0.4625, ""43"": 1.0, ""44"": 0.19375}"
F2,template_ood,latent_GG_conditional,3,0.7166666666666667,0.03145764348029479,"{""42"": 0.6875, ""43"": 0.75, ""44"": 0.7125}"
F2,template_ood,latent_GG_raw_two,3,0.7166666666666667,0.03145764348029479,"{""42"": 0.6875, ""43"": 0.75, ""44"": 0.7125}"
F2,template_ood,latent_GR_conditional,3,0.21875,0.21875,"{""42"": 0.21875, ""43"": 0.0, ""44"": 0.4375}"
F2,template_ood,latent_GR_raw_two,3,0.21875,0.21875,"{""42"": 0.21875, ""43"": 0.0, ""44"": 0.4375}"
F2,template_ood,latent_RG_conditional,3,0.03958333333333333,0.03767321108338567,"{""42"": 0.075, ""43"": 0.04375, ""44"": 0.0}"
F2,template_ood,latent_RG_raw_two,3,0.03958333333333333,0.03767321108338567,"{""42"": 0.075, ""43"": 0.04375, ""44"": 0.0}"
F2,template_ood,latent_RR_conditional,3,0.0,0.0,"{""42"": 0.0, ""43"": 0.0, ""44"": 0.0}"
F2,template_ood,latent_RR_raw_two,3,0.0,0.0,"{""42"": 0.0, ""43"": 0.0, ""44"": 0.0}"
F2,template_ood,natural_EG_conditional,3,0.7875,0.054486236794258416,"{""42"": 0.75, ""43"": 0.7625, ""44"": 0.85}"
F2,template_ood,natural_EG_raw_reconstruction_and_next,3,0.7875,0.054486236794258416,"{""42"": 0.75, ""43"": 0.7625, ""44"": 0.85}"
F2,template_ood,natural_ER_conditional,3,0.9187500000000001,0.1051412740078795,"{""42"": 0.8, ""43"": 0.95625, ""44"": 1.0}"
F2,template_ood,natural_ER_raw_reconstruction_and_next,3,0.9187500000000001,0.1051412740078795,"{""42"": 0.8, ""43"": 0.95625, ""44"": 1.0}"
F2,template_ood,reencode_GG_conditional,3,0.7875,0.054486236794258416,"{""42"": 0.75, ""43"": 0.7625, ""44"": 0.85}"
F2,template_ood,reencode_GG_raw_two,3,0.7875,0.054486236794258416,"{""42"": 0.75, ""43"": 0.7625, ""44"": 0.85}"
F2,template_ood,reencode_GR_conditional,3,0.9187500000000001,0.1051412740078795,"{""42"": 0.8, ""43"": 0.95625, ""44"": 1.0}"
F2,template_ood,reencode_GR_raw_two,3,0.9187500000000001,0.1051412740078795,"{""42"": 0.8, ""43"": 0.95625, ""44"": 1.0}"
F2,template_ood,reencode_RG_conditional,3,0.7875,0.054486236794258416,"{""42"": 0.75, ""43"": 0.7625, ""44"": 0.85}"
F2,template_ood,reencode_RG_raw_two,3,0.7875,0.054486236794258416,"{""42"": 0.75, ""43"": 0.7625, ""44"": 0.85}"
F2,template_ood,reencode_RR_conditional,3,0.9187500000000001,0.1051412740078795,"{""42"": 0.8, ""43"": 0.95625, ""44"": 1.0}"
F2,template_ood,reencode_RR_raw_two,3,0.9187500000000001,0.1051412740078795,"{""42"": 0.8, ""43"": 0.95625, ""44"": 1.0}"
F2,template_ood,paired_QG_both_success,3,0.035416666666666666,0.03207250899654303,"{""42"": 0.0625, ""43"": 0.04375, ""44"": 0.0}"
F2,template_ood,paired_QG_old_only,3,0.68125,0.04881406047441661,"{""42"": 0.625, ""43"": 0.70625, ""44"": 0.7125}"
F2,template_ood,paired_QG_new_only,3,0.004166666666666667,0.007216878364870323,"{""42"": 0.0125, ""43"": 0.0, ""44"": 0.0}"
F2,template_ood,paired_QG_both_fail,3,0.2791666666666667,0.02602082499332665,"{""42"": 0.3, ""43"": 0.25, ""44"": 0.2875}"
F2,template_ood,paired_QR_both_success,3,0.0,0.0,"{""42"": 0.0, ""43"": 0.0, ""44"": 0.0}"
F2,template_ood,paired_QR_old_only,3,0.21875,0.21875,"{""42"": 0.21875, ""43"": 0.0, ""44"": 0.4375}"
F2,template_ood,paired_QR_new_only,3,0.0,0.0,"{""42"": 0.0, ""43"": 0.0, ""44"": 0.0}"
F2,template_ood,paired_QR_both_fail,3,0.78125,0.21875,"{""42"": 0.78125, ""43"": 1.0, ""44"": 0.5625}"
F3,iid,latent_GG_conditional,3,1.0,0.0,"{""42"": 1.0, ""43"": 1.0, ""44"": 1.0}"
F3,iid,latent_GG_raw_two,3,1.0,0.0,"{""42"": 1.0, ""43"": 1.0, ""44"": 1.0}"
F3,iid,latent_GR_conditional,3,0.0,0.0,"{""42"": 0.0, ""43"": 0.0, ""44"": 0.0}"
F3,iid,latent_GR_raw_two,3,0.0,0.0,"{""42"": 0.0, ""43"": 0.0, ""44"": 0.0}"
F3,iid,latent_RG_conditional,3,0.2125,0.2341874249399399,"{""42"": 0.475, ""43"": 0.025, ""44"": 0.1375}"
F3,iid,latent_RG_raw_two,3,0.2125,0.2341874249399399,"{""42"": 0.475, ""43"": 0.025, ""44"": 0.1375}"
F3,iid,latent_RR_conditional,3,0.0,0.0,"{""42"": 0.0, ""43"": 0.0, ""44"": 0.0}"
F3,iid,latent_RR_raw_two,3,0.0,0.0,"{""42"": 0.0, ""43"": 0.0, ""44"": 0.0}"
F3,iid,natural_EG_conditional,3,1.0,0.0,"{""42"": 1.0, ""43"": 1.0, ""44"": 1.0}"
F3,iid,natural_EG_raw_reconstruction_and_next,3,1.0,0.0,"{""42"": 1.0, ""43"": 1.0, ""44"": 1.0}"
F3,iid,natural_ER_conditional,3,1.0,0.0,"{""42"": 1.0, ""43"": 1.0, ""44"": 1.0}"
F3,iid,natural_ER_raw_reconstruction_and_next,3,1.0,0.0,"{""42"": 1.0, ""43"": 1.0, ""44"": 1.0}"
F3,iid,reencode_GG_conditional,3,1.0,0.0,"{""42"": 1.0, ""43"": 1.0, ""44"": 1.0}"
F3,iid,reencode_GG_raw_two,3,1.0,0.0,"{""42"": 1.0, ""43"": 1.0, ""44"": 1.0}"
F3,iid,reencode_GR_conditional,3,1.0,0.0,"{""42"": 1.0, ""43"": 1.0, ""44"": 1.0}"
F3,iid,reencode_GR_raw_two,3,1.0,0.0,"{""42"": 1.0, ""43"": 1.0, ""44"": 1.0}"
F3,iid,reencode_RG_conditional,3,1.0,0.0,"{""42"": 1.0, ""43"": 1.0, ""44"": 1.0}"
F3,iid,reencode_RG_raw_two,3,1.0,0.0,"{""42"": 1.0, ""43"": 1.0, ""44"": 1.0}"
F3,iid,reencode_RR_conditional,3,1.0,0.0,"{""42"": 1.0, ""43"": 1.0, ""44"": 1.0}"
F3,iid,reencode_RR_raw_two,3,1.0,0.0,"{""42"": 1.0, ""43"": 1.0, ""44"": 1.0}"
F3,iid,paired_QG_both_success,3,0.2125,0.2341874249399399,"{""42"": 0.475, ""43"": 0.025, ""44"": 0.1375}"
F3,iid,paired_QG_old_only,3,0.7875,0.2341874249399399,"{""42"": 0.525, ""43"": 0.975, ""44"": 0.8625}"
F3,iid,paired_QG_new_only,3,0.0,0.0,"{""42"": 0.0, ""43"": 0.0, ""44"": 0.0}"
F3,iid,paired_QG_both_fail,3,0.0,0.0,"{""42"": 0.0, ""43"": 0.0, ""44"": 0.0}"
F3,iid,paired_QR_both_success,3,0.0,0.0,"{""42"": 0.0, ""43"": 0.0, ""44"": 0.0}"
F3,iid,paired_QR_old_only,3,0.0,0.0,"{""42"": 0.0, ""43"": 0.0, ""44"": 0.0}"
F3,iid,paired_QR_new_only,3,0.0,0.0,"{""42"": 0.0, ""43"": 0.0, ""44"": 0.0}"
F3,iid,paired_QR_both_fail,3,1.0,0.0,"{""42"": 1.0, ""43"": 1.0, ""44"": 1.0}"
F3,template_ood,latent_GG_conditional,3,0.7166666666666667,0.03145764348029479,"{""42"": 0.6875, ""43"": 0.75, ""44"": 0.7125}"
F3,template_ood,latent_GG_raw_two,3,0.7166666666666667,0.03145764348029479,"{""42"": 0.6875, ""43"": 0.75, ""44"": 0.7125}"
F3,template_ood,latent_GR_conditional,3,0.0,0.0,"{""42"": 0.0, ""43"": 0.0, ""44"": 0.0}"
F3,template_ood,latent_GR_raw_two,3,0.0,0.0,"{""42"": 0.0, ""43"": 0.0, ""44"": 0.0}"
F3,template_ood,latent_RG_conditional,3,0.02291666666666667,0.029536347664078803,"{""42"": 0.05625, ""43"": 0.0, ""44"": 0.0125}"
F3,template_ood,latent_RG_raw_two,3,0.02291666666666667,0.029536347664078803,"{""42"": 0.05625, ""43"": 0.0, ""44"": 0.0125}"
F3,template_ood,latent_RR_conditional,3,0.0,0.0,"{""42"": 0.0, ""43"": 0.0, ""44"": 0.0}"
F3,template_ood,latent_RR_raw_two,3,0.0,0.0,"{""42"": 0.0, ""43"": 0.0, ""44"": 0.0}"
F3,template_ood,natural_EG_conditional,3,0.7875,0.054486236794258416,"{""42"": 0.75, ""43"": 0.7625, ""44"": 0.85}"
F3,template_ood,natural_EG_raw_reconstruction_and_next,3,0.7875,0.054486236794258416,"{""42"": 0.75, ""43"": 0.7625, ""44"": 0.85}"
F3,template_ood,natural_ER_conditional,3,0.9708333333333333,0.03553900439423328,"{""42"": 0.98125, ""43"": 0.93125, ""44"": 1.0}"
F3,template_ood,natural_ER_raw_reconstruction_and_next,3,0.9708333333333333,0.03553900439423328,"{""42"": 0.98125, ""43"": 0.93125, ""44"": 1.0}"
F3,template_ood,reencode_GG_conditional,3,0.7875,0.054486236794258416,"{""42"": 0.75, ""43"": 0.7625, ""44"": 0.85}"
F3,template_ood,reencode_GG_raw_two,3,0.7875,0.054486236794258416,"{""42"": 0.75, ""43"": 0.7625, ""44"": 0.85}"
F3,template_ood,reencode_GR_conditional,3,0.9708333333333333,0.03553900439423328,"{""42"": 0.98125, ""43"": 0.93125, ""44"": 1.0}"
F3,template_ood,reencode_GR_raw_two,3,0.9708333333333333,0.03553900439423328,"{""42"": 0.98125, ""43"": 0.93125, ""44"": 1.0}"
F3,template_ood,reencode_RG_conditional,3,0.7875,0.054486236794258416,"{""42"": 0.75, ""43"": 0.7625, ""44"": 0.85}"
F3,template_ood,reencode_RG_raw_two,3,0.7875,0.054486236794258416,"{""42"": 0.75, ""43"": 0.7625, ""44"": 0.85}"
F3,template_ood,reencode_RR_conditional,3,0.9708333333333333,0.03553900439423328,"{""42"": 0.98125, ""43"": 0.93125, ""44"": 1.0}"
F3,template_ood,reencode_RR_raw_two,3,0.9708333333333333,0.03553900439423328,"{""42"": 0.98125, ""43"": 0.93125, ""44"": 1.0}"
F3,template_ood,paired_QG_both_success,3,0.02291666666666667,0.029536347664078803,"{""42"": 0.05625, ""43"": 0.0, ""44"": 0.0125}"
F3,template_ood,paired_QG_old_only,3,0.69375,0.05962120008855911,"{""42"": 0.63125, ""43"": 0.75, ""44"": 0.7}"
F3,template_ood,paired_QG_new_only,3,0.0,0.0,"{""42"": 0.0, ""43"": 0.0, ""44"": 0.0}"
F3,template_ood,paired_QG_both_fail,3,0.2833333333333333,0.03145764348029479,"{""42"": 0.3125, ""43"": 0.25, ""44"": 0.2875}"
F3,template_ood,paired_QR_both_success,3,0.0,0.0,"{""42"": 0.0, ""43"": 0.0, ""44"": 0.0}"
F3,template_ood,paired_QR_old_only,3,0.0,0.0,"{""42"": 0.0, ""43"": 0.0, ""44"": 0.0}"
F3,template_ood,paired_QR_new_only,3,0.0,0.0,"{""42"": 0.0, ""43"": 0.0, ""44"": 0.0}"
F3,template_ood,paired_QR_both_fail,3,1.0,0.0,"{""42"": 1.0, ""43"": 1.0, ""44"": 1.0}"
