seed,R_method,split,receiver,n,both_success,old_only,new_only,both_fail,source_delta_pp,both_success_rate,both_success_wilson_lo,both_success_wilson_hi,old_only_rate,old_only_wilson_lo,old_only_wilson_hi,new_only_rate,new_only_wilson_lo,new_only_wilson_hi,both_fail_rate,both_fail_wilson_lo,both_fail_wilson_hi
42,F2,iid,G,160,37,123,0,0,76.875,0.23125,0.17268348893654045,0.30241884096814364,0.76875,0.6975811590318565,0.8273165110634596,0.0,0.0,0.02344619517150519,0.0,0.0,0.02344619517150519
42,F2,iid,R,160,0,86,0,74,53.75,0.0,0.0,0.02344619517150519,0.5375,0.46027058346133654,0.6129709519008006,0.0,0.0,0.02344619517150519,0.4625,0.38702904809919947,0.5397294165386636
42,F2,template_ood,G,160,10,100,2,48,61.25000000000001,0.0625,0.034299666746119624,0.11121575402894743,0.625,0.5478816833078074,0.6962567678993162,0.0125,0.0034346711081265323,0.044425369184091026,0.3,0.23436363950797706,0.37501483856062506
42,F2,template_ood,R,160,0,35,0,125,21.875,0.0,0.0,0.02344619517150519,0.21875,0.1617014725523996,0.2889870122315721,0.0,0.0,0.02344619517150519,0.78125,0.7110129877684279,0.8382985274476005
42,F3,iid,G,160,76,84,0,0,52.5,0.475,0.3991189168067862,0.5520533929517891,0.525,0.44794660704821093,0.6008810831932139,0.0,0.0,0.02344619517150519,0.0,0.0,0.02344619517150519
42,F3,iid,R,160,0,0,0,160,0.0,0.0,0.0,0.02344619517150519,0.0,0.0,0.02344619517150519,0.0,0.0,0.02344619517150519,1.0,0.9765538048284949,1.0
42,F3,template_ood,G,160,9,101,0,50,63.125,0.05625,0.029872301755764163,0.10343619645894672,0.63125,0.5542327024207806,0.7021126713466993,0.0,0.0,0.02344619517150519,0.3125,0.24578642435252984,0.3880058988367847
42,F3,template_ood,R,160,0,0,0,160,0.0,0.0,0.0,0.02344619517150519,0.0,0.0,0.02344619517150519,0.0,0.0,0.02344619517150519,1.0,0.9765538048284949,1.0
43,F2,iid,G,160,60,100,0,0,62.5,0.375,0.30374323210068377,0.4521183166921926,0.625,0.5478816833078074,0.6962567678993162,0.0,0.0,0.02344619517150519,0.0,0.0,0.02344619517150519
43,F2,iid,R,160,0,0,0,160,0.0,0.0,0.0,0.02344619517150519,0.0,0.0,0.02344619517150519,0.0,0.0,0.02344619517150519,1.0,0.9765538048284949,1.0
43,F2,template_ood,G,160,7,113,0,40,70.625,0.04375,0.02135161155153454,0.08754304154246395,0.70625,0.6315031760687836,0.7713252684229707,0.0,0.0,0.02344619517150519,0.25,0.1892994022761924,0.3224236953095602
43,F2,template_ood,R,160,0,0,0,160,0.0,0.0,0.0,0.02344619517150519,0.0,0.0,0.02344619517150519,0.0,0.0,0.02344619517150519,1.0,0.9765538048284949,1.0
43,F3,iid,G,160,4,156,0,0,97.5,0.025,0.009763992546262524,0.06250989286666742,0.975,0.9374901071333326,0.9902360074537375,0.0,0.0,0.02344619517150519,0.0,0.0,0.02344619517150519
43,F3,iid,R,160,0,0,0,160,0.0,0.0,0.0,0.02344619517150519,0.0,0.0,0.02344619517150519,0.0,0.0,0.02344619517150519,1.0,0.9765538048284949,1.0
43,F3,template_ood,G,160,0,120,0,40,75.0,0.0,0.0,0.02344619517150519,0.75,0.6775763046904398,0.8107005977238076,0.0,0.0,0.02344619517150519,0.25,0.1892994022761924,0.3224236953095602
43,F3,template_ood,R,160,0,0,0,160,0.0,0.0,0.0,0.02344619517150519,0.0,0.0,0.02344619517150519,0.0,0.0,0.02344619517150519,1.0,0.9765538048284949,1.0
44,F2,iid,G,160,0,160,0,0,100.0,0.0,0.0,0.02344619517150519,1.0,0.9765538048284949,1.0,0.0,0.0,0.02344619517150519,0.0,0.0,0.02344619517150519
44,F2,iid,R,160,0,129,0,31,80.625,0.0,0.0,0.02344619517150519,0.80625,0.738126102390117,0.8600131030673362,0.0,0.0,0.02344619517150519,0.19375,0.13998689693266386,0.2618738976098831
44,F2,template_ood,G,160,0,114,0,46,71.25,0.0,0.0,0.02344619517150519,0.7125,0.6380365348624819,0.7769988321896284,0.0,0.0,0.02344619517150519,0.2875,0.22300116781037166,0.36196346513751804
44,F2,template_ood,R,160,0,70,0,90,43.75,0.0,0.0,0.02344619517150519,0.4375,0.3629909872161968,0.5149397871802415,0.0,0.0,0.02344619517150519,0.5625,0.4850602128197586,0.6370090127838032
44,F3,iid,G,160,22,138,0,0,86.25,0.1375,0.09258754865124484,0.19941094284809646,0.8625,0.8005890571519036,0.9074124513487551,0.0,0.0,0.02344619517150519,0.0,0.0,0.02344619517150519
44,F3,iid,R,160,0,0,0,160,0.0,0.0,0.0,0.02344619517150519,0.0,0.0,0.02344619517150519,0.0,0.0,0.02344619517150519,1.0,0.9765538048284949,1.0
44,F3,template_ood,G,160,2,112,0,46,70.0,0.0125,0.0034346711081265323,0.044425369184091026,0.7,0.6249851614393749,0.7656363604920229,0.0,0.0,0.02344619517150519,0.2875,0.22300116781037166,0.36196346513751804
44,F3,template_ood,R,160,0,0,0,160,0.0,0.0,0.0,0.02344619517150519,0.0,0.0,0.02344619517150519,0.0,0.0,0.02344619517150519,1.0,0.9765538048284949,1.0
