method,seed,n,joint_n,Joint_auto,content_auto,valid_auto,attribute_auto,reference_chrf,entities_preserved_auto,numbers_preserved_auto,dates_preserved_auto,negation_preserved_auto,exact_reference,generation_failures
shift_1000,42,364,246,0.6758241758241759,0.717032967032967,1.0,0.9395604395604396,93.9138920237125,0.9807692307692307,0.9972527472527473,0.9917582417582418,0.9532967032967034,0.6098901098901099,0
shift_1000,43,364,248,0.6813186813186813,0.7225274725274725,1.0,0.9340659340659341,94.10180628311504,0.9835164835164835,0.9972527472527473,0.9917582417582418,0.9560439560439561,0.6071428571428571,0
shift_1000,44,364,246,0.6758241758241759,0.7115384615384616,1.0,0.9395604395604396,94.32862954761372,0.9835164835164835,0.9972527472527473,0.9917582417582418,0.9560439560439561,0.6126373626373627,0
shift_extended,42,364,269,0.739010989010989,0.771978021978022,1.0,0.9587912087912088,95.75284407870248,0.989010989010989,0.9972527472527473,0.9945054945054945,0.9587912087912088,0.6978021978021978,0
shift_extended,43,364,270,0.7417582417582418,0.7664835164835165,1.0,0.967032967032967,95.71997328158025,0.9862637362637363,0.9972527472527473,0.9945054945054945,0.9505494505494505,0.6978021978021978,0
shift_extended,44,364,265,0.728021978021978,0.760989010989011,1.0,0.9615384615384616,95.69672427036006,0.989010989010989,0.9945054945054945,0.989010989010989,0.9587912087912088,0.6895604395604396,0
lowrank_1000_budget,42,364,300,0.8241758241758241,0.8434065934065934,1.0,0.9642857142857143,98.97613759273268,0.989010989010989,0.9972527472527473,0.9945054945054945,0.9423076923076923,0.8956043956043956,0
lowrank_1000_budget,43,364,302,0.8296703296703297,0.8351648351648352,1.0,0.9835164835164835,98.7607035514557,0.989010989010989,0.9972527472527473,0.9945054945054945,0.9423076923076923,0.8791208791208791,0
lowrank_1000_budget,44,364,297,0.8159340659340659,0.8241758241758241,1.0,0.9725274725274725,98.7421895388979,0.9917582417582418,0.9972527472527473,0.9945054945054945,0.9423076923076923,0.9010989010989011,0
