basis_seed,split,step,metric,N,failures,auroc,ci95,status
42,test_iid,1,mahal,53,0,,,one_class
42,test_iid,1,random_mahal,53,0,,,one_class
42,test_iid,1,reference_full_distance,53,0,,,one_class
42,test_iid,pooled_steps,mahal,139,53,0.9076349275998244,"[0.8787382486358556, 0.9401915785717471]",estimable
42,test_iid,pooled_steps,random_mahal,139,53,0.9365949978060553,"[0.9084506027253668, 0.963910474267324]",estimable
42,test_iid,pooled_steps,reference_full_distance,139,53,0.9229925405879772,"[0.8938073716542343, 0.9538802785265049]",estimable
42,test_iid,2,mahal,53,20,0.3621212121212121,"[0.20914602683178535, 0.5273880105401838]",estimable
42,test_iid,2,random_mahal,53,20,0.5621212121212121,"[0.3807225831732228, 0.7333407738095237]",estimable
42,test_iid,2,reference_full_distance,53,20,0.4681818181818182,"[0.2939169164169164, 0.6442574786324785]",estimable
42,test_iid,3,mahal,33,33,,,one_class
42,test_iid,3,random_mahal,33,33,,,one_class
42,test_iid,3,reference_full_distance,33,33,,,one_class
42,test_template_ood,1,mahal,53,12,0.9166666666666666,"[0.8030239898989898, 0.9883720930232558]",estimable
42,test_template_ood,1,random_mahal,53,12,0.8882113821138211,"[0.774984756097561, 0.9654776422764226]",estimable
42,test_template_ood,1,reference_full_distance,53,12,0.9390243902439024,"[0.8576785714285714, 0.9875076219512195]",estimable
42,test_template_ood,pooled_steps,mahal,103,53,0.8860377358490567,"[0.8400101843910807, 0.9361765398914352]",estimable
42,test_template_ood,pooled_steps,random_mahal,103,53,0.930188679245283,"[0.8892521774038713, 0.9640801886792453]",estimable
42,test_template_ood,pooled_steps,reference_full_distance,103,53,0.9086792452830189,"[0.8643261455525606, 0.9522988203501731]",estimable
42,test_template_ood,2,mahal,41,32,0.46875,"[0.27415689149560113, 0.667750067769043]",estimable
42,test_template_ood,2,random_mahal,41,32,0.9236111111111112,"[0.8243044515103339, 0.9924242424242424]",estimable
42,test_template_ood,2,reference_full_distance,41,32,0.6388888888888888,"[0.42563984438984437, 0.8409389952153109]",estimable
42,test_template_ood,3,mahal,9,9,,,one_class
42,test_template_ood,3,random_mahal,9,9,,,one_class
42,test_template_ood,3,reference_full_distance,9,9,,,one_class
43,test_iid,1,mahal,53,0,,,one_class
43,test_iid,1,random_mahal,53,0,,,one_class
43,test_iid,1,reference_full_distance,53,0,,,one_class
43,test_iid,pooled_steps,mahal,139,53,0.9071961386573059,"[0.8795171487838145, 0.9383781613809715]",estimable
43,test_iid,pooled_steps,random_mahal,139,53,0.9365949978060553,"[0.9084506027253668, 0.963910474267324]",estimable
43,test_iid,pooled_steps,reference_full_distance,139,53,0.9229925405879772,"[0.8938073716542343, 0.9538802785265049]",estimable
43,test_iid,2,mahal,53,20,0.35909090909090907,"[0.21407932546884453, 0.5212464985994398]",estimable
43,test_iid,2,random_mahal,53,20,0.5621212121212121,"[0.3807225831732228, 0.7333407738095237]",estimable
43,test_iid,2,reference_full_distance,53,20,0.4681818181818182,"[0.2939169164169164, 0.6442574786324785]",estimable
43,test_iid,3,mahal,33,33,,,one_class
43,test_iid,3,random_mahal,33,33,,,one_class
43,test_iid,3,reference_full_distance,33,33,,,one_class
43,test_template_ood,1,mahal,53,12,0.766260162601626,"[0.5915584415584416, 0.9091120835686052]",estimable
43,test_template_ood,1,random_mahal,53,12,0.8882113821138211,"[0.774984756097561, 0.9654776422764226]",estimable
43,test_template_ood,1,reference_full_distance,53,12,0.9390243902439024,"[0.8576785714285714, 0.9875076219512195]",estimable
43,test_template_ood,pooled_steps,mahal,103,53,0.8490566037735849,"[0.7853637518142235, 0.9126939763898698]",estimable
43,test_template_ood,pooled_steps,random_mahal,103,53,0.930188679245283,"[0.8892521774038713, 0.9640801886792453]",estimable
43,test_template_ood,pooled_steps,reference_full_distance,103,53,0.9086792452830189,"[0.8643261455525606, 0.9522988203501731]",estimable
43,test_template_ood,2,mahal,41,32,0.3854166666666667,"[0.19247742200328405, 0.6006944444444444]",estimable
43,test_template_ood,2,random_mahal,41,32,0.9236111111111112,"[0.8243044515103339, 0.9924242424242424]",estimable
43,test_template_ood,2,reference_full_distance,41,32,0.6388888888888888,"[0.42563984438984437, 0.8409389952153109]",estimable
43,test_template_ood,3,mahal,9,9,,,one_class
43,test_template_ood,3,random_mahal,9,9,,,one_class
43,test_template_ood,3,reference_full_distance,9,9,,,one_class
44,test_iid,1,mahal,53,0,,,one_class
44,test_iid,1,random_mahal,53,0,,,one_class
44,test_iid,1,reference_full_distance,53,0,,,one_class
44,test_iid,pooled_steps,mahal,139,53,0.9124616059675296,"[0.8858831552625597, 0.9434013535684987]",estimable
44,test_iid,pooled_steps,random_mahal,139,53,0.9365949978060553,"[0.9084506027253668, 0.963910474267324]",estimable
44,test_iid,pooled_steps,reference_full_distance,139,53,0.9229925405879772,"[0.8938073716542343, 0.9538802785265049]",estimable
44,test_iid,2,mahal,53,20,0.39545454545454545,"[0.2403406684815487, 0.5527525252525249]",estimable
44,test_iid,2,random_mahal,53,20,0.5621212121212121,"[0.3807225831732228, 0.7333407738095237]",estimable
44,test_iid,2,reference_full_distance,53,20,0.4681818181818182,"[0.2939169164169164, 0.6442574786324785]",estimable
44,test_iid,3,mahal,33,33,,,one_class
44,test_iid,3,random_mahal,33,33,,,one_class
44,test_iid,3,reference_full_distance,33,33,,,one_class
44,test_template_ood,1,mahal,53,12,0.7378048780487805,"[0.5473666429587483, 0.8842325923504412]",estimable
44,test_template_ood,1,random_mahal,53,12,0.8882113821138211,"[0.774984756097561, 0.9654776422764226]",estimable
44,test_template_ood,1,reference_full_distance,53,12,0.9390243902439024,"[0.8576785714285714, 0.9875076219512195]",estimable
44,test_template_ood,pooled_steps,mahal,103,53,0.8516981132075472,"[0.7859271559432137, 0.9138693161842258]",estimable
44,test_template_ood,pooled_steps,random_mahal,103,53,0.930188679245283,"[0.8892521774038713, 0.9640801886792453]",estimable
44,test_template_ood,pooled_steps,reference_full_distance,103,53,0.9086792452830189,"[0.8643261455525606, 0.9522988203501731]",estimable
44,test_template_ood,2,mahal,41,32,0.4583333333333333,"[0.26515151515151514, 0.6620897683397683]",estimable
44,test_template_ood,2,random_mahal,41,32,0.9236111111111112,"[0.8243044515103339, 0.9924242424242424]",estimable
44,test_template_ood,2,reference_full_distance,41,32,0.6388888888888888,"[0.42563984438984437, 0.8409389952153109]",estimable
44,test_template_ood,3,mahal,9,9,,,one_class
44,test_template_ood,3,random_mahal,9,9,,,one_class
44,test_template_ood,3,reference_full_distance,9,9,,,one_class
