seed,template,sequence,method,N,random_directions,R1,R1_ci95,R2,R2_ci95,R3,R3_ci95,R4,R4_ci95,R5,R5_ci95
42,0,primary,mean,80,0,0.0,"[0, 0.0458181295355271]",0.0,"[0, 0.0458181295355271]",0.0,"[0, 0.0458181295355271]",0.0,"[0, 0.0458181295355271]",0.0,"[0, 0.0458181295355271]"
42,0,primary,none,80,0,1.0,"[0.9541818704644728, 0.9999999999999999]",0.0,"[0, 0.0458181295355271]",0.0,"[0, 0.0458181295355271]",0.0,"[0, 0.0458181295355271]",0.0,"[0, 0.0458181295355271]"
42,0,primary,random_ridge,80,4,1.0,"[1.0, 1.0]",0.0,"[0.0, 0.0]",0.0,"[0.0, 0.0]",0.0,"[0.0, 0.0]",0.0,"[0.0, 0.0]"
42,0,primary,reencode,80,0,1.0,"[0.9541818704644728, 0.9999999999999999]",1.0,"[0.9541818704644728, 0.9999999999999999]",1.0,"[0.9541818704644728, 0.9999999999999999]",1.0,"[0.9541818704644728, 0.9999999999999999]",1.0,"[0.9541818704644728, 0.9999999999999999]"
42,0,primary,ridge,80,0,0.0,"[0, 0.0458181295355271]",0.0,"[0, 0.0458181295355271]",0.0,"[0, 0.0458181295355271]",0.0,"[0, 0.0458181295355271]",0.0,"[0, 0.0458181295355271]"
42,0,reordered,mean,80,0,0.0,"[0, 0.0458181295355271]",0.0,"[0, 0.0458181295355271]",0.0,"[0, 0.0458181295355271]",0.0,"[0, 0.0458181295355271]",0.0,"[0, 0.0458181295355271]"
42,0,reordered,none,80,0,1.0,"[0.9541818704644728, 0.9999999999999999]",0.0,"[0, 0.0458181295355271]",0.0,"[0, 0.0458181295355271]",0.0,"[0, 0.0458181295355271]",0.0,"[0, 0.0458181295355271]"
42,0,reordered,random_ridge,80,4,1.0,"[1.0, 1.0]",0.0,"[0.0, 0.0]",0.0,"[0.0, 0.0]",0.0,"[0.0, 0.0]",0.0,"[0.0, 0.0]"
42,0,reordered,reencode,80,0,1.0,"[0.9541818704644728, 0.9999999999999999]",1.0,"[0.9541818704644728, 0.9999999999999999]",1.0,"[0.9541818704644728, 0.9999999999999999]",1.0,"[0.9541818704644728, 0.9999999999999999]",1.0,"[0.9541818704644728, 0.9999999999999999]"
42,0,reordered,ridge,80,0,0.0,"[0, 0.0458181295355271]",0.0,"[0, 0.0458181295355271]",0.0,"[0, 0.0458181295355271]",0.0,"[0, 0.0458181295355271]",0.0,"[0, 0.0458181295355271]"
42,2,primary,mean,80,0,0.0,"[0, 0.0458181295355271]",0.0,"[0, 0.0458181295355271]",0.0,"[0, 0.0458181295355271]",0.0,"[0, 0.0458181295355271]",0.0,"[0, 0.0458181295355271]"
42,2,primary,none,80,0,0.0,"[0, 0.0458181295355271]",0.0,"[0, 0.0458181295355271]",0.0,"[0, 0.0458181295355271]",0.0,"[0, 0.0458181295355271]",0.0,"[0, 0.0458181295355271]"
42,2,primary,random_ridge,80,4,0.0,"[0.0, 0.0]",0.0,"[0.0, 0.0]",0.0,"[0.0, 0.0]",0.0,"[0.0, 0.0]",0.0,"[0.0, 0.0]"
42,2,primary,reencode,80,0,0.0,"[0, 0.0458181295355271]",0.0,"[0, 0.0458181295355271]",0.0,"[0, 0.0458181295355271]",0.0,"[0, 0.0458181295355271]",0.0,"[0, 0.0458181295355271]"
42,2,primary,ridge,80,0,0.0,"[0, 0.0458181295355271]",0.0,"[0, 0.0458181295355271]",0.0,"[0, 0.0458181295355271]",0.0,"[0, 0.0458181295355271]",0.0,"[0, 0.0458181295355271]"
42,2,reordered,mean,80,0,0.0,"[0, 0.0458181295355271]",0.0,"[0, 0.0458181295355271]",0.0,"[0, 0.0458181295355271]",0.0,"[0, 0.0458181295355271]",0.0,"[0, 0.0458181295355271]"
42,2,reordered,none,80,0,0.0,"[0, 0.0458181295355271]",0.0,"[0, 0.0458181295355271]",0.0,"[0, 0.0458181295355271]",0.0,"[0, 0.0458181295355271]",0.0,"[0, 0.0458181295355271]"
42,2,reordered,random_ridge,80,4,0.0,"[0.0, 0.0]",0.0,"[0.0, 0.0]",0.0,"[0.0, 0.0]",0.0,"[0.0, 0.0]",0.0,"[0.0, 0.0]"
42,2,reordered,reencode,80,0,0.0,"[0, 0.0458181295355271]",0.0,"[0, 0.0458181295355271]",0.0,"[0, 0.0458181295355271]",0.0,"[0, 0.0458181295355271]",0.0,"[0, 0.0458181295355271]"
42,2,reordered,ridge,80,0,0.0,"[0, 0.0458181295355271]",0.0,"[0, 0.0458181295355271]",0.0,"[0, 0.0458181295355271]",0.0,"[0, 0.0458181295355271]",0.0,"[0, 0.0458181295355271]"
42,3,primary,mean,80,0,0.0,"[0, 0.0458181295355271]",0.0,"[0, 0.0458181295355271]",0.0,"[0, 0.0458181295355271]",0.0,"[0, 0.0458181295355271]",0.0,"[0, 0.0458181295355271]"
42,3,primary,none,80,0,1.0,"[0.9541818704644728, 0.9999999999999999]",0.0,"[0, 0.0458181295355271]",0.0,"[0, 0.0458181295355271]",0.0,"[0, 0.0458181295355271]",0.0,"[0, 0.0458181295355271]"
42,3,primary,random_ridge,80,4,1.0,"[1.0, 1.0]",0.0,"[0.0, 0.0]",0.0,"[0.0, 0.0]",0.0,"[0.0, 0.0]",0.0,"[0.0, 0.0]"
42,3,primary,reencode,80,0,1.0,"[0.9541818704644728, 0.9999999999999999]",1.0,"[0.9541818704644728, 0.9999999999999999]",1.0,"[0.9541818704644728, 0.9999999999999999]",1.0,"[0.9541818704644728, 0.9999999999999999]",1.0,"[0.9541818704644728, 0.9999999999999999]"
42,3,primary,ridge,80,0,0.0,"[0, 0.0458181295355271]",0.0,"[0, 0.0458181295355271]",0.0,"[0, 0.0458181295355271]",0.0,"[0, 0.0458181295355271]",0.0,"[0, 0.0458181295355271]"
42,3,reordered,mean,80,0,0.0,"[0, 0.0458181295355271]",0.0,"[0, 0.0458181295355271]",0.0,"[0, 0.0458181295355271]",0.0,"[0, 0.0458181295355271]",0.0,"[0, 0.0458181295355271]"
42,3,reordered,none,80,0,1.0,"[0.9541818704644728, 0.9999999999999999]",0.0,"[0, 0.0458181295355271]",0.0,"[0, 0.0458181295355271]",0.0,"[0, 0.0458181295355271]",0.0,"[0, 0.0458181295355271]"
42,3,reordered,random_ridge,80,4,1.0,"[1.0, 1.0]",0.0,"[0.0, 0.0]",0.0,"[0.0, 0.0]",0.0,"[0.0, 0.0]",0.0,"[0.0, 0.0]"
42,3,reordered,reencode,80,0,1.0,"[0.9541818704644728, 0.9999999999999999]",1.0,"[0.9541818704644728, 0.9999999999999999]",1.0,"[0.9541818704644728, 0.9999999999999999]",1.0,"[0.9541818704644728, 0.9999999999999999]",1.0,"[0.9541818704644728, 0.9999999999999999]"
42,3,reordered,ridge,80,0,0.0,"[0, 0.0458181295355271]",0.0,"[0, 0.0458181295355271]",0.0,"[0, 0.0458181295355271]",0.0,"[0, 0.0458181295355271]",0.0,"[0, 0.0458181295355271]"
43,0,primary,mean,80,0,0.0,"[0, 0.0458181295355271]",0.0,"[0, 0.0458181295355271]",0.0,"[0, 0.0458181295355271]",0.0,"[0, 0.0458181295355271]",0.0,"[0, 0.0458181295355271]"
43,0,primary,none,80,0,1.0,"[0.9541818704644728, 0.9999999999999999]",0.0,"[0, 0.0458181295355271]",0.0,"[0, 0.0458181295355271]",0.0,"[0, 0.0458181295355271]",0.0,"[0, 0.0458181295355271]"
43,0,primary,random_ridge,80,4,1.0,"[1.0, 1.0]",0.0,"[0.0, 0.0]",0.0,"[0.0, 0.0]",0.0,"[0.0, 0.0]",0.0,"[0.0, 0.0]"
43,0,primary,reencode,80,0,1.0,"[0.9541818704644728, 0.9999999999999999]",1.0,"[0.9541818704644728, 0.9999999999999999]",1.0,"[0.9541818704644728, 0.9999999999999999]",1.0,"[0.9541818704644728, 0.9999999999999999]",1.0,"[0.9541818704644728, 0.9999999999999999]"
43,0,primary,ridge,80,0,0.0,"[0, 0.0458181295355271]",0.0,"[0, 0.0458181295355271]",0.0,"[0, 0.0458181295355271]",0.0,"[0, 0.0458181295355271]",0.0,"[0, 0.0458181295355271]"
43,0,reordered,mean,80,0,0.0,"[0, 0.0458181295355271]",0.0,"[0, 0.0458181295355271]",0.0,"[0, 0.0458181295355271]",0.0,"[0, 0.0458181295355271]",0.0,"[0, 0.0458181295355271]"
43,0,reordered,none,80,0,1.0,"[0.9541818704644728, 0.9999999999999999]",0.0,"[0, 0.0458181295355271]",0.0,"[0, 0.0458181295355271]",0.0,"[0, 0.0458181295355271]",0.0,"[0, 0.0458181295355271]"
43,0,reordered,random_ridge,80,4,1.0,"[1.0, 1.0]",0.0,"[0.0, 0.0]",0.0,"[0.0, 0.0]",0.0,"[0.0, 0.0]",0.0,"[0.0, 0.0]"
43,0,reordered,reencode,80,0,1.0,"[0.9541818704644728, 0.9999999999999999]",1.0,"[0.9541818704644728, 0.9999999999999999]",1.0,"[0.9541818704644728, 0.9999999999999999]",1.0,"[0.9541818704644728, 0.9999999999999999]",1.0,"[0.9541818704644728, 0.9999999999999999]"
43,0,reordered,ridge,80,0,0.0,"[0, 0.0458181295355271]",0.0,"[0, 0.0458181295355271]",0.0,"[0, 0.0458181295355271]",0.0,"[0, 0.0458181295355271]",0.0,"[0, 0.0458181295355271]"
43,2,primary,mean,80,0,0.0,"[0, 0.0458181295355271]",0.0,"[0, 0.0458181295355271]",0.0,"[0, 0.0458181295355271]",0.0,"[0, 0.0458181295355271]",0.0,"[0, 0.0458181295355271]"
43,2,primary,none,80,0,0.0,"[0, 0.0458181295355271]",0.0,"[0, 0.0458181295355271]",0.0,"[0, 0.0458181295355271]",0.0,"[0, 0.0458181295355271]",0.0,"[0, 0.0458181295355271]"
43,2,primary,random_ridge,80,4,0.0,"[0.0, 0.0]",0.0,"[0.0, 0.0]",0.0,"[0.0, 0.0]",0.0,"[0.0, 0.0]",0.0,"[0.0, 0.0]"
43,2,primary,reencode,80,0,0.0,"[0, 0.0458181295355271]",0.0,"[0, 0.0458181295355271]",0.0,"[0, 0.0458181295355271]",0.0,"[0, 0.0458181295355271]",0.0,"[0, 0.0458181295355271]"
43,2,primary,ridge,80,0,0.0,"[0, 0.0458181295355271]",0.0,"[0, 0.0458181295355271]",0.0,"[0, 0.0458181295355271]",0.0,"[0, 0.0458181295355271]",0.0,"[0, 0.0458181295355271]"
43,2,reordered,mean,80,0,0.0,"[0, 0.0458181295355271]",0.0,"[0, 0.0458181295355271]",0.0,"[0, 0.0458181295355271]",0.0,"[0, 0.0458181295355271]",0.0,"[0, 0.0458181295355271]"
43,2,reordered,none,80,0,0.0,"[0, 0.0458181295355271]",0.0,"[0, 0.0458181295355271]",0.0,"[0, 0.0458181295355271]",0.0,"[0, 0.0458181295355271]",0.0,"[0, 0.0458181295355271]"
43,2,reordered,random_ridge,80,4,0.0,"[0.0, 0.0]",0.0,"[0.0, 0.0]",0.0,"[0.0, 0.0]",0.0,"[0.0, 0.0]",0.0,"[0.0, 0.0]"
43,2,reordered,reencode,80,0,0.0,"[0, 0.0458181295355271]",0.0,"[0, 0.0458181295355271]",0.0,"[0, 0.0458181295355271]",0.0,"[0, 0.0458181295355271]",0.0,"[0, 0.0458181295355271]"
43,2,reordered,ridge,80,0,0.0,"[0, 0.0458181295355271]",0.0,"[0, 0.0458181295355271]",0.0,"[0, 0.0458181295355271]",0.0,"[0, 0.0458181295355271]",0.0,"[0, 0.0458181295355271]"
43,3,primary,mean,80,0,0.0,"[0, 0.0458181295355271]",0.0,"[0, 0.0458181295355271]",0.0,"[0, 0.0458181295355271]",0.0,"[0, 0.0458181295355271]",0.0,"[0, 0.0458181295355271]"
43,3,primary,none,80,0,1.0,"[0.9541818704644728, 0.9999999999999999]",0.0,"[0, 0.0458181295355271]",0.0,"[0, 0.0458181295355271]",0.0,"[0, 0.0458181295355271]",0.0,"[0, 0.0458181295355271]"
43,3,primary,random_ridge,80,4,1.0,"[1.0, 1.0]",0.0,"[0.0, 0.0]",0.0,"[0.0, 0.0]",0.0,"[0.0, 0.0]",0.0,"[0.0, 0.0]"
43,3,primary,reencode,80,0,1.0,"[0.9541818704644728, 0.9999999999999999]",1.0,"[0.9541818704644728, 0.9999999999999999]",1.0,"[0.9541818704644728, 0.9999999999999999]",1.0,"[0.9541818704644728, 0.9999999999999999]",1.0,"[0.9541818704644728, 0.9999999999999999]"
43,3,primary,ridge,80,0,0.0,"[0, 0.0458181295355271]",0.0,"[0, 0.0458181295355271]",0.0,"[0, 0.0458181295355271]",0.0,"[0, 0.0458181295355271]",0.0,"[0, 0.0458181295355271]"
43,3,reordered,mean,80,0,0.0,"[0, 0.0458181295355271]",0.0,"[0, 0.0458181295355271]",0.0,"[0, 0.0458181295355271]",0.0,"[0, 0.0458181295355271]",0.0,"[0, 0.0458181295355271]"
43,3,reordered,none,80,0,1.0,"[0.9541818704644728, 0.9999999999999999]",0.0,"[0, 0.0458181295355271]",0.0,"[0, 0.0458181295355271]",0.0,"[0, 0.0458181295355271]",0.0,"[0, 0.0458181295355271]"
43,3,reordered,random_ridge,80,4,1.0,"[1.0, 1.0]",0.0,"[0.0, 0.0]",0.0,"[0.0, 0.0]",0.0,"[0.0, 0.0]",0.0,"[0.0, 0.0]"
43,3,reordered,reencode,80,0,1.0,"[0.9541818704644728, 0.9999999999999999]",1.0,"[0.9541818704644728, 0.9999999999999999]",1.0,"[0.9541818704644728, 0.9999999999999999]",1.0,"[0.9541818704644728, 0.9999999999999999]",1.0,"[0.9541818704644728, 0.9999999999999999]"
43,3,reordered,ridge,80,0,0.0,"[0, 0.0458181295355271]",0.0,"[0, 0.0458181295355271]",0.0,"[0, 0.0458181295355271]",0.0,"[0, 0.0458181295355271]",0.0,"[0, 0.0458181295355271]"
44,0,primary,mean,80,0,0.0,"[0, 0.0458181295355271]",0.0,"[0, 0.0458181295355271]",0.0,"[0, 0.0458181295355271]",0.0,"[0, 0.0458181295355271]",0.0,"[0, 0.0458181295355271]"
44,0,primary,none,80,0,1.0,"[0.9541818704644728, 0.9999999999999999]",0.0,"[0, 0.0458181295355271]",0.0,"[0, 0.0458181295355271]",0.0,"[0, 0.0458181295355271]",0.0,"[0, 0.0458181295355271]"
44,0,primary,random_ridge,80,4,1.0,"[1.0, 1.0]",0.0,"[0.0, 0.0]",0.0,"[0.0, 0.0]",0.0,"[0.0, 0.0]",0.0,"[0.0, 0.0]"
44,0,primary,reencode,80,0,1.0,"[0.9541818704644728, 0.9999999999999999]",1.0,"[0.9541818704644728, 0.9999999999999999]",1.0,"[0.9541818704644728, 0.9999999999999999]",1.0,"[0.9541818704644728, 0.9999999999999999]",1.0,"[0.9541818704644728, 0.9999999999999999]"
44,0,primary,ridge,80,0,0.0,"[0, 0.0458181295355271]",0.0,"[0, 0.0458181295355271]",0.0,"[0, 0.0458181295355271]",0.0,"[0, 0.0458181295355271]",0.0,"[0, 0.0458181295355271]"
44,0,reordered,mean,80,0,0.0,"[0, 0.0458181295355271]",0.0,"[0, 0.0458181295355271]",0.0,"[0, 0.0458181295355271]",0.0,"[0, 0.0458181295355271]",0.0,"[0, 0.0458181295355271]"
44,0,reordered,none,80,0,1.0,"[0.9541818704644728, 0.9999999999999999]",0.0,"[0, 0.0458181295355271]",0.0,"[0, 0.0458181295355271]",0.0,"[0, 0.0458181295355271]",0.0,"[0, 0.0458181295355271]"
44,0,reordered,random_ridge,80,4,1.0,"[1.0, 1.0]",0.0,"[0.0, 0.0]",0.0,"[0.0, 0.0]",0.0,"[0.0, 0.0]",0.0,"[0.0, 0.0]"
44,0,reordered,reencode,80,0,1.0,"[0.9541818704644728, 0.9999999999999999]",1.0,"[0.9541818704644728, 0.9999999999999999]",1.0,"[0.9541818704644728, 0.9999999999999999]",1.0,"[0.9541818704644728, 0.9999999999999999]",1.0,"[0.9541818704644728, 0.9999999999999999]"
44,0,reordered,ridge,80,0,0.0,"[0, 0.0458181295355271]",0.0,"[0, 0.0458181295355271]",0.0,"[0, 0.0458181295355271]",0.0,"[0, 0.0458181295355271]",0.0,"[0, 0.0458181295355271]"
44,2,primary,mean,80,0,0.0,"[0, 0.0458181295355271]",0.0,"[0, 0.0458181295355271]",0.0,"[0, 0.0458181295355271]",0.0,"[0, 0.0458181295355271]",0.0,"[0, 0.0458181295355271]"
44,2,primary,none,80,0,0.0,"[0, 0.0458181295355271]",0.0,"[0, 0.0458181295355271]",0.0,"[0, 0.0458181295355271]",0.0,"[0, 0.0458181295355271]",0.0,"[0, 0.0458181295355271]"
44,2,primary,random_ridge,80,4,0.0,"[0.0, 0.0]",0.0,"[0.0, 0.0]",0.0,"[0.0, 0.0]",0.0,"[0.0, 0.0]",0.0,"[0.0, 0.0]"
44,2,primary,reencode,80,0,0.0,"[0, 0.0458181295355271]",0.0,"[0, 0.0458181295355271]",0.0,"[0, 0.0458181295355271]",0.0,"[0, 0.0458181295355271]",0.0,"[0, 0.0458181295355271]"
44,2,primary,ridge,80,0,0.0,"[0, 0.0458181295355271]",0.0,"[0, 0.0458181295355271]",0.0,"[0, 0.0458181295355271]",0.0,"[0, 0.0458181295355271]",0.0,"[0, 0.0458181295355271]"
44,2,reordered,mean,80,0,0.0,"[0, 0.0458181295355271]",0.0,"[0, 0.0458181295355271]",0.0,"[0, 0.0458181295355271]",0.0,"[0, 0.0458181295355271]",0.0,"[0, 0.0458181295355271]"
44,2,reordered,none,80,0,0.0,"[0, 0.0458181295355271]",0.0,"[0, 0.0458181295355271]",0.0,"[0, 0.0458181295355271]",0.0,"[0, 0.0458181295355271]",0.0,"[0, 0.0458181295355271]"
44,2,reordered,random_ridge,80,4,0.0,"[0.0, 0.0]",0.0,"[0.0, 0.0]",0.0,"[0.0, 0.0]",0.0,"[0.0, 0.0]",0.0,"[0.0, 0.0]"
44,2,reordered,reencode,80,0,0.0,"[0, 0.0458181295355271]",0.0,"[0, 0.0458181295355271]",0.0,"[0, 0.0458181295355271]",0.0,"[0, 0.0458181295355271]",0.0,"[0, 0.0458181295355271]"
44,2,reordered,ridge,80,0,0.0,"[0, 0.0458181295355271]",0.0,"[0, 0.0458181295355271]",0.0,"[0, 0.0458181295355271]",0.0,"[0, 0.0458181295355271]",0.0,"[0, 0.0458181295355271]"
44,3,primary,mean,80,0,0.0,"[0, 0.0458181295355271]",0.0,"[0, 0.0458181295355271]",0.0,"[0, 0.0458181295355271]",0.0,"[0, 0.0458181295355271]",0.0,"[0, 0.0458181295355271]"
44,3,primary,none,80,0,1.0,"[0.9541818704644728, 0.9999999999999999]",0.0,"[0, 0.0458181295355271]",0.0,"[0, 0.0458181295355271]",0.0,"[0, 0.0458181295355271]",0.0,"[0, 0.0458181295355271]"
44,3,primary,random_ridge,80,4,1.0,"[1.0, 1.0]",0.0,"[0.0, 0.0]",0.0,"[0.0, 0.0]",0.0,"[0.0, 0.0]",0.0,"[0.0, 0.0]"
44,3,primary,reencode,80,0,1.0,"[0.9541818704644728, 0.9999999999999999]",1.0,"[0.9541818704644728, 0.9999999999999999]",1.0,"[0.9541818704644728, 0.9999999999999999]",1.0,"[0.9541818704644728, 0.9999999999999999]",1.0,"[0.9541818704644728, 0.9999999999999999]"
44,3,primary,ridge,80,0,0.0,"[0, 0.0458181295355271]",0.0,"[0, 0.0458181295355271]",0.0,"[0, 0.0458181295355271]",0.0,"[0, 0.0458181295355271]",0.0,"[0, 0.0458181295355271]"
44,3,reordered,mean,80,0,0.0,"[0, 0.0458181295355271]",0.0,"[0, 0.0458181295355271]",0.0,"[0, 0.0458181295355271]",0.0,"[0, 0.0458181295355271]",0.0,"[0, 0.0458181295355271]"
44,3,reordered,none,80,0,1.0,"[0.9541818704644728, 0.9999999999999999]",0.0,"[0, 0.0458181295355271]",0.0,"[0, 0.0458181295355271]",0.0,"[0, 0.0458181295355271]",0.0,"[0, 0.0458181295355271]"
44,3,reordered,random_ridge,80,4,1.0,"[1.0, 1.0]",0.0,"[0.0, 0.0]",0.0,"[0.0, 0.0]",0.0,"[0.0, 0.0]",0.0,"[0.0, 0.0]"
44,3,reordered,reencode,80,0,1.0,"[0.9541818704644728, 0.9999999999999999]",1.0,"[0.9541818704644728, 0.9999999999999999]",1.0,"[0.9541818704644728, 0.9999999999999999]",1.0,"[0.9541818704644728, 0.9999999999999999]",1.0,"[0.9541818704644728, 0.9999999999999999]"
44,3,reordered,ridge,80,0,0.0,"[0, 0.0458181295355271]",0.0,"[0, 0.0458181295355271]",0.0,"[0, 0.0458181295355271]",0.0,"[0, 0.0458181295355271]",0.0,"[0, 0.0458181295355271]"
