conditions,decode_and_score_wall_ms_median,discarded_warmups,editor_GPU_ms_median,editor_GPU_ms_p95,editor_parameters,method,recorded_repeats,scope,seed,worlds
32,65.78806500328938,32,0.13371200114488602,0.25109759718179697,50688,Plain,160,FIXED_VALIDATION_BENCHMARK,42,8
32,65.73938200017437,32,0.1337280049920082,0.2529263943433761,50688,Output-only,160,FIXED_VALIDATION_BENCHMARK,42,8
32,65.75340799463447,32,0.13299200683832169,0.2463840052485466,50688,Mechanism-guided,160,FIXED_VALIDATION_BENCHMARK,42,8
32,65.74524849565933,32,0.13279999792575836,0.24862079322338104,50688,Random-site,160,FIXED_VALIDATION_BENCHMARK,42,8
32,115.25753799651284,32,0.2035519927740097,0.3064559862017631,50688,Plain,160,FIXED_VALIDATION_BENCHMARK,43,8
32,115.09625900362153,32,0.20212800055742264,0.2966416016221046,50688,Output-only,160,FIXED_VALIDATION_BENCHMARK,43,8
32,115.03501299739582,32,0.20265600085258484,0.29783999621868135,50688,Mechanism-guided,160,FIXED_VALIDATION_BENCHMARK,43,8
32,114.98717199719977,32,0.20240000635385513,0.2996224075555801,50688,Random-site,160,FIXED_VALIDATION_BENCHMARK,43,8
32,115.16670150012942,32,0.20320000499486923,0.2180544063448906,50688,Plain,160,FIXED_VALIDATION_BENCHMARK,44,8
32,115.14567900303518,32,0.20336000621318817,0.2183664008975029,50688,Output-only,160,FIXED_VALIDATION_BENCHMARK,44,8
32,115.08779950236203,32,0.20279999822378159,0.2163727931678295,50688,Mechanism-guided,160,FIXED_VALIDATION_BENCHMARK,44,8
32,115.03623050521128,32,0.20230400562286377,0.2175504021346569,50688,Random-site,160,FIXED_VALIDATION_BENCHMARK,44,8
