seed,split,anchor,producer,k,n,rate,wilson_low,wilson_high,exploratory,empty,exact_k,EOS_k,current_C_n,current_C_N,natural_mask_equal_k,current_gate_failures
42,iid,2,E,160,160,1.0,0.9765538048284949,1,False,False,160,160,,160,160,
42,iid,2,P,160,160,1.0,0.9765538048284949,1,False,False,160,160,160,160,160,{}
42,iid,2,U,160,160,1.0,0.9765538048284949,1,False,False,160,160,160,160,160,{}
42,iid,2,G,158,160,0.9875,0.9555746308159091,0.9965653288918735,False,False,158,160,158,160,160,"{""date_error"": 2}"
42,iid,0,E,160,160,1.0,0.9765538048284949,1,False,False,160,160,,160,160,
42,iid,0,P,160,160,1.0,0.9765538048284949,1,False,False,160,160,160,160,160,{}
42,iid,0,U,160,160,1.0,0.9765538048284949,1,False,False,160,160,160,160,160,{}
42,iid,0,G,160,160,1.0,0.9765538048284949,1,False,False,160,160,160,160,160,{}
42,iid,-1,E,160,160,1.0,0.9765538048284949,1,False,False,160,160,,160,160,
42,iid,-1,P,160,160,1.0,0.9765538048284949,1,False,False,160,160,160,160,160,{}
42,iid,-1,U,160,160,1.0,0.9765538048284949,1,False,False,160,160,160,160,160,{}
42,iid,-1,G,160,160,1.0,0.9765538048284949,1,False,False,160,160,160,160,160,{}
42,iid,-2,E,160,160,1.0,0.9765538048284949,1,False,False,160,160,,160,0,
42,iid,-2,P,160,160,1.0,0.9765538048284949,1,False,False,160,160,160,160,0,{}
42,iid,-2,U,160,160,1.0,0.9765538048284949,1,False,False,160,160,160,160,0,{}
42,iid,-2,G,160,160,1.0,0.9765538048284949,1,False,False,160,160,160,160,0,{}
42,template_ood,2,E,160,160,1.0,0.9765538048284949,1,False,False,160,160,,160,160,
42,template_ood,2,P,160,160,1.0,0.9765538048284949,1,False,False,160,160,160,160,160,{}
42,template_ood,2,U,160,160,1.0,0.9765538048284949,1,False,False,160,160,160,160,160,{}
42,template_ood,2,G,157,160,0.98125,0.9463298879006856,0.9936031492467405,False,False,157,160,157,160,160,"{""date_error"": 3}"
42,template_ood,0,E,160,160,1.0,0.9765538048284949,1,False,False,160,160,,160,160,
42,template_ood,0,P,160,160,1.0,0.9765538048284949,1,False,False,160,160,160,160,160,{}
42,template_ood,0,U,160,160,1.0,0.9765538048284949,1,False,False,160,160,160,160,160,{}
42,template_ood,0,G,160,160,1.0,0.9765538048284949,1,False,False,160,160,160,160,160,{}
42,template_ood,-1,E,160,160,1.0,0.9765538048284949,1,False,False,160,160,,160,160,
42,template_ood,-1,P,159,160,0.99375,0.965451014037521,0.9988958682306179,False,False,159,160,159,160,160,"{""date_error"": 1}"
42,template_ood,-1,U,131,160,0.81875,0.7518187120680591,0.8707343385101063,False,False,131,160,131,160,160,"{""date_error"": 29}"
42,template_ood,-1,G,120,160,0.75,0.6775763046904398,0.8107005977238076,False,False,120,160,120,160,160,"{""date_error"": 40}"
42,template_ood,-2,E,160,160,1.0,0.9765538048284949,1,False,False,160,160,,160,0,
42,template_ood,-2,P,160,160,1.0,0.9765538048284949,1,False,False,160,160,160,160,0,{}
42,template_ood,-2,U,160,160,1.0,0.9765538048284949,1,False,False,160,160,160,160,0,{}
42,template_ood,-2,G,160,160,1.0,0.9765538048284949,1,False,False,160,160,160,160,0,{}
43,iid,2,E,160,160,1.0,0.9765538048284949,1,False,False,160,160,,160,160,
43,iid,2,P,160,160,1.0,0.9765538048284949,1,False,False,160,160,160,160,160,{}
43,iid,2,U,160,160,1.0,0.9765538048284949,1,False,False,160,160,160,160,160,{}
43,iid,2,G,160,160,1.0,0.9765538048284949,1,False,False,160,160,160,160,160,{}
43,iid,0,E,160,160,1.0,0.9765538048284949,1,False,False,160,160,,160,160,
43,iid,0,P,160,160,1.0,0.9765538048284949,1,False,False,160,160,160,160,160,{}
43,iid,0,U,160,160,1.0,0.9765538048284949,1,False,False,160,160,160,160,160,{}
43,iid,0,G,160,160,1.0,0.9765538048284949,1,False,False,160,160,160,160,160,{}
43,iid,-1,E,160,160,1.0,0.9765538048284949,1,False,False,160,160,,160,160,
43,iid,-1,P,160,160,1.0,0.9765538048284949,1,False,False,160,160,160,160,160,{}
43,iid,-1,U,160,160,1.0,0.9765538048284949,1,False,False,160,160,160,160,160,{}
43,iid,-1,G,160,160,1.0,0.9765538048284949,1,False,False,160,160,160,160,160,{}
43,iid,-2,E,160,160,1.0,0.9765538048284949,1,False,False,160,160,,160,0,
43,iid,-2,P,160,160,1.0,0.9765538048284949,1,False,False,160,160,160,160,0,{}
43,iid,-2,U,160,160,1.0,0.9765538048284949,1,False,False,160,160,160,160,0,{}
43,iid,-2,G,160,160,1.0,0.9765538048284949,1,False,False,160,160,160,160,0,{}
43,template_ood,2,E,160,160,1.0,0.9765538048284949,1,False,False,160,160,,160,160,
43,template_ood,2,P,160,160,1.0,0.9765538048284949,1,False,False,160,160,160,160,160,{}
43,template_ood,2,U,160,160,1.0,0.9765538048284949,1,False,False,160,160,160,160,160,{}
43,template_ood,2,G,160,160,1.0,0.9765538048284949,1,False,False,160,160,160,160,160,{}
43,template_ood,0,E,160,160,1.0,0.9765538048284949,1,False,False,160,160,,160,160,
43,template_ood,0,P,160,160,1.0,0.9765538048284949,1,False,False,160,160,160,160,160,{}
43,template_ood,0,U,160,160,1.0,0.9765538048284949,1,False,False,160,160,160,160,160,{}
43,template_ood,0,G,160,160,1.0,0.9765538048284949,1,False,False,160,160,160,160,160,{}
43,template_ood,-1,E,160,160,1.0,0.9765538048284949,1,False,False,160,160,,160,160,
43,template_ood,-1,P,145,160,0.90625,0.8510879733686995,0.9423619930544526,False,False,145,160,145,160,160,"{""date_error"": 15}"
43,template_ood,-1,U,153,160,0.95625,0.9124569584575362,0.9786483884484656,False,False,153,160,153,160,160,"{""date_error"": 7}"
43,template_ood,-1,G,120,160,0.75,0.6775763046904398,0.8107005977238076,False,False,120,160,120,160,160,"{""date_error"": 40}"
43,template_ood,-2,E,160,160,1.0,0.9765538048284949,1,False,False,160,160,,160,0,
43,template_ood,-2,P,157,160,0.98125,0.9463298879006856,0.9936031492467405,False,False,157,160,157,160,0,"{""date_error"": 3}"
43,template_ood,-2,U,160,160,1.0,0.9765538048284949,1,False,False,160,160,160,160,0,{}
43,template_ood,-2,G,139,160,0.86875,0.8076812686575604,0.9125271624034547,False,False,139,160,139,160,0,"{""date_error"": 21}"
44,iid,2,E,160,160,1.0,0.9765538048284949,1,False,False,160,160,,160,160,
44,iid,2,P,160,160,1.0,0.9765538048284949,1,False,False,160,160,160,160,160,{}
44,iid,2,U,157,160,0.98125,0.9463298879006856,0.9936031492467405,False,False,157,160,157,160,160,"{""date_error"": 3}"
44,iid,2,G,95,160,0.59375,0.5163168856257644,0.6667869527795783,False,False,95,160,95,160,160,"{""date_error"": 65}"
44,iid,0,E,160,160,1.0,0.9765538048284949,1,False,False,160,160,,160,160,
44,iid,0,P,160,160,1.0,0.9765538048284949,1,False,False,160,160,160,160,160,{}
44,iid,0,U,160,160,1.0,0.9765538048284949,1,False,False,160,160,160,160,160,{}
44,iid,0,G,160,160,1.0,0.9765538048284949,1,False,False,160,160,160,160,160,{}
44,iid,-1,E,160,160,1.0,0.9765538048284949,1,False,False,160,160,,160,160,
44,iid,-1,P,160,160,1.0,0.9765538048284949,1,False,False,160,160,160,160,160,{}
44,iid,-1,U,160,160,1.0,0.9765538048284949,1,False,False,160,160,160,160,160,{}
44,iid,-1,G,160,160,1.0,0.9765538048284949,1,False,False,160,160,160,160,160,{}
44,iid,-2,E,160,160,1.0,0.9765538048284949,1,False,False,160,160,,160,0,
44,iid,-2,P,160,160,1.0,0.9765538048284949,1,False,False,160,160,160,160,0,{}
44,iid,-2,U,160,160,1.0,0.9765538048284949,1,False,False,160,160,160,160,0,{}
44,iid,-2,G,160,160,1.0,0.9765538048284949,1,False,False,160,160,160,160,0,{}
44,template_ood,2,E,160,160,1.0,0.9765538048284949,1,False,False,160,160,,160,160,
44,template_ood,2,P,160,160,1.0,0.9765538048284949,1,False,False,160,160,160,160,160,{}
44,template_ood,2,U,131,160,0.81875,0.7518187120680591,0.8707343385101063,False,False,131,160,131,160,160,"{""date_error"": 29}"
44,template_ood,2,G,147,160,0.91875,0.8659596262286716,0.9519041853151927,False,False,147,160,147,160,160,"{""date_error"": 13}"
44,template_ood,0,E,160,160,1.0,0.9765538048284949,1,False,False,160,160,,160,160,
44,template_ood,0,P,160,160,1.0,0.9765538048284949,1,False,False,160,160,160,160,160,{}
44,template_ood,0,U,160,160,1.0,0.9765538048284949,1,False,False,160,160,160,160,160,{}
44,template_ood,0,G,160,160,1.0,0.9765538048284949,1,False,False,160,160,160,160,160,{}
44,template_ood,-1,E,160,160,1.0,0.9765538048284949,1,False,False,160,160,,160,160,
44,template_ood,-1,P,160,160,1.0,0.9765538048284949,1,False,False,160,160,160,160,160,{}
44,template_ood,-1,U,160,160,1.0,0.9765538048284949,1,False,False,160,160,160,160,160,{}
44,template_ood,-1,G,138,160,0.8625,0.8005890571519036,0.9074124513487551,False,False,138,160,138,160,160,"{""date_error"": 22}"
44,template_ood,-2,E,160,160,1.0,0.9765538048284949,1,False,False,160,160,,160,0,
44,template_ood,-2,P,151,160,0.94375,0.8965638035410534,0.9701276982442358,False,False,151,160,151,160,0,"{""date_error"": 9}"
44,template_ood,-2,U,160,160,1.0,0.9765538048284949,1,False,False,160,160,160,160,0,{}
44,template_ood,-2,G,121,160,0.75625,0.6842262061492823,0.8162576188253212,False,False,121,160,121,160,0,"{""date_error"": 39}"
