model,editor_seed,split,original_split,source,operation,scanned_worlds,candidate_history_combinations,current_double_correct,exact_current_text,next_step_fork,same_shape_mask,final_pair_worlds,current_not_both_correct,current_text_mismatch,not_good_bad_fork,shape_or_mask_mismatch,current_double_correct_worlds,exact_current_text_worlds,next_step_fork_worlds,same_shape_mask_worlds
bart,42,validation,dev,E→E,plus,5,10,10,10,0,0,0,0,0,10,0,5,5,0,0
bart,42,validation,dev,E→E,minus,5,10,10,10,0,0,0,0,0,10,0,5,5,0,0
bart,42,validation,dev,N→E,plus,5,10,10,10,10,10,5,0,0,0,0,5,5,5,5
bart,42,validation,dev,N→E,minus,5,10,10,10,10,10,5,0,0,0,0,5,5,5,5
bart,42,validation,dev,R→E,plus,5,10,10,10,10,10,5,0,0,0,0,5,5,5,5
bart,42,validation,dev,R→E,minus,5,10,10,10,10,10,5,0,0,0,0,5,5,5,5
bart,42,test,dev,E→E,plus,10,20,20,20,0,0,0,0,0,20,0,10,10,0,0
bart,42,test,dev,E→E,minus,10,20,20,20,0,0,0,0,0,20,0,10,10,0,0
bart,42,test,dev,N→E,plus,10,20,20,20,20,20,10,0,0,0,0,10,10,10,10
bart,42,test,dev,N→E,minus,10,20,20,20,20,20,10,0,0,0,0,10,10,10,10
bart,42,test,dev,R→E,plus,10,20,20,20,20,20,10,0,0,0,0,10,10,10,10
bart,42,test,dev,R→E,minus,10,20,20,20,20,20,10,0,0,0,0,10,10,10,10
bart,42,discovery,dev,E→E,plus,9,18,18,18,0,0,0,0,0,18,0,9,9,0,0
bart,42,discovery,dev,E→E,minus,9,18,18,18,0,0,0,0,0,18,0,9,9,0,0
bart,42,discovery,dev,N→E,plus,9,18,18,18,18,18,9,0,0,0,0,9,9,9,9
bart,42,discovery,dev,N→E,minus,9,18,18,18,18,18,9,0,0,0,0,9,9,9,9
bart,42,discovery,dev,R→E,plus,9,18,18,18,18,18,9,0,0,0,0,9,9,9,9
bart,42,discovery,dev,R→E,minus,9,18,18,18,18,18,9,0,0,0,0,9,9,9,9
bart,42,test,test,E→E,plus,16,32,32,32,0,0,0,0,0,32,0,16,16,0,0
bart,42,test,test,E→E,minus,16,32,32,32,0,0,0,0,0,32,0,16,16,0,0
bart,42,test,test,N→E,plus,16,32,32,32,32,32,16,0,0,0,0,16,16,16,16
bart,42,test,test,N→E,minus,16,32,32,32,32,32,16,0,0,0,0,16,16,16,16
bart,42,test,test,R→E,plus,16,32,32,32,32,32,16,0,0,0,0,16,16,16,16
bart,42,test,test,R→E,minus,16,32,32,32,32,32,16,0,0,0,0,16,16,16,16
bart,42,discovery,test,E→E,plus,8,16,16,16,0,0,0,0,0,16,0,8,8,0,0
bart,42,discovery,test,E→E,minus,8,16,16,16,0,0,0,0,0,16,0,8,8,0,0
bart,42,discovery,test,N→E,plus,8,16,16,16,16,16,8,0,0,0,0,8,8,8,8
bart,42,discovery,test,N→E,minus,8,16,16,16,16,16,8,0,0,0,0,8,8,8,8
bart,42,discovery,test,R→E,plus,8,16,16,16,16,16,8,0,0,0,0,8,8,8,8
bart,42,discovery,test,R→E,minus,8,16,16,16,16,16,8,0,0,0,0,8,8,8,8
bart,42,validation,test,E→E,plus,8,16,16,16,0,0,0,0,0,16,0,8,8,0,0
bart,42,validation,test,E→E,minus,8,16,16,16,0,0,0,0,0,16,0,8,8,0,0
bart,42,validation,test,N→E,plus,8,16,16,16,16,16,8,0,0,0,0,8,8,8,8
bart,42,validation,test,N→E,minus,8,16,16,16,16,16,8,0,0,0,0,8,8,8,8
bart,42,validation,test,R→E,plus,8,16,16,16,16,16,8,0,0,0,0,8,8,8,8
bart,42,validation,test,R→E,minus,8,16,16,16,16,16,8,0,0,0,0,8,8,8,8
bart,42,test,new,E→E,plus,84,168,168,168,0,0,0,0,0,168,0,84,84,0,0
bart,42,test,new,E→E,minus,84,168,168,168,0,0,0,0,0,168,0,84,84,0,0
bart,42,test,new,N→E,plus,84,168,168,168,168,168,84,0,0,0,0,84,84,84,84
bart,42,test,new,N→E,minus,84,168,168,168,168,168,84,0,0,0,0,84,84,84,84
bart,42,test,new,R→E,plus,84,168,168,168,168,168,84,0,0,0,0,84,84,84,84
bart,42,test,new,R→E,minus,84,168,168,168,168,168,84,0,0,0,0,84,84,84,84
bart,42,discovery,new,E→E,plus,76,152,152,152,0,0,0,0,0,152,0,76,76,0,0
bart,42,discovery,new,E→E,minus,76,152,152,152,0,0,0,0,0,152,0,76,76,0,0
bart,42,discovery,new,N→E,plus,76,152,152,152,152,152,76,0,0,0,0,76,76,76,76
bart,42,discovery,new,N→E,minus,76,152,152,152,152,152,76,0,0,0,0,76,76,76,76
bart,42,discovery,new,R→E,plus,76,152,152,152,152,152,76,0,0,0,0,76,76,76,76
bart,42,discovery,new,R→E,minus,76,152,152,152,152,152,76,0,0,0,0,76,76,76,76
bart,42,validation,new,E→E,plus,40,80,80,80,0,0,0,0,0,80,0,40,40,0,0
bart,42,validation,new,E→E,minus,40,80,80,80,0,0,0,0,0,80,0,40,40,0,0
bart,42,validation,new,N→E,plus,40,80,80,80,80,80,40,0,0,0,0,40,40,40,40
bart,42,validation,new,N→E,minus,40,80,80,80,80,80,40,0,0,0,0,40,40,40,40
bart,42,validation,new,R→E,plus,40,80,80,80,80,80,40,0,0,0,0,40,40,40,40
bart,42,validation,new,R→E,minus,40,80,80,80,80,80,40,0,0,0,0,40,40,40,40
bart,43,validation,dev,E→E,plus,5,10,10,10,0,0,0,0,0,10,0,5,5,0,0
bart,43,validation,dev,E→E,minus,5,10,10,10,0,0,0,0,0,10,0,5,5,0,0
bart,43,validation,dev,N→E,plus,5,10,10,10,10,10,5,0,0,0,0,5,5,5,5
bart,43,validation,dev,N→E,minus,5,10,10,10,10,10,5,0,0,0,0,5,5,5,5
bart,43,validation,dev,R→E,plus,5,10,10,10,10,10,5,0,0,0,0,5,5,5,5
bart,43,validation,dev,R→E,minus,5,10,10,10,10,10,5,0,0,0,0,5,5,5,5
bart,43,test,dev,E→E,plus,10,20,20,20,0,0,0,0,0,20,0,10,10,0,0
bart,43,test,dev,E→E,minus,10,20,20,20,0,0,0,0,0,20,0,10,10,0,0
bart,43,test,dev,N→E,plus,10,20,20,20,20,20,10,0,0,0,0,10,10,10,10
bart,43,test,dev,N→E,minus,10,20,20,20,20,20,10,0,0,0,0,10,10,10,10
bart,43,test,dev,R→E,plus,10,20,20,20,20,20,10,0,0,0,0,10,10,10,10
bart,43,test,dev,R→E,minus,10,20,20,20,20,20,10,0,0,0,0,10,10,10,10
bart,43,discovery,dev,E→E,plus,9,18,18,18,0,0,0,0,0,18,0,9,9,0,0
bart,43,discovery,dev,E→E,minus,9,18,18,18,0,0,0,0,0,18,0,9,9,0,0
bart,43,discovery,dev,N→E,plus,9,18,18,18,18,18,9,0,0,0,0,9,9,9,9
bart,43,discovery,dev,N→E,minus,9,18,18,18,18,18,9,0,0,0,0,9,9,9,9
bart,43,discovery,dev,R→E,plus,9,18,18,18,18,18,9,0,0,0,0,9,9,9,9
bart,43,discovery,dev,R→E,minus,9,18,18,18,18,18,9,0,0,0,0,9,9,9,9
bart,43,test,test,E→E,plus,16,32,32,32,0,0,0,0,0,32,0,16,16,0,0
bart,43,test,test,E→E,minus,16,32,32,32,0,0,0,0,0,32,0,16,16,0,0
bart,43,test,test,N→E,plus,16,32,32,32,32,32,16,0,0,0,0,16,16,16,16
bart,43,test,test,N→E,minus,16,32,32,32,32,32,16,0,0,0,0,16,16,16,16
bart,43,test,test,R→E,plus,16,32,32,32,32,32,16,0,0,0,0,16,16,16,16
bart,43,test,test,R→E,minus,16,32,32,32,32,32,16,0,0,0,0,16,16,16,16
bart,43,discovery,test,E→E,plus,8,16,16,16,0,0,0,0,0,16,0,8,8,0,0
bart,43,discovery,test,E→E,minus,8,16,16,16,0,0,0,0,0,16,0,8,8,0,0
bart,43,discovery,test,N→E,plus,8,16,16,16,16,16,8,0,0,0,0,8,8,8,8
bart,43,discovery,test,N→E,minus,8,16,16,16,16,16,8,0,0,0,0,8,8,8,8
bart,43,discovery,test,R→E,plus,8,16,16,16,16,16,8,0,0,0,0,8,8,8,8
bart,43,discovery,test,R→E,minus,8,16,16,16,16,16,8,0,0,0,0,8,8,8,8
bart,43,validation,test,E→E,plus,8,16,16,16,0,0,0,0,0,16,0,8,8,0,0
bart,43,validation,test,E→E,minus,8,16,16,16,0,0,0,0,0,16,0,8,8,0,0
bart,43,validation,test,N→E,plus,8,16,16,16,16,16,8,0,0,0,0,8,8,8,8
bart,43,validation,test,N→E,minus,8,16,16,16,16,16,8,0,0,0,0,8,8,8,8
bart,43,validation,test,R→E,plus,8,16,16,16,16,16,8,0,0,0,0,8,8,8,8
bart,43,validation,test,R→E,minus,8,16,16,16,16,16,8,0,0,0,0,8,8,8,8
bart,43,test,new,E→E,plus,84,168,168,168,0,0,0,0,0,168,0,84,84,0,0
bart,43,test,new,E→E,minus,84,168,168,168,0,0,0,0,0,168,0,84,84,0,0
bart,43,test,new,N→E,plus,84,168,168,168,168,168,84,0,0,0,0,84,84,84,84
bart,43,test,new,N→E,minus,84,168,168,168,168,168,84,0,0,0,0,84,84,84,84
bart,43,test,new,R→E,plus,84,168,168,168,168,168,84,0,0,0,0,84,84,84,84
bart,43,test,new,R→E,minus,84,168,168,168,168,168,84,0,0,0,0,84,84,84,84
bart,43,discovery,new,E→E,plus,76,152,152,152,0,0,0,0,0,152,0,76,76,0,0
bart,43,discovery,new,E→E,minus,76,152,152,152,0,0,0,0,0,152,0,76,76,0,0
bart,43,discovery,new,N→E,plus,76,152,152,152,152,152,76,0,0,0,0,76,76,76,76
bart,43,discovery,new,N→E,minus,76,152,152,152,152,152,76,0,0,0,0,76,76,76,76
bart,43,discovery,new,R→E,plus,76,152,152,152,152,152,76,0,0,0,0,76,76,76,76
bart,43,discovery,new,R→E,minus,76,152,152,152,152,152,76,0,0,0,0,76,76,76,76
bart,43,validation,new,E→E,plus,40,80,80,80,0,0,0,0,0,80,0,40,40,0,0
bart,43,validation,new,E→E,minus,40,80,80,80,0,0,0,0,0,80,0,40,40,0,0
bart,43,validation,new,N→E,plus,40,80,80,80,80,80,40,0,0,0,0,40,40,40,40
bart,43,validation,new,N→E,minus,40,80,80,80,80,80,40,0,0,0,0,40,40,40,40
bart,43,validation,new,R→E,plus,40,80,80,80,80,80,40,0,0,0,0,40,40,40,40
bart,43,validation,new,R→E,minus,40,80,80,80,80,80,40,0,0,0,0,40,40,40,40
bart,44,validation,dev,E→E,plus,5,10,10,10,0,0,0,0,0,10,0,5,5,0,0
bart,44,validation,dev,E→E,minus,5,10,10,10,0,0,0,0,0,10,0,5,5,0,0
bart,44,validation,dev,N→E,plus,5,10,10,10,10,10,5,0,0,0,0,5,5,5,5
bart,44,validation,dev,N→E,minus,5,10,10,10,10,10,5,0,0,0,0,5,5,5,5
bart,44,validation,dev,R→E,plus,5,10,10,10,10,10,5,0,0,0,0,5,5,5,5
bart,44,validation,dev,R→E,minus,5,10,10,10,10,10,5,0,0,0,0,5,5,5,5
bart,44,test,dev,E→E,plus,10,20,20,20,0,0,0,0,0,20,0,10,10,0,0
bart,44,test,dev,E→E,minus,10,20,20,20,0,0,0,0,0,20,0,10,10,0,0
bart,44,test,dev,N→E,plus,10,20,20,20,20,20,10,0,0,0,0,10,10,10,10
bart,44,test,dev,N→E,minus,10,20,20,20,20,20,10,0,0,0,0,10,10,10,10
bart,44,test,dev,R→E,plus,10,20,20,20,20,20,10,0,0,0,0,10,10,10,10
bart,44,test,dev,R→E,minus,10,20,20,20,20,20,10,0,0,0,0,10,10,10,10
bart,44,discovery,dev,E→E,plus,9,18,18,18,0,0,0,0,0,18,0,9,9,0,0
bart,44,discovery,dev,E→E,minus,9,18,18,18,0,0,0,0,0,18,0,9,9,0,0
bart,44,discovery,dev,N→E,plus,9,18,18,18,18,18,9,0,0,0,0,9,9,9,9
bart,44,discovery,dev,N→E,minus,9,18,18,18,18,18,9,0,0,0,0,9,9,9,9
bart,44,discovery,dev,R→E,plus,9,18,18,18,18,18,9,0,0,0,0,9,9,9,9
bart,44,discovery,dev,R→E,minus,9,18,18,18,18,18,9,0,0,0,0,9,9,9,9
bart,44,test,test,E→E,plus,16,32,32,32,0,0,0,0,0,32,0,16,16,0,0
bart,44,test,test,E→E,minus,16,32,32,32,0,0,0,0,0,32,0,16,16,0,0
bart,44,test,test,N→E,plus,16,32,32,32,32,32,16,0,0,0,0,16,16,16,16
bart,44,test,test,N→E,minus,16,32,32,32,32,32,16,0,0,0,0,16,16,16,16
bart,44,test,test,R→E,plus,16,32,32,32,32,32,16,0,0,0,0,16,16,16,16
bart,44,test,test,R→E,minus,16,32,32,32,32,32,16,0,0,0,0,16,16,16,16
bart,44,discovery,test,E→E,plus,8,16,16,16,0,0,0,0,0,16,0,8,8,0,0
bart,44,discovery,test,E→E,minus,8,16,16,16,0,0,0,0,0,16,0,8,8,0,0
bart,44,discovery,test,N→E,plus,8,16,16,16,16,16,8,0,0,0,0,8,8,8,8
bart,44,discovery,test,N→E,minus,8,16,16,16,16,16,8,0,0,0,0,8,8,8,8
bart,44,discovery,test,R→E,plus,8,16,16,16,16,16,8,0,0,0,0,8,8,8,8
bart,44,discovery,test,R→E,minus,8,16,16,16,16,16,8,0,0,0,0,8,8,8,8
bart,44,validation,test,E→E,plus,8,16,16,16,0,0,0,0,0,16,0,8,8,0,0
bart,44,validation,test,E→E,minus,8,16,16,16,0,0,0,0,0,16,0,8,8,0,0
bart,44,validation,test,N→E,plus,8,16,16,16,16,16,8,0,0,0,0,8,8,8,8
bart,44,validation,test,N→E,minus,8,16,16,16,16,16,8,0,0,0,0,8,8,8,8
bart,44,validation,test,R→E,plus,8,16,16,16,16,16,8,0,0,0,0,8,8,8,8
bart,44,validation,test,R→E,minus,8,16,16,16,16,16,8,0,0,0,0,8,8,8,8
bart,44,test,new,E→E,plus,84,168,168,168,0,0,0,0,0,168,0,84,84,0,0
bart,44,test,new,E→E,minus,84,168,168,168,0,0,0,0,0,168,0,84,84,0,0
bart,44,test,new,N→E,plus,84,168,168,168,168,168,84,0,0,0,0,84,84,84,84
bart,44,test,new,N→E,minus,84,168,168,168,168,168,84,0,0,0,0,84,84,84,84
bart,44,test,new,R→E,plus,84,168,168,168,168,168,84,0,0,0,0,84,84,84,84
bart,44,test,new,R→E,minus,84,168,168,168,168,168,84,0,0,0,0,84,84,84,84
bart,44,discovery,new,E→E,plus,76,152,152,152,0,0,0,0,0,152,0,76,76,0,0
bart,44,discovery,new,E→E,minus,76,152,152,152,0,0,0,0,0,152,0,76,76,0,0
bart,44,discovery,new,N→E,plus,76,152,152,152,152,152,76,0,0,0,0,76,76,76,76
bart,44,discovery,new,N→E,minus,76,152,152,152,152,152,76,0,0,0,0,76,76,76,76
bart,44,discovery,new,R→E,plus,76,152,152,152,152,152,76,0,0,0,0,76,76,76,76
bart,44,discovery,new,R→E,minus,76,152,152,152,152,152,76,0,0,0,0,76,76,76,76
bart,44,validation,new,E→E,plus,40,80,80,80,0,0,0,0,0,80,0,40,40,0,0
bart,44,validation,new,E→E,minus,40,80,80,80,0,0,0,0,0,80,0,40,40,0,0
bart,44,validation,new,N→E,plus,40,80,80,80,80,80,40,0,0,0,0,40,40,40,40
bart,44,validation,new,N→E,minus,40,80,80,80,80,80,40,0,0,0,0,40,40,40,40
bart,44,validation,new,R→E,plus,40,80,80,80,80,80,40,0,0,0,0,40,40,40,40
bart,44,validation,new,R→E,minus,40,80,80,80,80,80,40,0,0,0,0,40,40,40,40
t5gemma,42,validation,dev,E→E,plus,5,10,10,10,0,0,0,0,0,10,0,5,5,0,0
t5gemma,42,validation,dev,E→E,minus,5,10,10,10,0,0,0,0,0,10,0,5,5,0,0
t5gemma,42,validation,dev,N→E,plus,5,10,10,0,0,0,0,0,10,0,0,5,0,0,0
t5gemma,42,validation,dev,N→E,minus,5,10,10,0,0,0,0,0,10,0,0,5,0,0,0
t5gemma,42,validation,dev,R→E,plus,5,10,10,0,0,0,0,0,10,0,0,5,0,0,0
t5gemma,42,validation,dev,R→E,minus,5,10,10,0,0,0,0,0,10,0,0,5,0,0,0
t5gemma,42,test,dev,E→E,plus,10,20,20,20,0,0,0,0,0,20,0,10,10,0,0
t5gemma,42,test,dev,E→E,minus,10,20,20,20,0,0,0,0,0,20,0,10,10,0,0
t5gemma,42,test,dev,N→E,plus,10,20,20,0,0,0,0,0,20,0,0,10,0,0,0
t5gemma,42,test,dev,N→E,minus,10,20,20,0,0,0,0,0,20,0,0,10,0,0,0
t5gemma,42,test,dev,R→E,plus,10,20,20,0,0,0,0,0,20,0,0,10,0,0,0
t5gemma,42,test,dev,R→E,minus,10,20,20,0,0,0,0,0,20,0,0,10,0,0,0
t5gemma,42,discovery,dev,E→E,plus,9,18,18,18,0,0,0,0,0,18,0,9,9,0,0
t5gemma,42,discovery,dev,E→E,minus,9,18,18,18,0,0,0,0,0,18,0,9,9,0,0
t5gemma,42,discovery,dev,N→E,plus,9,18,18,0,0,0,0,0,18,0,0,9,0,0,0
t5gemma,42,discovery,dev,N→E,minus,9,18,18,0,0,0,0,0,18,0,0,9,0,0,0
t5gemma,42,discovery,dev,R→E,plus,9,18,18,0,0,0,0,0,18,0,0,9,0,0,0
t5gemma,42,discovery,dev,R→E,minus,9,18,18,0,0,0,0,0,18,0,0,9,0,0,0
t5gemma,42,test,test,E→E,plus,16,32,32,32,0,0,0,0,0,32,0,16,16,0,0
t5gemma,42,test,test,E→E,minus,16,32,32,32,0,0,0,0,0,32,0,16,16,0,0
t5gemma,42,test,test,N→E,plus,16,32,32,0,0,0,0,0,32,0,0,16,0,0,0
t5gemma,42,test,test,N→E,minus,16,32,32,0,0,0,0,0,32,0,0,16,0,0,0
t5gemma,42,test,test,R→E,plus,16,32,32,0,0,0,0,0,32,0,0,16,0,0,0
t5gemma,42,test,test,R→E,minus,16,32,32,0,0,0,0,0,32,0,0,16,0,0,0
t5gemma,42,discovery,test,E→E,plus,8,16,16,16,0,0,0,0,0,16,0,8,8,0,0
t5gemma,42,discovery,test,E→E,minus,8,16,16,16,0,0,0,0,0,16,0,8,8,0,0
t5gemma,42,discovery,test,N→E,plus,8,16,16,0,0,0,0,0,16,0,0,8,0,0,0
t5gemma,42,discovery,test,N→E,minus,8,16,16,0,0,0,0,0,16,0,0,8,0,0,0
t5gemma,42,discovery,test,R→E,plus,8,16,16,0,0,0,0,0,16,0,0,8,0,0,0
t5gemma,42,discovery,test,R→E,minus,8,16,16,0,0,0,0,0,16,0,0,8,0,0,0
t5gemma,42,validation,test,E→E,plus,8,16,16,16,0,0,0,0,0,16,0,8,8,0,0
t5gemma,42,validation,test,E→E,minus,8,16,16,16,0,0,0,0,0,16,0,8,8,0,0
t5gemma,42,validation,test,N→E,plus,8,16,16,0,0,0,0,0,16,0,0,8,0,0,0
t5gemma,42,validation,test,N→E,minus,8,16,16,0,0,0,0,0,16,0,0,8,0,0,0
t5gemma,42,validation,test,R→E,plus,8,16,16,0,0,0,0,0,16,0,0,8,0,0,0
t5gemma,42,validation,test,R→E,minus,8,16,16,0,0,0,0,0,16,0,0,8,0,0,0
t5gemma,42,test,new,E→E,plus,84,168,168,168,0,0,0,0,0,168,0,84,84,0,0
t5gemma,42,test,new,E→E,minus,84,168,168,168,0,0,0,0,0,168,0,84,84,0,0
t5gemma,42,test,new,N→E,plus,84,168,168,0,0,0,0,0,168,0,0,84,0,0,0
t5gemma,42,test,new,N→E,minus,84,168,168,0,0,0,0,0,168,0,0,84,0,0,0
t5gemma,42,test,new,R→E,plus,84,168,168,0,0,0,0,0,168,0,0,84,0,0,0
t5gemma,42,test,new,R→E,minus,84,168,168,0,0,0,0,0,168,0,0,84,0,0,0
t5gemma,42,discovery,new,E→E,plus,76,152,152,152,0,0,0,0,0,152,0,76,76,0,0
t5gemma,42,discovery,new,E→E,minus,76,152,152,152,0,0,0,0,0,152,0,76,76,0,0
t5gemma,42,discovery,new,N→E,plus,76,152,152,0,0,0,0,0,152,0,0,76,0,0,0
t5gemma,42,discovery,new,N→E,minus,76,152,152,0,0,0,0,0,152,0,0,76,0,0,0
t5gemma,42,discovery,new,R→E,plus,76,152,152,0,0,0,0,0,152,0,0,76,0,0,0
t5gemma,42,discovery,new,R→E,minus,76,152,152,0,0,0,0,0,152,0,0,76,0,0,0
t5gemma,42,validation,new,E→E,plus,40,80,80,80,0,0,0,0,0,80,0,40,40,0,0
t5gemma,42,validation,new,E→E,minus,40,80,80,80,0,0,0,0,0,80,0,40,40,0,0
t5gemma,42,validation,new,N→E,plus,40,80,80,0,0,0,0,0,80,0,0,40,0,0,0
t5gemma,42,validation,new,N→E,minus,40,80,80,0,0,0,0,0,80,0,0,40,0,0,0
t5gemma,42,validation,new,R→E,plus,40,80,80,0,0,0,0,0,80,0,0,40,0,0,0
t5gemma,42,validation,new,R→E,minus,40,80,80,0,0,0,0,0,80,0,0,40,0,0,0
t5gemma,43,validation,dev,E→E,plus,5,10,10,10,0,0,0,0,0,10,0,5,5,0,0
t5gemma,43,validation,dev,E→E,minus,5,10,10,10,0,0,0,0,0,10,0,5,5,0,0
t5gemma,43,validation,dev,N→E,plus,5,10,10,0,0,0,0,0,10,0,0,5,0,0,0
t5gemma,43,validation,dev,N→E,minus,5,10,10,0,0,0,0,0,10,0,0,5,0,0,0
t5gemma,43,validation,dev,R→E,plus,5,10,10,0,0,0,0,0,10,0,0,5,0,0,0
t5gemma,43,validation,dev,R→E,minus,5,10,10,0,0,0,0,0,10,0,0,5,0,0,0
t5gemma,43,test,dev,E→E,plus,10,20,20,20,0,0,0,0,0,20,0,10,10,0,0
t5gemma,43,test,dev,E→E,minus,10,20,20,20,0,0,0,0,0,20,0,10,10,0,0
t5gemma,43,test,dev,N→E,plus,10,20,20,0,0,0,0,0,20,0,0,10,0,0,0
t5gemma,43,test,dev,N→E,minus,10,20,20,0,0,0,0,0,20,0,0,10,0,0,0
t5gemma,43,test,dev,R→E,plus,10,20,20,0,0,0,0,0,20,0,0,10,0,0,0
t5gemma,43,test,dev,R→E,minus,10,20,20,0,0,0,0,0,20,0,0,10,0,0,0
t5gemma,43,discovery,dev,E→E,plus,9,18,18,18,0,0,0,0,0,18,0,9,9,0,0
t5gemma,43,discovery,dev,E→E,minus,9,18,18,18,0,0,0,0,0,18,0,9,9,0,0
t5gemma,43,discovery,dev,N→E,plus,9,18,18,0,0,0,0,0,18,0,0,9,0,0,0
t5gemma,43,discovery,dev,N→E,minus,9,18,18,0,0,0,0,0,18,0,0,9,0,0,0
t5gemma,43,discovery,dev,R→E,plus,9,18,18,0,0,0,0,0,18,0,0,9,0,0,0
t5gemma,43,discovery,dev,R→E,minus,9,18,18,0,0,0,0,0,18,0,0,9,0,0,0
t5gemma,43,test,test,E→E,plus,16,32,32,32,0,0,0,0,0,32,0,16,16,0,0
t5gemma,43,test,test,E→E,minus,16,32,32,32,0,0,0,0,0,32,0,16,16,0,0
t5gemma,43,test,test,N→E,plus,16,32,32,0,0,0,0,0,32,0,0,16,0,0,0
t5gemma,43,test,test,N→E,minus,16,32,32,0,0,0,0,0,32,0,0,16,0,0,0
t5gemma,43,test,test,R→E,plus,16,32,32,0,0,0,0,0,32,0,0,16,0,0,0
t5gemma,43,test,test,R→E,minus,16,32,32,0,0,0,0,0,32,0,0,16,0,0,0
t5gemma,43,discovery,test,E→E,plus,8,16,16,16,0,0,0,0,0,16,0,8,8,0,0
t5gemma,43,discovery,test,E→E,minus,8,16,16,16,0,0,0,0,0,16,0,8,8,0,0
t5gemma,43,discovery,test,N→E,plus,8,16,16,0,0,0,0,0,16,0,0,8,0,0,0
t5gemma,43,discovery,test,N→E,minus,8,16,16,0,0,0,0,0,16,0,0,8,0,0,0
t5gemma,43,discovery,test,R→E,plus,8,16,16,0,0,0,0,0,16,0,0,8,0,0,0
t5gemma,43,discovery,test,R→E,minus,8,16,16,0,0,0,0,0,16,0,0,8,0,0,0
t5gemma,43,validation,test,E→E,plus,8,16,16,16,0,0,0,0,0,16,0,8,8,0,0
t5gemma,43,validation,test,E→E,minus,8,16,16,16,0,0,0,0,0,16,0,8,8,0,0
t5gemma,43,validation,test,N→E,plus,8,16,16,0,0,0,0,0,16,0,0,8,0,0,0
t5gemma,43,validation,test,N→E,minus,8,16,16,0,0,0,0,0,16,0,0,8,0,0,0
t5gemma,43,validation,test,R→E,plus,8,16,16,0,0,0,0,0,16,0,0,8,0,0,0
t5gemma,43,validation,test,R→E,minus,8,16,16,0,0,0,0,0,16,0,0,8,0,0,0
t5gemma,43,test,new,E→E,plus,84,168,168,168,0,0,0,0,0,168,0,84,84,0,0
t5gemma,43,test,new,E→E,minus,84,168,168,168,0,0,0,0,0,168,0,84,84,0,0
t5gemma,43,test,new,N→E,plus,84,168,168,0,0,0,0,0,168,0,0,84,0,0,0
t5gemma,43,test,new,N→E,minus,84,168,168,0,0,0,0,0,168,0,0,84,0,0,0
t5gemma,43,test,new,R→E,plus,84,168,168,0,0,0,0,0,168,0,0,84,0,0,0
t5gemma,43,test,new,R→E,minus,84,168,168,0,0,0,0,0,168,0,0,84,0,0,0
t5gemma,43,discovery,new,E→E,plus,76,152,152,152,0,0,0,0,0,152,0,76,76,0,0
t5gemma,43,discovery,new,E→E,minus,76,152,152,152,0,0,0,0,0,152,0,76,76,0,0
t5gemma,43,discovery,new,N→E,plus,76,152,152,0,0,0,0,0,152,0,0,76,0,0,0
t5gemma,43,discovery,new,N→E,minus,76,152,152,0,0,0,0,0,152,0,0,76,0,0,0
t5gemma,43,discovery,new,R→E,plus,76,152,152,0,0,0,0,0,152,0,0,76,0,0,0
t5gemma,43,discovery,new,R→E,minus,76,152,152,0,0,0,0,0,152,0,0,76,0,0,0
t5gemma,43,validation,new,E→E,plus,40,80,80,80,0,0,0,0,0,80,0,40,40,0,0
t5gemma,43,validation,new,E→E,minus,40,80,80,80,0,0,0,0,0,80,0,40,40,0,0
t5gemma,43,validation,new,N→E,plus,40,80,80,0,0,0,0,0,80,0,0,40,0,0,0
t5gemma,43,validation,new,N→E,minus,40,80,80,0,0,0,0,0,80,0,0,40,0,0,0
t5gemma,43,validation,new,R→E,plus,40,80,80,0,0,0,0,0,80,0,0,40,0,0,0
t5gemma,43,validation,new,R→E,minus,40,80,80,0,0,0,0,0,80,0,0,40,0,0,0
t5gemma,44,validation,dev,E→E,plus,5,10,10,10,0,0,0,0,0,10,0,5,5,0,0
t5gemma,44,validation,dev,E→E,minus,5,10,10,10,0,0,0,0,0,10,0,5,5,0,0
t5gemma,44,validation,dev,N→E,plus,5,10,10,0,0,0,0,0,10,0,0,5,0,0,0
t5gemma,44,validation,dev,N→E,minus,5,10,10,0,0,0,0,0,10,0,0,5,0,0,0
t5gemma,44,validation,dev,R→E,plus,5,10,10,0,0,0,0,0,10,0,0,5,0,0,0
t5gemma,44,validation,dev,R→E,minus,5,10,10,0,0,0,0,0,10,0,0,5,0,0,0
t5gemma,44,test,dev,E→E,plus,10,20,20,20,0,0,0,0,0,20,0,10,10,0,0
t5gemma,44,test,dev,E→E,minus,10,20,20,20,0,0,0,0,0,20,0,10,10,0,0
t5gemma,44,test,dev,N→E,plus,10,20,20,0,0,0,0,0,20,0,0,10,0,0,0
t5gemma,44,test,dev,N→E,minus,10,20,20,0,0,0,0,0,20,0,0,10,0,0,0
t5gemma,44,test,dev,R→E,plus,10,20,20,0,0,0,0,0,20,0,0,10,0,0,0
t5gemma,44,test,dev,R→E,minus,10,20,20,0,0,0,0,0,20,0,0,10,0,0,0
t5gemma,44,discovery,dev,E→E,plus,9,18,18,18,0,0,0,0,0,18,0,9,9,0,0
t5gemma,44,discovery,dev,E→E,minus,9,18,18,18,0,0,0,0,0,18,0,9,9,0,0
t5gemma,44,discovery,dev,N→E,plus,9,18,18,0,0,0,0,0,18,0,0,9,0,0,0
t5gemma,44,discovery,dev,N→E,minus,9,18,18,0,0,0,0,0,18,0,0,9,0,0,0
t5gemma,44,discovery,dev,R→E,plus,9,18,18,0,0,0,0,0,18,0,0,9,0,0,0
t5gemma,44,discovery,dev,R→E,minus,9,18,18,0,0,0,0,0,18,0,0,9,0,0,0
t5gemma,44,test,test,E→E,plus,16,32,32,32,0,0,0,0,0,32,0,16,16,0,0
t5gemma,44,test,test,E→E,minus,16,32,32,32,0,0,0,0,0,32,0,16,16,0,0
t5gemma,44,test,test,N→E,plus,16,32,32,0,0,0,0,0,32,0,0,16,0,0,0
t5gemma,44,test,test,N→E,minus,16,32,32,0,0,0,0,0,32,0,0,16,0,0,0
t5gemma,44,test,test,R→E,plus,16,32,32,0,0,0,0,0,32,0,0,16,0,0,0
t5gemma,44,test,test,R→E,minus,16,32,32,0,0,0,0,0,32,0,0,16,0,0,0
t5gemma,44,discovery,test,E→E,plus,8,16,16,16,0,0,0,0,0,16,0,8,8,0,0
t5gemma,44,discovery,test,E→E,minus,8,16,16,16,0,0,0,0,0,16,0,8,8,0,0
t5gemma,44,discovery,test,N→E,plus,8,16,16,0,0,0,0,0,16,0,0,8,0,0,0
t5gemma,44,discovery,test,N→E,minus,8,16,16,0,0,0,0,0,16,0,0,8,0,0,0
t5gemma,44,discovery,test,R→E,plus,8,16,16,0,0,0,0,0,16,0,0,8,0,0,0
t5gemma,44,discovery,test,R→E,minus,8,16,16,0,0,0,0,0,16,0,0,8,0,0,0
t5gemma,44,validation,test,E→E,plus,8,16,16,16,0,0,0,0,0,16,0,8,8,0,0
t5gemma,44,validation,test,E→E,minus,8,16,16,16,0,0,0,0,0,16,0,8,8,0,0
t5gemma,44,validation,test,N→E,plus,8,16,16,0,0,0,0,0,16,0,0,8,0,0,0
t5gemma,44,validation,test,N→E,minus,8,16,16,0,0,0,0,0,16,0,0,8,0,0,0
t5gemma,44,validation,test,R→E,plus,8,16,16,0,0,0,0,0,16,0,0,8,0,0,0
t5gemma,44,validation,test,R→E,minus,8,16,16,0,0,0,0,0,16,0,0,8,0,0,0
t5gemma,44,test,new,E→E,plus,84,168,168,168,0,0,0,0,0,168,0,84,84,0,0
t5gemma,44,test,new,E→E,minus,84,168,168,168,0,0,0,0,0,168,0,84,84,0,0
t5gemma,44,test,new,N→E,plus,84,168,168,0,0,0,0,0,168,0,0,84,0,0,0
t5gemma,44,test,new,N→E,minus,84,168,168,0,0,0,0,0,168,0,0,84,0,0,0
t5gemma,44,test,new,R→E,plus,84,168,168,0,0,0,0,0,168,0,0,84,0,0,0
t5gemma,44,test,new,R→E,minus,84,168,168,0,0,0,0,0,168,0,0,84,0,0,0
t5gemma,44,discovery,new,E→E,plus,76,152,152,152,0,0,0,0,0,152,0,76,76,0,0
t5gemma,44,discovery,new,E→E,minus,76,152,152,152,0,0,0,0,0,152,0,76,76,0,0
t5gemma,44,discovery,new,N→E,plus,76,152,152,0,0,0,0,0,152,0,0,76,0,0,0
t5gemma,44,discovery,new,N→E,minus,76,152,152,0,0,0,0,0,152,0,0,76,0,0,0
t5gemma,44,discovery,new,R→E,plus,76,152,152,0,0,0,0,0,152,0,0,76,0,0,0
t5gemma,44,discovery,new,R→E,minus,76,152,152,0,0,0,0,0,152,0,0,76,0,0,0
t5gemma,44,validation,new,E→E,plus,40,80,80,80,0,0,0,0,0,80,0,40,40,0,0
t5gemma,44,validation,new,E→E,minus,40,80,80,80,0,0,0,0,0,80,0,40,40,0,0
t5gemma,44,validation,new,N→E,plus,40,80,80,0,0,0,0,0,80,0,0,40,0,0,0
t5gemma,44,validation,new,N→E,minus,40,80,80,0,0,0,0,0,80,0,0,40,0,0,0
t5gemma,44,validation,new,R→E,plus,40,80,80,0,0,0,0,0,80,0,0,40,0,0,0
t5gemma,44,validation,new,R→E,minus,40,80,80,0,0,0,0,0,80,0,0,40,0,0,0
