model,editor_seed,method,n_worlds,C0,exact_preservation,R1,patch_norm,relative_patch_norm,other_operation_success,C1
bart,42,bad,80,1.0,1.0,0.0,0.0,0.0,0.0,0.0
bart,42,full,80,1.0,1.0,1.0,14.601882576942444,0.5264062225818634,1.0,1.0
bart,42,global_a0,80,1.0,1.0,0.0,0.0,0.0,,0.0
bart,42,global_a0.25,80,1.0,1.0,0.0,3.650470644235611,0.1236227604560554,,0.0
bart,42,global_a0.5,80,1.0,1.0,0.0,7.300941288471222,0.25635108854621647,0.0,0.0
bart,42,global_a1.0,80,1.0,1.0,1.0,14.601882576942444,0.5264062225818634,,1.0
bart,42,good,80,1.0,1.0,1.0,14.601882576942444,0.5264062225818634,1.0,1.0
bart,42,noop,80,1.0,1.0,0.0,0.0,0.0,,0.0
bart,42,pca_k4_a1.0,80,1.0,1.0,1.0,14.149148762226105,0.5077369656413794,1.0,1.0
bart,42,random_pca_k4_a1.0_8seed_mean,80,0.2171875,0.2171875,0.0,14.149148793518544,0.41921636639162896,0.0,0.0
bart,42,random_read_k1_a0.25_8seed_mean,80,1.0,1.0,0.0,0.4923343314789236,0.015895283716963603,,0.0
bart,42,read_k1_a0.25,80,1.0,1.0,0.0,0.49233433194458487,0.015909080998972057,,0.0
bart,42,reverse_pca_k4_a1.0,80,1.0,1.0,0.0,14.149148762226105,0.4584893938153982,,0.0
bart,42,reverse_read_k1_a0.25,80,1.0,1.0,1.0,0.49233433194458487,0.017745227669365704,,1.0
bart,42,self,80,1.0,1.0,0.0,0.0,0.0,,0.0
bart,43,bad,80,1.0,1.0,0.0,0.0,0.0,0.0,0.0
bart,43,full,80,1.0,1.0,1.0,13.501190018653869,0.4867223460227251,1.0,1.0
bart,43,global_a0,80,1.0,1.0,0.0,0.0,0.0,,0.0
bart,43,global_a0.25,80,0.975,0.975,0.0,3.3752975046634672,0.1155771991237998,,0.0
bart,43,global_a0.5,80,1.0,1.0,0.0,6.7505950093269345,0.23833245486021043,0.0,0.0
bart,43,global_a1.0,80,1.0,1.0,1.0,13.501190018653869,0.4867223460227251,,1.0
bart,43,good,80,1.0,1.0,1.0,13.501190018653869,0.4867223460227251,1.0,1.0
bart,43,noop,80,1.0,1.0,0.0,0.0,0.0,,0.0
bart,43,pca_k4_a1.0,80,1.0,1.0,1.0,12.986773610115051,0.46708561591804026,1.0,1.0
bart,43,random_pca_k4_a1.0_8seed_mean,80,0.1,0.1,0.0,12.986773644387721,0.39552817135117946,0.0,0.0
bart,43,random_read_k1_a0.25_8seed_mean,80,1.0,1.0,0.0,0.42996913702227174,0.014129316930484493,,0.0
bart,43,read_k1_a0.25,80,1.0,1.0,0.0,0.4299691367894411,0.014128262002486736,,0.0
bart,43,reverse_pca_k4_a1.0,80,1.0,1.0,0.0,12.986773610115051,0.42754265256226065,,0.0
bart,43,reverse_read_k1_a0.25,80,1.0,1.0,1.0,0.4299691367894411,0.015511688042897731,,1.0
bart,43,self,80,1.0,1.0,0.0,0.0,0.0,,0.0
bart,44,bad,80,1.0,1.0,0.0,0.0,0.0,0.0,0.0
bart,44,full,80,1.0,1.0,1.0,13.842229998111724,0.4990146692842245,1.0,1.0
bart,44,global_a0,80,1.0,1.0,0.0,0.0,0.0,,0.0
bart,44,global_a0.25,80,1.0,1.0,0.0,3.460557499527931,0.11798045393079519,,0.0
bart,44,global_a0.5,80,1.0,1.0,0.0,6.921114999055862,0.24377251230180264,0.0,0.0
bart,44,global_a1.0,80,1.0,1.0,1.0,13.842229998111724,0.4990146692842245,,1.0
bart,44,good,80,1.0,1.0,1.0,13.842229998111724,0.4990146692842245,1.0,1.0
bart,44,noop,80,1.0,1.0,0.0,0.0,0.0,,0.0
bart,44,pca_k4_a1.0,80,1.0,1.0,1.0,13.25272411108017,0.4747099630534649,1.0,1.0
bart,44,random_pca_k4_a1.0_8seed_mean,80,0.2421875,0.2421875,0.0,13.25272412598133,0.40097008529119194,0.0,0.0
bart,44,random_read_k1_a0.25_8seed_mean,80,1.0,1.0,0.0,0.38304830631241205,0.012504618809907697,,0.0
bart,44,read_k1_a0.25,80,1.0,1.0,0.0,0.38304830752313135,0.012510243046563119,,0.0
bart,44,reverse_pca_k4_a1.0,80,1.0,1.0,0.0,13.25272411108017,0.43489084132015704,,0.0
bart,44,reverse_read_k1_a0.25,80,1.0,1.0,1.0,0.38304830752313135,0.013808229577261955,,1.0
bart,44,self,80,1.0,1.0,0.0,0.0,0.0,,0.0
