path,split,world_id,step,gold_offset,edited_gold_probe_offset,reset_gold_probe_offset,gold_encoder_probe_offset,decoded_success,reset_decoded_success
pure_latent,test_iid,v3_confirmation_test_iid_0000,1,0,1,0,0,True,True
pure_latent,test_iid,v3_confirmation_test_iid_0002,1,0,1,0,0,True,True
pure_latent,test_iid,v3_confirmation_test_iid_0003,1,0,1,0,0,True,True
pure_latent,test_iid,v3_confirmation_test_iid_0005,1,0,1,0,0,True,True
pure_latent,test_iid,v3_confirmation_test_iid_0006,1,0,1,0,0,True,True
pure_latent,test_iid,v3_confirmation_test_iid_0008,1,0,1,0,0,True,True
pure_latent,test_iid,v3_confirmation_test_iid_0009,1,0,1,0,0,True,True
pure_latent,test_iid,v3_confirmation_test_iid_0011,1,0,1,0,0,True,True
pure_latent,test_iid,v3_confirmation_test_iid_0012,1,0,1,0,0,True,True
pure_latent,test_iid,v3_confirmation_test_iid_0014,1,0,1,0,0,True,True
pure_latent,test_iid,v3_confirmation_test_iid_0015,1,0,1,0,0,True,True
pure_latent,test_iid,v3_confirmation_test_iid_0017,1,0,1,0,0,True,True
pure_latent,test_iid,v3_confirmation_test_iid_0018,1,0,1,0,0,True,True
pure_latent,test_iid,v3_confirmation_test_iid_0020,1,0,1,0,0,True,True
pure_latent,test_iid,v3_confirmation_test_iid_0021,1,0,1,0,0,True,True
pure_latent,test_iid,v3_confirmation_test_iid_0023,1,0,1,0,0,True,True
pure_latent,test_iid,v3_confirmation_test_iid_0024,1,0,1,0,0,True,True
pure_latent,test_iid,v3_confirmation_test_iid_0026,1,0,1,0,0,True,True
pure_latent,test_iid,v3_confirmation_test_iid_0027,1,0,1,0,0,True,True
pure_latent,test_iid,v3_confirmation_test_iid_0029,1,0,1,0,0,True,True
pure_latent,test_iid,v3_confirmation_test_iid_0030,1,0,1,0,0,True,True
pure_latent,test_iid,v3_confirmation_test_iid_0032,1,0,1,0,0,True,True
pure_latent,test_iid,v3_confirmation_test_iid_0033,1,0,1,0,0,True,True
pure_latent,test_iid,v3_confirmation_test_iid_0035,1,0,1,0,0,True,True
pure_latent,test_iid,v3_confirmation_test_iid_0036,1,0,1,0,0,True,True
pure_latent,test_iid,v3_confirmation_test_iid_0038,1,0,1,0,0,True,True
pure_latent,test_iid,v3_confirmation_test_iid_0039,1,0,1,0,0,True,True
pure_latent,test_iid,v3_confirmation_test_iid_0041,1,0,1,0,0,True,True
pure_latent,test_iid,v3_confirmation_test_iid_0042,1,0,1,0,0,True,True
pure_latent,test_iid,v3_confirmation_test_iid_0044,1,0,1,0,0,True,True
pure_latent,test_iid,v3_confirmation_test_iid_0045,1,0,1,0,0,True,True
pure_latent,test_iid,v3_confirmation_test_iid_0047,1,0,1,0,0,True,True
pure_latent,test_iid,v3_confirmation_test_iid_0048,1,0,1,0,0,True,True
pure_latent,test_iid,v3_confirmation_test_iid_0050,1,0,1,0,0,True,True
pure_latent,test_iid,v3_confirmation_test_iid_0051,1,0,1,0,0,True,True
pure_latent,test_iid,v3_confirmation_test_iid_0053,1,0,1,0,0,True,True
pure_latent,test_iid,v3_confirmation_test_iid_0054,1,0,1,0,0,True,True
pure_latent,test_iid,v3_confirmation_test_iid_0056,1,0,1,0,0,True,True
pure_latent,test_iid,v3_confirmation_test_iid_0057,1,0,1,0,0,True,True
pure_latent,test_iid,v3_confirmation_test_iid_0059,1,0,1,0,0,True,True
pure_latent,test_iid,v3_confirmation_test_iid_0060,1,0,1,0,0,True,True
pure_latent,test_iid,v3_confirmation_test_iid_0062,1,0,1,0,0,True,True
pure_latent,test_iid,v3_confirmation_test_iid_0063,1,0,1,0,0,True,True
pure_latent,test_iid,v3_confirmation_test_iid_0065,1,0,1,0,0,True,True
pure_latent,test_iid,v3_confirmation_test_iid_0066,1,0,1,0,0,True,True
pure_latent,test_iid,v3_confirmation_test_iid_0068,1,0,1,0,0,True,True
pure_latent,test_iid,v3_confirmation_test_iid_0069,1,0,1,0,0,True,True
pure_latent,test_iid,v3_confirmation_test_iid_0071,1,0,1,0,0,True,True
pure_latent,test_iid,v3_confirmation_test_iid_0072,1,0,1,0,0,True,True
pure_latent,test_iid,v3_confirmation_test_iid_0074,1,0,1,0,0,True,True
pure_latent,test_iid,v3_confirmation_test_iid_0075,1,0,1,0,0,True,True
pure_latent,test_iid,v3_confirmation_test_iid_0077,1,0,1,0,0,True,True
pure_latent,test_iid,v3_confirmation_test_iid_0078,1,0,1,0,0,True,True
pure_latent,test_iid,v3_confirmation_test_iid_0000,2,-1,1,-1,-1,True,True
pure_latent,test_iid,v3_confirmation_test_iid_0002,2,-1,1,-1,-1,True,True
pure_latent,test_iid,v3_confirmation_test_iid_0003,2,-1,1,-1,-1,True,True
pure_latent,test_iid,v3_confirmation_test_iid_0005,2,-1,1,-1,-1,True,True
pure_latent,test_iid,v3_confirmation_test_iid_0006,2,-1,1,-1,-1,True,True
pure_latent,test_iid,v3_confirmation_test_iid_0008,2,-1,1,-1,-1,True,True
pure_latent,test_iid,v3_confirmation_test_iid_0009,2,-1,1,-1,-1,True,True
pure_latent,test_iid,v3_confirmation_test_iid_0011,2,-1,1,-1,-1,True,True
pure_latent,test_iid,v3_confirmation_test_iid_0012,2,-1,1,-1,-1,True,True
pure_latent,test_iid,v3_confirmation_test_iid_0014,2,-1,1,-1,-1,True,True
pure_latent,test_iid,v3_confirmation_test_iid_0015,2,-1,1,-1,-1,True,True
pure_latent,test_iid,v3_confirmation_test_iid_0017,2,-1,1,-1,-1,True,True
pure_latent,test_iid,v3_confirmation_test_iid_0018,2,-1,1,-1,-1,True,True
pure_latent,test_iid,v3_confirmation_test_iid_0020,2,-1,1,-1,-1,True,True
pure_latent,test_iid,v3_confirmation_test_iid_0021,2,-1,1,-1,-1,True,True
pure_latent,test_iid,v3_confirmation_test_iid_0023,2,-1,1,-1,-1,True,True
pure_latent,test_iid,v3_confirmation_test_iid_0024,2,-1,1,-1,-1,True,True
pure_latent,test_iid,v3_confirmation_test_iid_0026,2,-1,1,-1,-1,True,True
pure_latent,test_iid,v3_confirmation_test_iid_0027,2,-1,1,-1,-1,True,True
pure_latent,test_iid,v3_confirmation_test_iid_0029,2,-1,1,-1,-1,True,True
pure_latent,test_iid,v3_confirmation_test_iid_0030,2,-1,1,-1,-1,True,True
pure_latent,test_iid,v3_confirmation_test_iid_0032,2,-1,1,-1,-1,True,True
pure_latent,test_iid,v3_confirmation_test_iid_0033,2,-1,1,-1,-1,True,True
pure_latent,test_iid,v3_confirmation_test_iid_0035,2,-1,1,-1,-1,True,True
pure_latent,test_iid,v3_confirmation_test_iid_0036,2,-1,1,-1,-1,True,True
pure_latent,test_iid,v3_confirmation_test_iid_0038,2,-1,1,-1,-1,True,True
pure_latent,test_iid,v3_confirmation_test_iid_0039,2,-1,1,-1,-1,True,True
pure_latent,test_iid,v3_confirmation_test_iid_0041,2,-1,1,-1,-1,True,True
pure_latent,test_iid,v3_confirmation_test_iid_0042,2,-1,1,-1,-1,True,True
pure_latent,test_iid,v3_confirmation_test_iid_0044,2,-1,1,-1,-1,True,True
pure_latent,test_iid,v3_confirmation_test_iid_0045,2,-1,1,-1,-1,True,True
pure_latent,test_iid,v3_confirmation_test_iid_0047,2,-1,1,-1,-1,True,True
pure_latent,test_iid,v3_confirmation_test_iid_0048,2,-1,1,-1,-1,True,True
pure_latent,test_iid,v3_confirmation_test_iid_0050,2,-1,1,-1,-1,True,True
pure_latent,test_iid,v3_confirmation_test_iid_0051,2,-1,1,-1,-1,True,True
pure_latent,test_iid,v3_confirmation_test_iid_0053,2,-1,1,-1,-1,True,True
pure_latent,test_iid,v3_confirmation_test_iid_0054,2,-1,1,-1,-1,True,True
pure_latent,test_iid,v3_confirmation_test_iid_0056,2,-1,1,-1,-1,True,True
pure_latent,test_iid,v3_confirmation_test_iid_0057,2,-1,1,-1,-1,True,True
pure_latent,test_iid,v3_confirmation_test_iid_0059,2,-1,1,-1,-1,True,True
pure_latent,test_iid,v3_confirmation_test_iid_0060,2,-1,1,-1,-1,True,True
pure_latent,test_iid,v3_confirmation_test_iid_0062,2,-1,1,-1,-1,True,True
pure_latent,test_iid,v3_confirmation_test_iid_0063,2,-1,1,-1,-1,True,True
pure_latent,test_iid,v3_confirmation_test_iid_0065,2,-1,1,-1,-1,True,True
pure_latent,test_iid,v3_confirmation_test_iid_0066,2,-1,1,-1,-1,True,True
pure_latent,test_iid,v3_confirmation_test_iid_0068,2,-1,1,-1,-1,True,True
pure_latent,test_iid,v3_confirmation_test_iid_0069,2,-1,1,-1,-1,True,True
pure_latent,test_iid,v3_confirmation_test_iid_0071,2,-1,1,-1,-1,True,True
pure_latent,test_iid,v3_confirmation_test_iid_0072,2,-1,1,-1,-1,True,True
pure_latent,test_iid,v3_confirmation_test_iid_0074,2,-1,1,-1,-1,True,True
pure_latent,test_iid,v3_confirmation_test_iid_0075,2,-1,1,-1,-1,True,True
pure_latent,test_iid,v3_confirmation_test_iid_0077,2,-1,1,-1,-1,True,True
pure_latent,test_iid,v3_confirmation_test_iid_0078,2,-1,1,-1,-1,True,True
pure_latent,test_iid,v3_confirmation_test_iid_0000,3,-2,-3,-2,-2,True,True
pure_latent,test_iid,v3_confirmation_test_iid_0002,3,-2,-3,-2,-2,True,True
pure_latent,test_iid,v3_confirmation_test_iid_0003,3,-2,-3,-2,-2,True,True
pure_latent,test_iid,v3_confirmation_test_iid_0005,3,-2,-3,-2,-2,True,True
pure_latent,test_iid,v3_confirmation_test_iid_0006,3,-2,-3,-2,-2,True,True
pure_latent,test_iid,v3_confirmation_test_iid_0008,3,-2,-3,-2,-2,True,True
pure_latent,test_iid,v3_confirmation_test_iid_0009,3,-2,-3,-1,-2,False,False
pure_latent,test_iid,v3_confirmation_test_iid_0011,3,-2,-3,-3,-2,False,False
pure_latent,test_iid,v3_confirmation_test_iid_0012,3,-2,-3,-3,-2,False,False
pure_latent,test_iid,v3_confirmation_test_iid_0014,3,-2,-3,-2,-2,True,True
pure_latent,test_iid,v3_confirmation_test_iid_0015,3,-2,-3,-3,-2,False,False
pure_latent,test_iid,v3_confirmation_test_iid_0017,3,-2,-3,-1,-2,False,False
pure_latent,test_iid,v3_confirmation_test_iid_0018,3,-2,-3,-2,-2,True,True
pure_latent,test_iid,v3_confirmation_test_iid_0020,3,-2,-3,-1,-2,False,False
pure_latent,test_iid,v3_confirmation_test_iid_0021,3,-2,-3,-2,-2,True,True
pure_latent,test_iid,v3_confirmation_test_iid_0023,3,-2,-3,-2,-2,True,True
pure_latent,test_iid,v3_confirmation_test_iid_0024,3,-2,-3,-2,-2,True,True
pure_latent,test_iid,v3_confirmation_test_iid_0026,3,-2,-3,-2,-2,False,False
pure_latent,test_iid,v3_confirmation_test_iid_0027,3,-2,-3,-2,-2,True,True
pure_latent,test_iid,v3_confirmation_test_iid_0029,3,-2,-3,-2,-2,True,True
pure_latent,test_iid,v3_confirmation_test_iid_0030,3,-2,-3,-2,-2,True,True
pure_latent,test_iid,v3_confirmation_test_iid_0032,3,-2,-3,-2,-2,True,True
pure_latent,test_iid,v3_confirmation_test_iid_0033,3,-2,-3,-2,-2,False,False
pure_latent,test_iid,v3_confirmation_test_iid_0035,3,-2,-3,-2,-2,False,False
pure_latent,test_iid,v3_confirmation_test_iid_0036,3,-2,-3,-3,-2,False,False
pure_latent,test_iid,v3_confirmation_test_iid_0038,3,-2,-3,-2,-2,True,True
pure_latent,test_iid,v3_confirmation_test_iid_0039,3,-2,-3,-3,-2,False,False
pure_latent,test_iid,v3_confirmation_test_iid_0041,3,-2,-3,-3,-2,False,False
pure_latent,test_iid,v3_confirmation_test_iid_0042,3,-2,-3,-2,-2,True,True
pure_latent,test_iid,v3_confirmation_test_iid_0044,3,-2,-3,-2,-2,True,True
pure_latent,test_iid,v3_confirmation_test_iid_0045,3,-2,-3,-2,-2,True,True
pure_latent,test_iid,v3_confirmation_test_iid_0047,3,-2,-3,-2,-2,True,True
pure_latent,test_iid,v3_confirmation_test_iid_0048,3,-2,-3,-2,-2,True,True
pure_latent,test_iid,v3_confirmation_test_iid_0050,3,-2,-3,-2,-2,True,True
pure_latent,test_iid,v3_confirmation_test_iid_0051,3,-2,-3,-2,-2,True,True
pure_latent,test_iid,v3_confirmation_test_iid_0053,3,-2,-3,-2,-2,True,True
pure_latent,test_iid,v3_confirmation_test_iid_0054,3,-2,-3,-2,-2,True,True
pure_latent,test_iid,v3_confirmation_test_iid_0056,3,-2,-3,-1,-2,False,False
pure_latent,test_iid,v3_confirmation_test_iid_0057,3,-2,-3,-2,-2,False,False
pure_latent,test_iid,v3_confirmation_test_iid_0059,3,-2,-3,-1,-2,False,False
pure_latent,test_iid,v3_confirmation_test_iid_0060,3,-2,-3,-2,-2,False,False
pure_latent,test_iid,v3_confirmation_test_iid_0062,3,-2,-3,-2,-2,True,True
pure_latent,test_iid,v3_confirmation_test_iid_0063,3,-2,-3,0,-2,False,False
pure_latent,test_iid,v3_confirmation_test_iid_0065,3,-2,-3,0,-2,False,False
pure_latent,test_iid,v3_confirmation_test_iid_0066,3,-2,-3,-2,-2,False,False
pure_latent,test_iid,v3_confirmation_test_iid_0068,3,-2,-3,-2,-2,True,True
pure_latent,test_iid,v3_confirmation_test_iid_0069,3,-2,-3,-2,-2,True,True
pure_latent,test_iid,v3_confirmation_test_iid_0071,3,-2,-3,-2,-2,True,True
pure_latent,test_iid,v3_confirmation_test_iid_0072,3,-2,-3,-2,-2,True,True
pure_latent,test_iid,v3_confirmation_test_iid_0074,3,-2,-3,-2,-2,True,True
pure_latent,test_iid,v3_confirmation_test_iid_0075,3,-2,-3,-2,-2,True,True
pure_latent,test_iid,v3_confirmation_test_iid_0077,3,-2,-3,-2,-2,True,True
pure_latent,test_iid,v3_confirmation_test_iid_0078,3,-2,-3,-1,-2,False,False
pure_latent,test_iid,v3_confirmation_test_iid_0000,4,-3,-3,-4,-3,False,False
pure_latent,test_iid,v3_confirmation_test_iid_0002,4,-3,-3,-4,-3,False,False
pure_latent,test_iid,v3_confirmation_test_iid_0003,4,-3,-3,-4,-3,False,False
pure_latent,test_iid,v3_confirmation_test_iid_0005,4,-3,-3,-4,-3,False,False
pure_latent,test_iid,v3_confirmation_test_iid_0006,4,-3,-3,-3,-3,False,False
pure_latent,test_iid,v3_confirmation_test_iid_0008,4,-3,-3,-3,-3,False,False
pure_latent,test_iid,v3_confirmation_test_iid_0009,4,-3,-3,-3,-3,False,False
pure_latent,test_iid,v3_confirmation_test_iid_0011,4,-3,-3,-3,-3,False,False
pure_latent,test_iid,v3_confirmation_test_iid_0012,4,-3,-3,-4,-3,False,False
pure_latent,test_iid,v3_confirmation_test_iid_0014,4,-3,-3,-4,-3,False,False
pure_latent,test_iid,v3_confirmation_test_iid_0015,4,-3,-3,-4,-3,False,False
pure_latent,test_iid,v3_confirmation_test_iid_0017,4,-3,-3,-4,-3,False,False
pure_latent,test_iid,v3_confirmation_test_iid_0018,4,-3,-3,-3,-3,False,False
pure_latent,test_iid,v3_confirmation_test_iid_0020,4,-3,-3,-4,-3,False,False
pure_latent,test_iid,v3_confirmation_test_iid_0021,4,-3,-3,-4,-3,False,False
pure_latent,test_iid,v3_confirmation_test_iid_0023,4,-3,-3,-4,-3,False,False
pure_latent,test_iid,v3_confirmation_test_iid_0024,4,-3,-3,-3,-3,False,False
pure_latent,test_iid,v3_confirmation_test_iid_0026,4,-3,-3,-4,-3,False,False
pure_latent,test_iid,v3_confirmation_test_iid_0027,4,-3,-3,-4,-3,False,False
pure_latent,test_iid,v3_confirmation_test_iid_0029,4,-3,-3,-4,-3,False,False
pure_latent,test_iid,v3_confirmation_test_iid_0030,4,-3,-3,-3,-3,False,False
pure_latent,test_iid,v3_confirmation_test_iid_0032,4,-3,-3,-4,-3,False,False
pure_latent,test_iid,v3_confirmation_test_iid_0033,4,-3,-3,-3,-3,False,False
pure_latent,test_iid,v3_confirmation_test_iid_0035,4,-3,-3,-4,-3,False,False
pure_latent,test_iid,v3_confirmation_test_iid_0036,4,-3,-3,-3,-3,False,False
pure_latent,test_iid,v3_confirmation_test_iid_0038,4,-3,-3,-4,-3,False,False
pure_latent,test_iid,v3_confirmation_test_iid_0039,4,-3,-3,-4,-3,False,False
pure_latent,test_iid,v3_confirmation_test_iid_0041,4,-3,-3,-4,-3,False,False
pure_latent,test_iid,v3_confirmation_test_iid_0042,4,-3,-3,-3,-3,False,False
pure_latent,test_iid,v3_confirmation_test_iid_0044,4,-3,-3,-3,-3,False,False
pure_latent,test_iid,v3_confirmation_test_iid_0045,4,-3,-3,-4,-3,False,False
pure_latent,test_iid,v3_confirmation_test_iid_0047,4,-3,-3,-3,-3,False,False
pure_latent,test_iid,v3_confirmation_test_iid_0048,4,-3,-3,-4,-3,False,False
pure_latent,test_iid,v3_confirmation_test_iid_0050,4,-3,-3,-4,-3,False,False
pure_latent,test_iid,v3_confirmation_test_iid_0051,4,-3,-3,-4,-3,False,False
pure_latent,test_iid,v3_confirmation_test_iid_0053,4,-3,-3,-4,-3,False,False
pure_latent,test_iid,v3_confirmation_test_iid_0054,4,-3,-3,-3,-3,False,False
pure_latent,test_iid,v3_confirmation_test_iid_0056,4,-3,-3,-4,-3,False,False
pure_latent,test_iid,v3_confirmation_test_iid_0057,4,-3,-3,-4,-3,False,False
pure_latent,test_iid,v3_confirmation_test_iid_0059,4,-3,-3,-4,-3,False,False
pure_latent,test_iid,v3_confirmation_test_iid_0060,4,-3,-3,-4,-3,False,False
pure_latent,test_iid,v3_confirmation_test_iid_0062,4,-3,-3,-4,-3,False,False
pure_latent,test_iid,v3_confirmation_test_iid_0063,4,-3,-3,-4,-3,False,False
pure_latent,test_iid,v3_confirmation_test_iid_0065,4,-3,-3,-4,-3,False,False
pure_latent,test_iid,v3_confirmation_test_iid_0066,4,-3,-3,-3,-4,False,False
pure_latent,test_iid,v3_confirmation_test_iid_0068,4,-3,-3,-4,-3,False,False
pure_latent,test_iid,v3_confirmation_test_iid_0069,4,-3,-3,-4,-3,False,False
pure_latent,test_iid,v3_confirmation_test_iid_0071,4,-3,-3,-4,-3,False,False
pure_latent,test_iid,v3_confirmation_test_iid_0072,4,-3,-3,-4,-3,False,False
pure_latent,test_iid,v3_confirmation_test_iid_0074,4,-3,-3,-4,-3,False,False
pure_latent,test_iid,v3_confirmation_test_iid_0075,4,-3,-3,-4,-3,False,False
pure_latent,test_iid,v3_confirmation_test_iid_0077,4,-3,-3,-4,-3,False,False
pure_latent,test_iid,v3_confirmation_test_iid_0078,4,-3,-3,-3,-3,False,False
pure_latent,test_iid,v3_confirmation_test_iid_0000,5,-4,-3,-4,-4,False,False
pure_latent,test_iid,v3_confirmation_test_iid_0002,5,-4,-3,-4,-4,False,False
pure_latent,test_iid,v3_confirmation_test_iid_0003,5,-4,-3,-4,-4,False,False
pure_latent,test_iid,v3_confirmation_test_iid_0005,5,-4,-3,-4,-4,False,False
pure_latent,test_iid,v3_confirmation_test_iid_0006,5,-4,-3,-4,-4,False,False
pure_latent,test_iid,v3_confirmation_test_iid_0008,5,-4,-3,-4,-4,False,False
pure_latent,test_iid,v3_confirmation_test_iid_0009,5,-4,-3,-4,-4,False,False
pure_latent,test_iid,v3_confirmation_test_iid_0011,5,-4,-3,-4,-4,False,False
pure_latent,test_iid,v3_confirmation_test_iid_0012,5,-4,-3,-4,-4,False,False
pure_latent,test_iid,v3_confirmation_test_iid_0014,5,-4,-3,-4,-4,False,False
pure_latent,test_iid,v3_confirmation_test_iid_0015,5,-4,-3,-4,-4,False,False
pure_latent,test_iid,v3_confirmation_test_iid_0017,5,-4,-3,-4,-4,False,False
pure_latent,test_iid,v3_confirmation_test_iid_0018,5,-4,-3,-4,-4,False,False
pure_latent,test_iid,v3_confirmation_test_iid_0020,5,-4,-3,-4,-4,False,False
pure_latent,test_iid,v3_confirmation_test_iid_0021,5,-4,-3,-4,-4,False,False
pure_latent,test_iid,v3_confirmation_test_iid_0023,5,-4,-3,-4,-4,False,False
pure_latent,test_iid,v3_confirmation_test_iid_0024,5,-4,-3,-4,-4,False,False
pure_latent,test_iid,v3_confirmation_test_iid_0026,5,-4,-3,-4,-4,False,False
pure_latent,test_iid,v3_confirmation_test_iid_0027,5,-4,-3,-4,-4,False,False
pure_latent,test_iid,v3_confirmation_test_iid_0029,5,-4,-3,-4,-4,False,False
pure_latent,test_iid,v3_confirmation_test_iid_0030,5,-4,-3,-4,-4,False,False
pure_latent,test_iid,v3_confirmation_test_iid_0032,5,-4,-3,-4,-4,False,False
pure_latent,test_iid,v3_confirmation_test_iid_0033,5,-4,-3,-4,-4,False,False
pure_latent,test_iid,v3_confirmation_test_iid_0035,5,-4,-3,-4,-4,False,False
pure_latent,test_iid,v3_confirmation_test_iid_0036,5,-4,-3,-4,-4,False,False
pure_latent,test_iid,v3_confirmation_test_iid_0038,5,-4,-3,-4,-4,False,False
pure_latent,test_iid,v3_confirmation_test_iid_0039,5,-4,-3,-4,-4,False,False
pure_latent,test_iid,v3_confirmation_test_iid_0041,5,-4,-3,-4,-3,False,False
pure_latent,test_iid,v3_confirmation_test_iid_0042,5,-4,-3,-4,-4,False,False
pure_latent,test_iid,v3_confirmation_test_iid_0044,5,-4,-3,-4,-4,False,False
pure_latent,test_iid,v3_confirmation_test_iid_0045,5,-4,-3,-4,-4,False,False
pure_latent,test_iid,v3_confirmation_test_iid_0047,5,-4,-3,-4,-4,False,False
pure_latent,test_iid,v3_confirmation_test_iid_0048,5,-4,-3,-4,-4,False,False
pure_latent,test_iid,v3_confirmation_test_iid_0050,5,-4,-3,-4,-4,False,False
pure_latent,test_iid,v3_confirmation_test_iid_0051,5,-4,-3,-4,-4,False,False
pure_latent,test_iid,v3_confirmation_test_iid_0053,5,-4,-3,-4,-4,False,False
pure_latent,test_iid,v3_confirmation_test_iid_0054,5,-4,-3,-4,-4,False,False
pure_latent,test_iid,v3_confirmation_test_iid_0056,5,-4,-3,-4,-4,False,False
pure_latent,test_iid,v3_confirmation_test_iid_0057,5,-4,-3,-4,-4,False,False
pure_latent,test_iid,v3_confirmation_test_iid_0059,5,-4,-3,-4,-4,False,False
pure_latent,test_iid,v3_confirmation_test_iid_0060,5,-4,-3,-4,-4,False,False
pure_latent,test_iid,v3_confirmation_test_iid_0062,5,-4,-3,-4,-4,False,False
pure_latent,test_iid,v3_confirmation_test_iid_0063,5,-4,-3,-4,-4,False,False
pure_latent,test_iid,v3_confirmation_test_iid_0065,5,-4,-3,-4,-4,False,False
pure_latent,test_iid,v3_confirmation_test_iid_0066,5,-4,-3,-4,-4,False,False
pure_latent,test_iid,v3_confirmation_test_iid_0068,5,-4,-3,-4,-2,False,False
pure_latent,test_iid,v3_confirmation_test_iid_0069,5,-4,-3,-4,-4,False,False
pure_latent,test_iid,v3_confirmation_test_iid_0071,5,-4,-3,-4,-4,False,False
pure_latent,test_iid,v3_confirmation_test_iid_0072,5,-4,-3,-4,-4,False,False
pure_latent,test_iid,v3_confirmation_test_iid_0074,5,-4,-3,-4,-4,False,False
pure_latent,test_iid,v3_confirmation_test_iid_0075,5,-4,-3,-4,-4,False,False
pure_latent,test_iid,v3_confirmation_test_iid_0077,5,-4,-3,-4,-4,False,False
pure_latent,test_iid,v3_confirmation_test_iid_0078,5,-4,-3,-4,-4,False,False
pure_latent,test_template_ood,v3_confirmation_test_template_ood_0000,1,0,1,0,0,True,True
pure_latent,test_template_ood,v3_confirmation_test_template_ood_0002,1,0,1,0,0,True,True
pure_latent,test_template_ood,v3_confirmation_test_template_ood_0003,1,0,1,0,0,True,True
pure_latent,test_template_ood,v3_confirmation_test_template_ood_0005,1,0,1,0,0,True,True
pure_latent,test_template_ood,v3_confirmation_test_template_ood_0006,1,0,1,0,0,True,True
pure_latent,test_template_ood,v3_confirmation_test_template_ood_0008,1,0,1,0,0,True,True
pure_latent,test_template_ood,v3_confirmation_test_template_ood_0009,1,0,1,0,0,True,True
pure_latent,test_template_ood,v3_confirmation_test_template_ood_0011,1,0,1,0,0,True,True
pure_latent,test_template_ood,v3_confirmation_test_template_ood_0012,1,0,1,0,0,True,True
pure_latent,test_template_ood,v3_confirmation_test_template_ood_0014,1,0,1,0,0,True,True
pure_latent,test_template_ood,v3_confirmation_test_template_ood_0015,1,0,1,0,0,True,True
pure_latent,test_template_ood,v3_confirmation_test_template_ood_0017,1,0,1,0,0,True,True
pure_latent,test_template_ood,v3_confirmation_test_template_ood_0018,1,0,1,0,0,True,True
pure_latent,test_template_ood,v3_confirmation_test_template_ood_0020,1,0,1,0,0,True,True
pure_latent,test_template_ood,v3_confirmation_test_template_ood_0021,1,0,1,0,0,True,True
pure_latent,test_template_ood,v3_confirmation_test_template_ood_0023,1,0,1,0,0,True,True
pure_latent,test_template_ood,v3_confirmation_test_template_ood_0024,1,0,1,0,0,True,True
pure_latent,test_template_ood,v3_confirmation_test_template_ood_0026,1,0,1,0,0,True,True
pure_latent,test_template_ood,v3_confirmation_test_template_ood_0027,1,0,1,0,0,True,True
pure_latent,test_template_ood,v3_confirmation_test_template_ood_0029,1,0,1,0,0,True,True
pure_latent,test_template_ood,v3_confirmation_test_template_ood_0030,1,0,1,0,0,True,True
pure_latent,test_template_ood,v3_confirmation_test_template_ood_0032,1,0,1,0,0,True,True
pure_latent,test_template_ood,v3_confirmation_test_template_ood_0033,1,0,1,0,0,True,True
pure_latent,test_template_ood,v3_confirmation_test_template_ood_0035,1,0,1,0,0,True,True
pure_latent,test_template_ood,v3_confirmation_test_template_ood_0036,1,0,1,0,0,True,True
pure_latent,test_template_ood,v3_confirmation_test_template_ood_0038,1,0,1,0,0,True,True
pure_latent,test_template_ood,v3_confirmation_test_template_ood_0039,1,0,1,0,0,True,True
pure_latent,test_template_ood,v3_confirmation_test_template_ood_0041,1,0,1,0,0,True,True
pure_latent,test_template_ood,v3_confirmation_test_template_ood_0042,1,0,1,0,0,True,True
pure_latent,test_template_ood,v3_confirmation_test_template_ood_0044,1,0,1,0,0,True,True
pure_latent,test_template_ood,v3_confirmation_test_template_ood_0045,1,0,1,0,0,True,True
pure_latent,test_template_ood,v3_confirmation_test_template_ood_0047,1,0,1,0,0,True,True
pure_latent,test_template_ood,v3_confirmation_test_template_ood_0048,1,0,1,0,0,True,True
pure_latent,test_template_ood,v3_confirmation_test_template_ood_0050,1,0,1,0,0,True,True
pure_latent,test_template_ood,v3_confirmation_test_template_ood_0051,1,0,1,0,0,True,True
pure_latent,test_template_ood,v3_confirmation_test_template_ood_0053,1,0,1,0,0,True,True
pure_latent,test_template_ood,v3_confirmation_test_template_ood_0054,1,0,1,0,0,True,True
pure_latent,test_template_ood,v3_confirmation_test_template_ood_0056,1,0,1,0,0,True,True
pure_latent,test_template_ood,v3_confirmation_test_template_ood_0057,1,0,1,0,0,True,True
pure_latent,test_template_ood,v3_confirmation_test_template_ood_0059,1,0,1,0,0,True,True
pure_latent,test_template_ood,v3_confirmation_test_template_ood_0060,1,0,1,0,0,True,True
pure_latent,test_template_ood,v3_confirmation_test_template_ood_0062,1,0,1,0,0,True,True
pure_latent,test_template_ood,v3_confirmation_test_template_ood_0063,1,0,1,0,0,True,True
pure_latent,test_template_ood,v3_confirmation_test_template_ood_0065,1,0,1,0,0,True,True
pure_latent,test_template_ood,v3_confirmation_test_template_ood_0066,1,0,1,0,0,True,True
pure_latent,test_template_ood,v3_confirmation_test_template_ood_0068,1,0,1,0,0,True,True
pure_latent,test_template_ood,v3_confirmation_test_template_ood_0069,1,0,1,0,0,True,True
pure_latent,test_template_ood,v3_confirmation_test_template_ood_0071,1,0,1,0,0,True,True
pure_latent,test_template_ood,v3_confirmation_test_template_ood_0072,1,0,1,0,0,True,True
pure_latent,test_template_ood,v3_confirmation_test_template_ood_0074,1,0,1,0,0,True,True
pure_latent,test_template_ood,v3_confirmation_test_template_ood_0075,1,0,1,0,0,True,True
pure_latent,test_template_ood,v3_confirmation_test_template_ood_0077,1,0,1,0,0,True,True
pure_latent,test_template_ood,v3_confirmation_test_template_ood_0078,1,0,1,0,0,True,True
pure_latent,test_template_ood,v3_confirmation_test_template_ood_0000,2,-1,1,-1,-1,True,True
pure_latent,test_template_ood,v3_confirmation_test_template_ood_0002,2,-1,1,-1,-1,True,True
pure_latent,test_template_ood,v3_confirmation_test_template_ood_0003,2,-1,1,-1,-1,True,True
pure_latent,test_template_ood,v3_confirmation_test_template_ood_0005,2,-1,1,-1,-1,True,True
pure_latent,test_template_ood,v3_confirmation_test_template_ood_0006,2,-1,1,-1,-1,True,True
pure_latent,test_template_ood,v3_confirmation_test_template_ood_0008,2,-1,1,-1,-1,True,True
pure_latent,test_template_ood,v3_confirmation_test_template_ood_0009,2,-1,1,0,-1,False,False
pure_latent,test_template_ood,v3_confirmation_test_template_ood_0011,2,-1,1,0,-1,False,False
pure_latent,test_template_ood,v3_confirmation_test_template_ood_0012,2,-1,1,-1,-1,True,True
pure_latent,test_template_ood,v3_confirmation_test_template_ood_0014,2,-1,1,-1,-1,True,True
pure_latent,test_template_ood,v3_confirmation_test_template_ood_0015,2,-1,1,-1,-1,True,True
pure_latent,test_template_ood,v3_confirmation_test_template_ood_0017,2,-1,1,-1,-1,True,True
pure_latent,test_template_ood,v3_confirmation_test_template_ood_0018,2,-1,1,-1,-1,True,True
pure_latent,test_template_ood,v3_confirmation_test_template_ood_0020,2,-1,1,-1,-1,True,True
pure_latent,test_template_ood,v3_confirmation_test_template_ood_0021,2,-1,1,0,-1,False,False
pure_latent,test_template_ood,v3_confirmation_test_template_ood_0023,2,-1,1,0,-1,False,False
pure_latent,test_template_ood,v3_confirmation_test_template_ood_0024,2,-1,1,-1,-1,True,True
pure_latent,test_template_ood,v3_confirmation_test_template_ood_0026,2,-1,1,-1,-1,True,True
pure_latent,test_template_ood,v3_confirmation_test_template_ood_0027,2,-1,1,-1,-1,True,True
pure_latent,test_template_ood,v3_confirmation_test_template_ood_0029,2,-1,1,-1,-1,True,True
pure_latent,test_template_ood,v3_confirmation_test_template_ood_0030,2,-1,1,-1,-1,True,True
pure_latent,test_template_ood,v3_confirmation_test_template_ood_0032,2,-1,1,-1,-1,True,True
pure_latent,test_template_ood,v3_confirmation_test_template_ood_0033,2,-1,1,0,-1,False,False
pure_latent,test_template_ood,v3_confirmation_test_template_ood_0035,2,-1,1,0,-1,False,False
pure_latent,test_template_ood,v3_confirmation_test_template_ood_0036,2,-1,1,-1,-1,True,True
pure_latent,test_template_ood,v3_confirmation_test_template_ood_0038,2,-1,1,-1,-1,True,True
pure_latent,test_template_ood,v3_confirmation_test_template_ood_0039,2,-1,1,-1,-1,True,True
pure_latent,test_template_ood,v3_confirmation_test_template_ood_0041,2,-1,1,-1,-1,True,True
pure_latent,test_template_ood,v3_confirmation_test_template_ood_0042,2,-1,1,-1,-1,True,True
pure_latent,test_template_ood,v3_confirmation_test_template_ood_0044,2,-1,1,-1,-1,True,True
pure_latent,test_template_ood,v3_confirmation_test_template_ood_0045,2,-1,1,0,-1,False,False
pure_latent,test_template_ood,v3_confirmation_test_template_ood_0047,2,-1,1,0,-1,False,False
pure_latent,test_template_ood,v3_confirmation_test_template_ood_0048,2,-1,1,-1,-1,True,True
pure_latent,test_template_ood,v3_confirmation_test_template_ood_0050,2,-1,1,-1,-1,True,True
pure_latent,test_template_ood,v3_confirmation_test_template_ood_0051,2,-1,1,-1,-1,True,True
pure_latent,test_template_ood,v3_confirmation_test_template_ood_0053,2,-1,1,-1,-1,True,True
pure_latent,test_template_ood,v3_confirmation_test_template_ood_0054,2,-1,1,-1,-1,True,True
pure_latent,test_template_ood,v3_confirmation_test_template_ood_0056,2,-1,1,-1,-1,True,True
pure_latent,test_template_ood,v3_confirmation_test_template_ood_0057,2,-1,1,0,-1,False,False
pure_latent,test_template_ood,v3_confirmation_test_template_ood_0059,2,-1,1,0,-1,False,False
pure_latent,test_template_ood,v3_confirmation_test_template_ood_0060,2,-1,1,-1,-1,True,True
pure_latent,test_template_ood,v3_confirmation_test_template_ood_0062,2,-1,1,-1,-1,True,True
pure_latent,test_template_ood,v3_confirmation_test_template_ood_0063,2,-1,1,-1,-1,True,True
pure_latent,test_template_ood,v3_confirmation_test_template_ood_0065,2,-1,1,-1,-1,True,True
pure_latent,test_template_ood,v3_confirmation_test_template_ood_0066,2,-1,1,-1,-1,True,True
pure_latent,test_template_ood,v3_confirmation_test_template_ood_0068,2,-1,1,-1,-1,True,True
pure_latent,test_template_ood,v3_confirmation_test_template_ood_0069,2,-1,1,0,-1,False,False
pure_latent,test_template_ood,v3_confirmation_test_template_ood_0071,2,-1,1,0,-1,False,False
pure_latent,test_template_ood,v3_confirmation_test_template_ood_0072,2,-1,1,-1,-1,True,True
pure_latent,test_template_ood,v3_confirmation_test_template_ood_0074,2,-1,1,-1,-1,True,True
pure_latent,test_template_ood,v3_confirmation_test_template_ood_0075,2,-1,1,-1,-1,True,True
pure_latent,test_template_ood,v3_confirmation_test_template_ood_0077,2,-1,1,-1,-1,True,True
pure_latent,test_template_ood,v3_confirmation_test_template_ood_0078,2,-1,1,-1,-1,True,True
pure_latent,test_template_ood,v3_confirmation_test_template_ood_0000,3,-2,-3,-3,-2,False,False
pure_latent,test_template_ood,v3_confirmation_test_template_ood_0002,3,-2,-3,0,-2,False,False
pure_latent,test_template_ood,v3_confirmation_test_template_ood_0003,3,-2,-3,-1,-2,False,False
pure_latent,test_template_ood,v3_confirmation_test_template_ood_0005,3,-2,-3,0,-2,False,False
pure_latent,test_template_ood,v3_confirmation_test_template_ood_0006,3,-2,-3,-2,-2,True,True
pure_latent,test_template_ood,v3_confirmation_test_template_ood_0008,3,-2,-3,-1,-2,False,False
pure_latent,test_template_ood,v3_confirmation_test_template_ood_0009,3,-2,-3,-3,-2,False,False
pure_latent,test_template_ood,v3_confirmation_test_template_ood_0011,3,-2,-3,-3,-2,False,False
pure_latent,test_template_ood,v3_confirmation_test_template_ood_0012,3,-2,-3,-1,-2,False,False
pure_latent,test_template_ood,v3_confirmation_test_template_ood_0014,3,-2,-3,0,-2,False,False
pure_latent,test_template_ood,v3_confirmation_test_template_ood_0015,3,-2,-3,-1,-2,False,False
pure_latent,test_template_ood,v3_confirmation_test_template_ood_0017,3,-2,-3,-1,-2,False,False
pure_latent,test_template_ood,v3_confirmation_test_template_ood_0018,3,-2,-3,-3,-3,True,True
pure_latent,test_template_ood,v3_confirmation_test_template_ood_0020,3,-2,-3,-1,-2,False,False
pure_latent,test_template_ood,v3_confirmation_test_template_ood_0021,3,-2,-3,-3,-2,False,False
pure_latent,test_template_ood,v3_confirmation_test_template_ood_0023,3,-2,-3,-3,-2,False,False
pure_latent,test_template_ood,v3_confirmation_test_template_ood_0024,3,-2,-3,-1,-2,False,False
pure_latent,test_template_ood,v3_confirmation_test_template_ood_0026,3,-2,-3,0,-2,False,False
pure_latent,test_template_ood,v3_confirmation_test_template_ood_0027,3,-2,-3,-1,-2,False,False
pure_latent,test_template_ood,v3_confirmation_test_template_ood_0029,3,-2,-3,-1,-2,False,False
pure_latent,test_template_ood,v3_confirmation_test_template_ood_0030,3,-2,-3,-2,-2,True,True
pure_latent,test_template_ood,v3_confirmation_test_template_ood_0032,3,-2,-3,-2,-2,True,True
pure_latent,test_template_ood,v3_confirmation_test_template_ood_0033,3,-2,-3,-3,-2,False,False
pure_latent,test_template_ood,v3_confirmation_test_template_ood_0035,3,-2,-3,-4,-2,False,False
pure_latent,test_template_ood,v3_confirmation_test_template_ood_0036,3,-2,-3,-1,-2,False,False
pure_latent,test_template_ood,v3_confirmation_test_template_ood_0038,3,-2,-3,0,-2,False,False
pure_latent,test_template_ood,v3_confirmation_test_template_ood_0039,3,-2,1,-1,-2,False,False
pure_latent,test_template_ood,v3_confirmation_test_template_ood_0041,3,-2,-3,-1,-2,False,False
pure_latent,test_template_ood,v3_confirmation_test_template_ood_0042,3,-2,-3,-2,-2,True,True
pure_latent,test_template_ood,v3_confirmation_test_template_ood_0044,3,-2,-3,-1,-2,False,False
pure_latent,test_template_ood,v3_confirmation_test_template_ood_0045,3,-2,-3,-3,-2,False,False
pure_latent,test_template_ood,v3_confirmation_test_template_ood_0047,3,-2,-3,-4,-2,False,False
pure_latent,test_template_ood,v3_confirmation_test_template_ood_0048,3,-2,-3,-1,-2,False,False
pure_latent,test_template_ood,v3_confirmation_test_template_ood_0050,3,-2,-3,0,-2,False,False
pure_latent,test_template_ood,v3_confirmation_test_template_ood_0051,3,-2,-3,-1,-2,False,False
pure_latent,test_template_ood,v3_confirmation_test_template_ood_0053,3,-2,-3,-1,-2,False,False
pure_latent,test_template_ood,v3_confirmation_test_template_ood_0054,3,-2,-3,-2,-2,True,True
pure_latent,test_template_ood,v3_confirmation_test_template_ood_0056,3,-2,-3,-2,-2,True,True
pure_latent,test_template_ood,v3_confirmation_test_template_ood_0057,3,-2,-3,-3,-2,False,False
pure_latent,test_template_ood,v3_confirmation_test_template_ood_0059,3,-2,-3,-3,-2,False,False
pure_latent,test_template_ood,v3_confirmation_test_template_ood_0060,3,-2,-3,-1,-2,False,False
pure_latent,test_template_ood,v3_confirmation_test_template_ood_0062,3,-2,-3,-1,-2,False,False
pure_latent,test_template_ood,v3_confirmation_test_template_ood_0063,3,-2,-3,-3,-2,False,False
pure_latent,test_template_ood,v3_confirmation_test_template_ood_0065,3,-2,-3,-1,-2,False,False
pure_latent,test_template_ood,v3_confirmation_test_template_ood_0066,3,-2,-3,-1,-2,False,False
pure_latent,test_template_ood,v3_confirmation_test_template_ood_0068,3,-2,-3,-2,-2,True,True
pure_latent,test_template_ood,v3_confirmation_test_template_ood_0069,3,-2,-3,-3,-2,False,False
pure_latent,test_template_ood,v3_confirmation_test_template_ood_0071,3,-2,-3,-3,-2,False,False
pure_latent,test_template_ood,v3_confirmation_test_template_ood_0072,3,-2,-3,-1,-2,False,False
pure_latent,test_template_ood,v3_confirmation_test_template_ood_0074,3,-2,-3,-3,-2,False,False
pure_latent,test_template_ood,v3_confirmation_test_template_ood_0075,3,-2,-3,-3,-2,False,False
pure_latent,test_template_ood,v3_confirmation_test_template_ood_0077,3,-2,-3,-1,-2,False,False
pure_latent,test_template_ood,v3_confirmation_test_template_ood_0078,3,-2,-3,-2,-2,True,True
pure_latent,test_template_ood,v3_confirmation_test_template_ood_0000,4,-3,-3,-3,-3,False,False
pure_latent,test_template_ood,v3_confirmation_test_template_ood_0002,4,-3,-3,-3,-3,False,False
pure_latent,test_template_ood,v3_confirmation_test_template_ood_0003,4,-3,-3,-3,-3,False,False
pure_latent,test_template_ood,v3_confirmation_test_template_ood_0005,4,-3,-3,-4,-3,False,False
pure_latent,test_template_ood,v3_confirmation_test_template_ood_0006,4,-3,-3,-3,-3,False,False
pure_latent,test_template_ood,v3_confirmation_test_template_ood_0008,4,-3,-3,-3,-3,False,False
pure_latent,test_template_ood,v3_confirmation_test_template_ood_0009,4,-3,-3,-3,-3,False,False
pure_latent,test_template_ood,v3_confirmation_test_template_ood_0011,4,-3,-3,-3,-3,False,False
pure_latent,test_template_ood,v3_confirmation_test_template_ood_0012,4,-3,-3,-3,-3,False,False
pure_latent,test_template_ood,v3_confirmation_test_template_ood_0014,4,-3,-3,-4,-3,False,False
pure_latent,test_template_ood,v3_confirmation_test_template_ood_0015,4,-3,-3,-4,-3,False,False
pure_latent,test_template_ood,v3_confirmation_test_template_ood_0017,4,-3,-3,-3,-2,False,False
pure_latent,test_template_ood,v3_confirmation_test_template_ood_0018,4,-3,-3,-3,-3,False,False
pure_latent,test_template_ood,v3_confirmation_test_template_ood_0020,4,-3,-3,-3,-3,False,False
pure_latent,test_template_ood,v3_confirmation_test_template_ood_0021,4,-3,-3,-4,-3,False,False
pure_latent,test_template_ood,v3_confirmation_test_template_ood_0023,4,-3,-3,-4,-3,False,False
pure_latent,test_template_ood,v3_confirmation_test_template_ood_0024,4,-3,-3,-3,-3,False,False
pure_latent,test_template_ood,v3_confirmation_test_template_ood_0026,4,-3,-3,-4,-3,False,False
pure_latent,test_template_ood,v3_confirmation_test_template_ood_0027,4,-3,-3,-3,-2,False,False
pure_latent,test_template_ood,v3_confirmation_test_template_ood_0029,4,-3,-3,-3,-3,False,False
pure_latent,test_template_ood,v3_confirmation_test_template_ood_0030,4,-3,-3,-4,-3,False,False
pure_latent,test_template_ood,v3_confirmation_test_template_ood_0032,4,-3,-3,-3,-3,False,False
pure_latent,test_template_ood,v3_confirmation_test_template_ood_0033,4,-3,-3,-4,-3,False,False
pure_latent,test_template_ood,v3_confirmation_test_template_ood_0035,4,-3,-3,-4,-4,False,False
pure_latent,test_template_ood,v3_confirmation_test_template_ood_0036,4,-3,-3,-3,-3,False,False
pure_latent,test_template_ood,v3_confirmation_test_template_ood_0038,4,-3,-3,-3,-3,False,False
pure_latent,test_template_ood,v3_confirmation_test_template_ood_0039,4,-3,-3,-4,-3,False,False
pure_latent,test_template_ood,v3_confirmation_test_template_ood_0041,4,-3,-3,-4,-3,False,False
pure_latent,test_template_ood,v3_confirmation_test_template_ood_0042,4,-3,-3,-3,-3,False,False
pure_latent,test_template_ood,v3_confirmation_test_template_ood_0044,4,-3,-3,-3,-3,False,False
pure_latent,test_template_ood,v3_confirmation_test_template_ood_0045,4,-3,-3,-4,-3,False,False
pure_latent,test_template_ood,v3_confirmation_test_template_ood_0047,4,-3,-3,-4,-3,False,False
pure_latent,test_template_ood,v3_confirmation_test_template_ood_0048,4,-3,-3,-3,-3,False,False
pure_latent,test_template_ood,v3_confirmation_test_template_ood_0050,4,-3,-3,-3,-3,False,False
pure_latent,test_template_ood,v3_confirmation_test_template_ood_0051,4,-3,-3,-4,-3,False,False
pure_latent,test_template_ood,v3_confirmation_test_template_ood_0053,4,-3,-3,-3,-3,False,False
pure_latent,test_template_ood,v3_confirmation_test_template_ood_0054,4,-3,-3,-3,-3,False,False
pure_latent,test_template_ood,v3_confirmation_test_template_ood_0056,4,-3,-3,-3,-3,False,False
pure_latent,test_template_ood,v3_confirmation_test_template_ood_0057,4,-3,-3,-4,-3,False,False
pure_latent,test_template_ood,v3_confirmation_test_template_ood_0059,4,-3,-3,-4,-3,False,False
pure_latent,test_template_ood,v3_confirmation_test_template_ood_0060,4,-3,-3,-3,-3,False,False
pure_latent,test_template_ood,v3_confirmation_test_template_ood_0062,4,-3,-3,-4,-3,False,False
pure_latent,test_template_ood,v3_confirmation_test_template_ood_0063,4,-3,-3,-3,-3,False,False
pure_latent,test_template_ood,v3_confirmation_test_template_ood_0065,4,-3,-3,-3,-3,False,False
pure_latent,test_template_ood,v3_confirmation_test_template_ood_0066,4,-3,-3,-3,-3,False,False
pure_latent,test_template_ood,v3_confirmation_test_template_ood_0068,4,-3,-3,-3,-3,False,False
pure_latent,test_template_ood,v3_confirmation_test_template_ood_0069,4,-3,-3,-4,-3,False,False
pure_latent,test_template_ood,v3_confirmation_test_template_ood_0071,4,-3,-3,-4,-3,False,False
pure_latent,test_template_ood,v3_confirmation_test_template_ood_0072,4,-3,-3,-3,-3,False,False
pure_latent,test_template_ood,v3_confirmation_test_template_ood_0074,4,-3,-3,-3,-3,False,False
pure_latent,test_template_ood,v3_confirmation_test_template_ood_0075,4,-3,-3,-3,-3,False,False
pure_latent,test_template_ood,v3_confirmation_test_template_ood_0077,4,-3,-3,-3,-3,False,False
pure_latent,test_template_ood,v3_confirmation_test_template_ood_0078,4,-3,-3,-4,-3,False,False
pure_latent,test_template_ood,v3_confirmation_test_template_ood_0000,5,-4,-3,-4,-4,False,False
pure_latent,test_template_ood,v3_confirmation_test_template_ood_0002,5,-4,-3,-4,-4,False,False
pure_latent,test_template_ood,v3_confirmation_test_template_ood_0003,5,-4,-3,-4,-2,False,False
pure_latent,test_template_ood,v3_confirmation_test_template_ood_0005,5,-4,-3,-4,-4,False,False
pure_latent,test_template_ood,v3_confirmation_test_template_ood_0006,5,-4,-3,-4,-4,False,False
pure_latent,test_template_ood,v3_confirmation_test_template_ood_0008,5,-4,-3,-4,-4,False,False
pure_latent,test_template_ood,v3_confirmation_test_template_ood_0009,5,-4,-3,-4,-4,False,False
pure_latent,test_template_ood,v3_confirmation_test_template_ood_0011,5,-4,-3,-4,-4,False,False
pure_latent,test_template_ood,v3_confirmation_test_template_ood_0012,5,-4,-3,-4,-4,False,False
pure_latent,test_template_ood,v3_confirmation_test_template_ood_0014,5,-4,-3,-4,-4,False,False
pure_latent,test_template_ood,v3_confirmation_test_template_ood_0015,5,-4,-3,-4,-4,False,False
pure_latent,test_template_ood,v3_confirmation_test_template_ood_0017,5,-4,-3,-4,-2,False,False
pure_latent,test_template_ood,v3_confirmation_test_template_ood_0018,5,-4,-3,-4,-3,False,False
pure_latent,test_template_ood,v3_confirmation_test_template_ood_0020,5,-4,-3,-4,-4,False,False
pure_latent,test_template_ood,v3_confirmation_test_template_ood_0021,5,-4,-3,-4,-4,False,False
pure_latent,test_template_ood,v3_confirmation_test_template_ood_0023,5,-4,-3,-4,-4,False,False
pure_latent,test_template_ood,v3_confirmation_test_template_ood_0024,5,-4,-3,-4,-4,False,False
pure_latent,test_template_ood,v3_confirmation_test_template_ood_0026,5,-4,-3,-4,-4,False,False
pure_latent,test_template_ood,v3_confirmation_test_template_ood_0027,5,-4,-3,-4,-2,False,False
pure_latent,test_template_ood,v3_confirmation_test_template_ood_0029,5,-4,-3,-4,-4,False,False
pure_latent,test_template_ood,v3_confirmation_test_template_ood_0030,5,-4,-3,-4,-4,False,False
pure_latent,test_template_ood,v3_confirmation_test_template_ood_0032,5,-4,-3,-4,-4,False,False
pure_latent,test_template_ood,v3_confirmation_test_template_ood_0033,5,-4,-3,-4,-4,False,False
pure_latent,test_template_ood,v3_confirmation_test_template_ood_0035,5,-4,-3,-4,-4,False,False
pure_latent,test_template_ood,v3_confirmation_test_template_ood_0036,5,-4,-3,-4,-4,False,False
pure_latent,test_template_ood,v3_confirmation_test_template_ood_0038,5,-4,-3,-4,-4,False,False
pure_latent,test_template_ood,v3_confirmation_test_template_ood_0039,5,-4,-3,-4,-4,False,False
pure_latent,test_template_ood,v3_confirmation_test_template_ood_0041,5,-4,-3,-4,-4,False,False
pure_latent,test_template_ood,v3_confirmation_test_template_ood_0042,5,-4,-3,-4,-4,False,False
pure_latent,test_template_ood,v3_confirmation_test_template_ood_0044,5,-4,-3,-4,-4,False,False
pure_latent,test_template_ood,v3_confirmation_test_template_ood_0045,5,-4,-3,-4,-4,False,False
pure_latent,test_template_ood,v3_confirmation_test_template_ood_0047,5,-4,-3,-4,-4,False,False
pure_latent,test_template_ood,v3_confirmation_test_template_ood_0048,5,-4,-3,-4,-4,False,False
pure_latent,test_template_ood,v3_confirmation_test_template_ood_0050,5,-4,-3,-4,-4,False,False
pure_latent,test_template_ood,v3_confirmation_test_template_ood_0051,5,-4,-3,-4,-4,False,False
pure_latent,test_template_ood,v3_confirmation_test_template_ood_0053,5,-4,-3,-4,-4,False,False
pure_latent,test_template_ood,v3_confirmation_test_template_ood_0054,5,-4,-3,-4,-4,False,False
pure_latent,test_template_ood,v3_confirmation_test_template_ood_0056,5,-4,-3,-4,-4,False,False
pure_latent,test_template_ood,v3_confirmation_test_template_ood_0057,5,-4,-3,-4,-2,False,False
pure_latent,test_template_ood,v3_confirmation_test_template_ood_0059,5,-4,-3,-4,-4,False,False
pure_latent,test_template_ood,v3_confirmation_test_template_ood_0060,5,-4,-3,-4,-4,False,False
pure_latent,test_template_ood,v3_confirmation_test_template_ood_0062,5,-4,-3,-4,-4,False,False
pure_latent,test_template_ood,v3_confirmation_test_template_ood_0063,5,-4,-3,-4,-4,False,False
pure_latent,test_template_ood,v3_confirmation_test_template_ood_0065,5,-4,-3,-4,-2,False,False
pure_latent,test_template_ood,v3_confirmation_test_template_ood_0066,5,-4,-3,-4,-4,False,False
pure_latent,test_template_ood,v3_confirmation_test_template_ood_0068,5,-4,-3,-4,-4,False,False
pure_latent,test_template_ood,v3_confirmation_test_template_ood_0069,5,-4,-3,-4,-4,False,False
pure_latent,test_template_ood,v3_confirmation_test_template_ood_0071,5,-4,-3,-4,-3,False,False
pure_latent,test_template_ood,v3_confirmation_test_template_ood_0072,5,-4,-3,-4,-4,False,False
pure_latent,test_template_ood,v3_confirmation_test_template_ood_0074,5,-4,-3,-4,-4,False,False
pure_latent,test_template_ood,v3_confirmation_test_template_ood_0075,5,-4,-3,-4,-4,False,False
pure_latent,test_template_ood,v3_confirmation_test_template_ood_0077,5,-4,-3,-4,-4,False,False
pure_latent,test_template_ood,v3_confirmation_test_template_ood_0078,5,-4,-3,-4,-4,False,False
decode_reencode,test_iid,v3_confirmation_test_iid_0000,1,0,1,0,0,True,True
decode_reencode,test_iid,v3_confirmation_test_iid_0002,1,0,1,0,0,True,True
decode_reencode,test_iid,v3_confirmation_test_iid_0003,1,0,1,0,0,True,True
decode_reencode,test_iid,v3_confirmation_test_iid_0005,1,0,1,0,0,True,True
decode_reencode,test_iid,v3_confirmation_test_iid_0006,1,0,1,0,0,True,True
decode_reencode,test_iid,v3_confirmation_test_iid_0008,1,0,1,0,0,True,True
decode_reencode,test_iid,v3_confirmation_test_iid_0009,1,0,1,0,0,True,True
decode_reencode,test_iid,v3_confirmation_test_iid_0011,1,0,1,0,0,True,True
decode_reencode,test_iid,v3_confirmation_test_iid_0012,1,0,1,0,0,True,True
decode_reencode,test_iid,v3_confirmation_test_iid_0014,1,0,1,0,0,True,True
decode_reencode,test_iid,v3_confirmation_test_iid_0015,1,0,1,0,0,True,True
decode_reencode,test_iid,v3_confirmation_test_iid_0017,1,0,1,0,0,True,True
decode_reencode,test_iid,v3_confirmation_test_iid_0018,1,0,1,0,0,True,True
decode_reencode,test_iid,v3_confirmation_test_iid_0020,1,0,1,0,0,True,True
decode_reencode,test_iid,v3_confirmation_test_iid_0021,1,0,1,0,0,True,True
decode_reencode,test_iid,v3_confirmation_test_iid_0023,1,0,1,0,0,True,True
decode_reencode,test_iid,v3_confirmation_test_iid_0024,1,0,1,0,0,True,True
decode_reencode,test_iid,v3_confirmation_test_iid_0026,1,0,1,0,0,True,True
decode_reencode,test_iid,v3_confirmation_test_iid_0027,1,0,1,0,0,True,True
decode_reencode,test_iid,v3_confirmation_test_iid_0029,1,0,1,0,0,True,True
decode_reencode,test_iid,v3_confirmation_test_iid_0030,1,0,1,0,0,True,True
decode_reencode,test_iid,v3_confirmation_test_iid_0032,1,0,1,0,0,True,True
decode_reencode,test_iid,v3_confirmation_test_iid_0033,1,0,1,0,0,True,True
decode_reencode,test_iid,v3_confirmation_test_iid_0035,1,0,1,0,0,True,True
decode_reencode,test_iid,v3_confirmation_test_iid_0036,1,0,1,0,0,True,True
decode_reencode,test_iid,v3_confirmation_test_iid_0038,1,0,1,0,0,True,True
decode_reencode,test_iid,v3_confirmation_test_iid_0039,1,0,1,0,0,True,True
decode_reencode,test_iid,v3_confirmation_test_iid_0041,1,0,1,0,0,True,True
decode_reencode,test_iid,v3_confirmation_test_iid_0042,1,0,1,0,0,True,True
decode_reencode,test_iid,v3_confirmation_test_iid_0044,1,0,1,0,0,True,True
decode_reencode,test_iid,v3_confirmation_test_iid_0045,1,0,1,0,0,True,True
decode_reencode,test_iid,v3_confirmation_test_iid_0047,1,0,1,0,0,True,True
decode_reencode,test_iid,v3_confirmation_test_iid_0048,1,0,1,0,0,True,True
decode_reencode,test_iid,v3_confirmation_test_iid_0050,1,0,1,0,0,True,True
decode_reencode,test_iid,v3_confirmation_test_iid_0051,1,0,1,0,0,True,True
decode_reencode,test_iid,v3_confirmation_test_iid_0053,1,0,1,0,0,True,True
decode_reencode,test_iid,v3_confirmation_test_iid_0054,1,0,1,0,0,True,True
decode_reencode,test_iid,v3_confirmation_test_iid_0056,1,0,1,0,0,True,True
decode_reencode,test_iid,v3_confirmation_test_iid_0057,1,0,1,0,0,True,True
decode_reencode,test_iid,v3_confirmation_test_iid_0059,1,0,1,0,0,True,True
decode_reencode,test_iid,v3_confirmation_test_iid_0060,1,0,1,0,0,True,True
decode_reencode,test_iid,v3_confirmation_test_iid_0062,1,0,1,0,0,True,True
decode_reencode,test_iid,v3_confirmation_test_iid_0063,1,0,1,0,0,True,True
decode_reencode,test_iid,v3_confirmation_test_iid_0065,1,0,1,0,0,True,True
decode_reencode,test_iid,v3_confirmation_test_iid_0066,1,0,1,0,0,True,True
decode_reencode,test_iid,v3_confirmation_test_iid_0068,1,0,1,0,0,True,True
decode_reencode,test_iid,v3_confirmation_test_iid_0069,1,0,1,0,0,True,True
decode_reencode,test_iid,v3_confirmation_test_iid_0071,1,0,1,0,0,True,True
decode_reencode,test_iid,v3_confirmation_test_iid_0072,1,0,1,0,0,True,True
decode_reencode,test_iid,v3_confirmation_test_iid_0074,1,0,1,0,0,True,True
decode_reencode,test_iid,v3_confirmation_test_iid_0075,1,0,1,0,0,True,True
decode_reencode,test_iid,v3_confirmation_test_iid_0077,1,0,1,0,0,True,True
decode_reencode,test_iid,v3_confirmation_test_iid_0078,1,0,1,0,0,True,True
decode_reencode,test_iid,v3_confirmation_test_iid_0000,2,-1,0,-1,-1,True,True
decode_reencode,test_iid,v3_confirmation_test_iid_0002,2,-1,0,-1,-1,True,True
decode_reencode,test_iid,v3_confirmation_test_iid_0003,2,-1,-3,-1,-1,True,True
decode_reencode,test_iid,v3_confirmation_test_iid_0005,2,-1,1,-1,-1,True,True
decode_reencode,test_iid,v3_confirmation_test_iid_0006,2,-1,1,-1,-1,True,True
decode_reencode,test_iid,v3_confirmation_test_iid_0008,2,-1,-3,-1,-1,True,True
decode_reencode,test_iid,v3_confirmation_test_iid_0009,2,-1,0,-1,-1,True,True
decode_reencode,test_iid,v3_confirmation_test_iid_0011,2,-1,0,-1,-1,True,True
decode_reencode,test_iid,v3_confirmation_test_iid_0012,2,-1,-3,-1,-1,True,True
decode_reencode,test_iid,v3_confirmation_test_iid_0014,2,-1,-3,-1,-1,True,True
decode_reencode,test_iid,v3_confirmation_test_iid_0015,2,-1,0,-1,-1,True,True
decode_reencode,test_iid,v3_confirmation_test_iid_0017,2,-1,-3,-1,-1,True,True
decode_reencode,test_iid,v3_confirmation_test_iid_0018,2,-1,0,-1,-1,True,True
decode_reencode,test_iid,v3_confirmation_test_iid_0020,2,-1,0,-1,-1,True,True
decode_reencode,test_iid,v3_confirmation_test_iid_0021,2,-1,1,-1,-1,True,True
decode_reencode,test_iid,v3_confirmation_test_iid_0023,2,-1,1,-1,-1,True,True
decode_reencode,test_iid,v3_confirmation_test_iid_0024,2,-1,0,-1,-1,True,True
decode_reencode,test_iid,v3_confirmation_test_iid_0026,2,-1,0,-1,-1,True,True
decode_reencode,test_iid,v3_confirmation_test_iid_0027,2,-1,0,-1,-1,True,True
decode_reencode,test_iid,v3_confirmation_test_iid_0029,2,-1,1,-1,-1,True,True
decode_reencode,test_iid,v3_confirmation_test_iid_0030,2,-1,1,-1,-1,True,True
decode_reencode,test_iid,v3_confirmation_test_iid_0032,2,-1,1,-1,-1,True,True
decode_reencode,test_iid,v3_confirmation_test_iid_0033,2,-1,-3,-1,-1,True,True
decode_reencode,test_iid,v3_confirmation_test_iid_0035,2,-1,0,-1,-1,True,True
decode_reencode,test_iid,v3_confirmation_test_iid_0036,2,-1,0,-1,-1,True,True
decode_reencode,test_iid,v3_confirmation_test_iid_0038,2,-1,1,-1,-1,True,True
decode_reencode,test_iid,v3_confirmation_test_iid_0039,2,-1,1,-1,-1,True,True
decode_reencode,test_iid,v3_confirmation_test_iid_0041,2,-1,-3,-1,-1,True,True
decode_reencode,test_iid,v3_confirmation_test_iid_0042,2,-1,1,-1,-1,True,True
decode_reencode,test_iid,v3_confirmation_test_iid_0044,2,-1,-3,-1,-1,True,True
decode_reencode,test_iid,v3_confirmation_test_iid_0045,2,-1,1,-1,-1,True,True
decode_reencode,test_iid,v3_confirmation_test_iid_0047,2,-1,1,-1,-1,True,True
decode_reencode,test_iid,v3_confirmation_test_iid_0048,2,-1,0,-1,-1,True,True
decode_reencode,test_iid,v3_confirmation_test_iid_0050,2,-1,0,-1,-1,True,True
decode_reencode,test_iid,v3_confirmation_test_iid_0051,2,-1,0,-1,-1,True,True
decode_reencode,test_iid,v3_confirmation_test_iid_0053,2,-1,-3,-1,-1,True,True
decode_reencode,test_iid,v3_confirmation_test_iid_0054,2,-1,0,-1,-1,True,True
decode_reencode,test_iid,v3_confirmation_test_iid_0056,2,-1,-3,-1,-1,True,True
decode_reencode,test_iid,v3_confirmation_test_iid_0057,2,-1,0,-1,-1,True,True
decode_reencode,test_iid,v3_confirmation_test_iid_0059,2,-1,0,-1,-1,True,True
decode_reencode,test_iid,v3_confirmation_test_iid_0060,2,-1,0,-1,-1,True,True
decode_reencode,test_iid,v3_confirmation_test_iid_0062,2,-1,0,-1,-1,True,True
decode_reencode,test_iid,v3_confirmation_test_iid_0063,2,-1,0,-1,-1,True,True
decode_reencode,test_iid,v3_confirmation_test_iid_0065,2,-1,0,-1,-1,True,True
decode_reencode,test_iid,v3_confirmation_test_iid_0066,2,-1,0,-1,-1,True,True
decode_reencode,test_iid,v3_confirmation_test_iid_0068,2,-1,0,-1,-1,True,True
decode_reencode,test_iid,v3_confirmation_test_iid_0069,2,-1,-3,-1,-1,True,True
decode_reencode,test_iid,v3_confirmation_test_iid_0071,2,-1,1,-1,-1,True,True
decode_reencode,test_iid,v3_confirmation_test_iid_0072,2,-1,0,-1,-1,True,True
decode_reencode,test_iid,v3_confirmation_test_iid_0074,2,-1,1,-1,-1,True,True
decode_reencode,test_iid,v3_confirmation_test_iid_0075,2,-1,1,-1,-1,True,True
decode_reencode,test_iid,v3_confirmation_test_iid_0077,2,-1,1,-1,-1,True,True
decode_reencode,test_iid,v3_confirmation_test_iid_0078,2,-1,1,-1,-1,True,True
decode_reencode,test_iid,v3_confirmation_test_iid_0000,3,-2,-3,-2,-2,True,True
decode_reencode,test_iid,v3_confirmation_test_iid_0002,3,-2,-3,-2,-2,True,True
decode_reencode,test_iid,v3_confirmation_test_iid_0003,3,-2,-3,-2,-2,True,True
decode_reencode,test_iid,v3_confirmation_test_iid_0005,3,-2,-3,-2,-2,True,True
decode_reencode,test_iid,v3_confirmation_test_iid_0006,3,-2,-3,-2,-2,True,True
decode_reencode,test_iid,v3_confirmation_test_iid_0008,3,-2,-3,-2,-2,True,True
decode_reencode,test_iid,v3_confirmation_test_iid_0009,3,-2,-3,-2,-2,True,True
decode_reencode,test_iid,v3_confirmation_test_iid_0011,3,-2,-3,-2,-2,True,True
decode_reencode,test_iid,v3_confirmation_test_iid_0012,3,-2,-3,-2,-2,True,True
decode_reencode,test_iid,v3_confirmation_test_iid_0014,3,-2,-3,-2,-2,True,True
decode_reencode,test_iid,v3_confirmation_test_iid_0015,3,-2,-3,-2,-2,True,True
decode_reencode,test_iid,v3_confirmation_test_iid_0017,3,-2,-3,-2,-2,True,True
decode_reencode,test_iid,v3_confirmation_test_iid_0018,3,-2,-3,-2,-2,True,True
decode_reencode,test_iid,v3_confirmation_test_iid_0020,3,-2,-3,-2,-2,True,True
decode_reencode,test_iid,v3_confirmation_test_iid_0021,3,-2,-3,-2,-2,True,True
decode_reencode,test_iid,v3_confirmation_test_iid_0023,3,-2,-3,-2,-2,True,True
decode_reencode,test_iid,v3_confirmation_test_iid_0024,3,-2,-3,-2,-2,True,True
decode_reencode,test_iid,v3_confirmation_test_iid_0026,3,-2,-1,-2,-2,True,True
decode_reencode,test_iid,v3_confirmation_test_iid_0027,3,-2,-3,-2,-2,True,True
decode_reencode,test_iid,v3_confirmation_test_iid_0029,3,-2,-3,-2,-2,True,True
decode_reencode,test_iid,v3_confirmation_test_iid_0030,3,-2,-3,-2,-2,True,True
decode_reencode,test_iid,v3_confirmation_test_iid_0032,3,-2,-3,-2,-2,True,True
decode_reencode,test_iid,v3_confirmation_test_iid_0033,3,-2,-3,-2,-2,True,True
decode_reencode,test_iid,v3_confirmation_test_iid_0035,3,-2,-3,-2,-2,True,True
decode_reencode,test_iid,v3_confirmation_test_iid_0036,3,-2,-3,-2,-2,True,True
decode_reencode,test_iid,v3_confirmation_test_iid_0038,3,-2,-3,-2,-2,True,True
decode_reencode,test_iid,v3_confirmation_test_iid_0039,3,-2,-3,-2,-2,True,True
decode_reencode,test_iid,v3_confirmation_test_iid_0041,3,-2,-3,-2,-2,True,True
decode_reencode,test_iid,v3_confirmation_test_iid_0042,3,-2,-3,-2,-2,True,True
decode_reencode,test_iid,v3_confirmation_test_iid_0044,3,-2,-3,-2,-2,True,True
decode_reencode,test_iid,v3_confirmation_test_iid_0045,3,-2,-1,-2,-2,True,True
decode_reencode,test_iid,v3_confirmation_test_iid_0047,3,-2,-3,-2,-2,True,True
decode_reencode,test_iid,v3_confirmation_test_iid_0048,3,-2,-3,-2,-2,True,True
decode_reencode,test_iid,v3_confirmation_test_iid_0050,3,-2,-3,-2,-2,True,True
decode_reencode,test_iid,v3_confirmation_test_iid_0051,3,-2,-3,-2,-2,True,True
decode_reencode,test_iid,v3_confirmation_test_iid_0053,3,-2,-3,-2,-2,True,True
decode_reencode,test_iid,v3_confirmation_test_iid_0054,3,-2,-3,-2,-2,True,True
decode_reencode,test_iid,v3_confirmation_test_iid_0056,3,-2,-3,-2,-2,True,True
decode_reencode,test_iid,v3_confirmation_test_iid_0057,3,-2,-3,-2,-2,True,True
decode_reencode,test_iid,v3_confirmation_test_iid_0059,3,-2,-3,-2,-2,True,True
decode_reencode,test_iid,v3_confirmation_test_iid_0060,3,-2,-3,-2,-2,True,True
decode_reencode,test_iid,v3_confirmation_test_iid_0062,3,-2,-3,-2,-2,True,True
decode_reencode,test_iid,v3_confirmation_test_iid_0063,3,-2,-3,-2,-2,True,True
decode_reencode,test_iid,v3_confirmation_test_iid_0065,3,-2,-3,-2,-2,True,True
decode_reencode,test_iid,v3_confirmation_test_iid_0066,3,-2,-3,-2,-2,True,True
decode_reencode,test_iid,v3_confirmation_test_iid_0068,3,-2,-3,-2,-2,True,True
decode_reencode,test_iid,v3_confirmation_test_iid_0069,3,-2,-3,-2,-2,True,True
decode_reencode,test_iid,v3_confirmation_test_iid_0071,3,-2,-3,-2,-2,True,True
decode_reencode,test_iid,v3_confirmation_test_iid_0072,3,-2,-3,-2,-2,True,True
decode_reencode,test_iid,v3_confirmation_test_iid_0074,3,-2,-3,-2,-2,True,True
decode_reencode,test_iid,v3_confirmation_test_iid_0075,3,-2,-3,-2,-2,True,True
decode_reencode,test_iid,v3_confirmation_test_iid_0077,3,-2,-3,-2,-2,True,True
decode_reencode,test_iid,v3_confirmation_test_iid_0078,3,-2,-3,-2,-2,True,True
decode_reencode,test_iid,v3_confirmation_test_iid_0000,4,-3,-3,-3,-3,True,True
decode_reencode,test_iid,v3_confirmation_test_iid_0002,4,-3,-3,-3,-3,True,True
decode_reencode,test_iid,v3_confirmation_test_iid_0003,4,-3,-3,-3,-3,True,True
decode_reencode,test_iid,v3_confirmation_test_iid_0005,4,-3,-3,-3,-3,True,True
decode_reencode,test_iid,v3_confirmation_test_iid_0006,4,-3,-3,-3,-3,True,True
decode_reencode,test_iid,v3_confirmation_test_iid_0008,4,-3,-3,-3,-3,True,True
decode_reencode,test_iid,v3_confirmation_test_iid_0009,4,-3,-3,-3,-3,True,True
decode_reencode,test_iid,v3_confirmation_test_iid_0011,4,-3,-3,-3,-3,True,True
decode_reencode,test_iid,v3_confirmation_test_iid_0012,4,-3,-3,-3,-3,True,True
decode_reencode,test_iid,v3_confirmation_test_iid_0014,4,-3,-3,-3,-3,True,True
decode_reencode,test_iid,v3_confirmation_test_iid_0015,4,-3,-3,-3,-3,True,True
decode_reencode,test_iid,v3_confirmation_test_iid_0017,4,-3,-3,-3,-3,True,True
decode_reencode,test_iid,v3_confirmation_test_iid_0018,4,-3,-3,-3,-3,True,True
decode_reencode,test_iid,v3_confirmation_test_iid_0020,4,-3,-3,-3,-3,True,True
decode_reencode,test_iid,v3_confirmation_test_iid_0021,4,-3,-3,-3,-3,True,True
decode_reencode,test_iid,v3_confirmation_test_iid_0023,4,-3,-3,-3,-3,True,True
decode_reencode,test_iid,v3_confirmation_test_iid_0024,4,-3,-3,-3,-3,True,True
decode_reencode,test_iid,v3_confirmation_test_iid_0026,4,-3,-3,-3,-3,True,True
decode_reencode,test_iid,v3_confirmation_test_iid_0027,4,-3,-3,-3,-3,True,True
decode_reencode,test_iid,v3_confirmation_test_iid_0029,4,-3,-3,-3,-3,True,True
decode_reencode,test_iid,v3_confirmation_test_iid_0030,4,-3,-3,-3,-3,True,True
decode_reencode,test_iid,v3_confirmation_test_iid_0032,4,-3,-3,-3,-3,True,True
decode_reencode,test_iid,v3_confirmation_test_iid_0033,4,-3,-3,-3,-3,True,True
decode_reencode,test_iid,v3_confirmation_test_iid_0035,4,-3,-3,-3,-3,True,True
decode_reencode,test_iid,v3_confirmation_test_iid_0036,4,-3,-3,-3,-3,True,True
decode_reencode,test_iid,v3_confirmation_test_iid_0038,4,-3,-3,-3,-3,True,True
decode_reencode,test_iid,v3_confirmation_test_iid_0039,4,-3,-3,-3,-3,True,True
decode_reencode,test_iid,v3_confirmation_test_iid_0041,4,-3,-3,-3,-3,True,True
decode_reencode,test_iid,v3_confirmation_test_iid_0042,4,-3,-3,-3,-3,True,True
decode_reencode,test_iid,v3_confirmation_test_iid_0044,4,-3,-3,-3,-3,True,True
decode_reencode,test_iid,v3_confirmation_test_iid_0045,4,-3,-3,-3,-3,True,True
decode_reencode,test_iid,v3_confirmation_test_iid_0047,4,-3,-3,-3,-3,True,True
decode_reencode,test_iid,v3_confirmation_test_iid_0048,4,-3,-3,-3,-3,True,True
decode_reencode,test_iid,v3_confirmation_test_iid_0050,4,-3,-3,-3,-3,True,True
decode_reencode,test_iid,v3_confirmation_test_iid_0051,4,-3,-3,-3,-3,True,True
decode_reencode,test_iid,v3_confirmation_test_iid_0053,4,-3,-3,-3,-3,True,True
decode_reencode,test_iid,v3_confirmation_test_iid_0054,4,-3,-3,-3,-3,True,True
decode_reencode,test_iid,v3_confirmation_test_iid_0056,4,-3,-3,-3,-3,True,True
decode_reencode,test_iid,v3_confirmation_test_iid_0057,4,-3,-3,-3,-3,True,True
decode_reencode,test_iid,v3_confirmation_test_iid_0059,4,-3,-3,-3,-3,True,True
decode_reencode,test_iid,v3_confirmation_test_iid_0060,4,-3,-3,-3,-3,True,True
decode_reencode,test_iid,v3_confirmation_test_iid_0062,4,-3,-3,-3,-3,True,True
decode_reencode,test_iid,v3_confirmation_test_iid_0063,4,-3,-3,-3,-3,True,True
decode_reencode,test_iid,v3_confirmation_test_iid_0065,4,-3,-3,-3,-3,True,True
decode_reencode,test_iid,v3_confirmation_test_iid_0066,4,-3,-3,-4,-4,True,True
decode_reencode,test_iid,v3_confirmation_test_iid_0068,4,-3,-3,-3,-3,True,True
decode_reencode,test_iid,v3_confirmation_test_iid_0069,4,-3,-3,-3,-3,True,True
decode_reencode,test_iid,v3_confirmation_test_iid_0071,4,-3,-3,-3,-3,True,True
decode_reencode,test_iid,v3_confirmation_test_iid_0072,4,-3,-3,-3,-3,True,True
decode_reencode,test_iid,v3_confirmation_test_iid_0074,4,-3,-3,-3,-3,True,True
decode_reencode,test_iid,v3_confirmation_test_iid_0075,4,-3,-3,-3,-3,True,True
decode_reencode,test_iid,v3_confirmation_test_iid_0077,4,-3,-3,-3,-3,True,True
decode_reencode,test_iid,v3_confirmation_test_iid_0078,4,-3,-3,-3,-3,True,True
decode_reencode,test_iid,v3_confirmation_test_iid_0000,5,-4,-3,-4,-4,True,True
decode_reencode,test_iid,v3_confirmation_test_iid_0002,5,-4,-3,-4,-4,True,True
decode_reencode,test_iid,v3_confirmation_test_iid_0003,5,-4,-3,-4,-4,True,True
decode_reencode,test_iid,v3_confirmation_test_iid_0005,5,-4,-3,-4,-4,True,True
decode_reencode,test_iid,v3_confirmation_test_iid_0006,5,-4,-3,-4,-4,True,True
decode_reencode,test_iid,v3_confirmation_test_iid_0008,5,-4,-3,-4,-4,True,True
decode_reencode,test_iid,v3_confirmation_test_iid_0009,5,-4,-3,-4,-4,True,True
decode_reencode,test_iid,v3_confirmation_test_iid_0011,5,-4,-3,-4,-4,True,True
decode_reencode,test_iid,v3_confirmation_test_iid_0012,5,-4,-3,-4,-4,True,True
decode_reencode,test_iid,v3_confirmation_test_iid_0014,5,-4,-3,-4,-4,True,True
decode_reencode,test_iid,v3_confirmation_test_iid_0015,5,-4,-3,-4,-4,True,True
decode_reencode,test_iid,v3_confirmation_test_iid_0017,5,-4,-3,-4,-4,True,True
decode_reencode,test_iid,v3_confirmation_test_iid_0018,5,-4,-3,-4,-4,True,True
decode_reencode,test_iid,v3_confirmation_test_iid_0020,5,-4,-3,-4,-4,True,True
decode_reencode,test_iid,v3_confirmation_test_iid_0021,5,-4,-3,-4,-4,True,True
decode_reencode,test_iid,v3_confirmation_test_iid_0023,5,-4,-3,-4,-4,True,True
decode_reencode,test_iid,v3_confirmation_test_iid_0024,5,-4,-3,-4,-4,True,True
decode_reencode,test_iid,v3_confirmation_test_iid_0026,5,-4,-3,-4,-4,True,True
decode_reencode,test_iid,v3_confirmation_test_iid_0027,5,-4,-3,-4,-4,True,True
decode_reencode,test_iid,v3_confirmation_test_iid_0029,5,-4,-3,-4,-4,True,True
decode_reencode,test_iid,v3_confirmation_test_iid_0030,5,-4,-3,-4,-4,True,True
decode_reencode,test_iid,v3_confirmation_test_iid_0032,5,-4,-3,-4,-4,True,True
decode_reencode,test_iid,v3_confirmation_test_iid_0033,5,-4,-3,-4,-4,True,True
decode_reencode,test_iid,v3_confirmation_test_iid_0035,5,-4,-3,-4,-4,True,True
decode_reencode,test_iid,v3_confirmation_test_iid_0036,5,-4,-3,-4,-4,True,True
decode_reencode,test_iid,v3_confirmation_test_iid_0038,5,-4,-3,-4,-4,True,True
decode_reencode,test_iid,v3_confirmation_test_iid_0039,5,-4,-3,-4,-4,True,True
decode_reencode,test_iid,v3_confirmation_test_iid_0041,5,-4,-3,-3,-3,True,True
decode_reencode,test_iid,v3_confirmation_test_iid_0042,5,-4,-3,-4,-4,True,True
decode_reencode,test_iid,v3_confirmation_test_iid_0044,5,-4,-3,-4,-4,True,True
decode_reencode,test_iid,v3_confirmation_test_iid_0045,5,-4,-3,-4,-4,True,True
decode_reencode,test_iid,v3_confirmation_test_iid_0047,5,-4,-3,-4,-4,True,True
decode_reencode,test_iid,v3_confirmation_test_iid_0048,5,-4,-3,-4,-4,True,True
decode_reencode,test_iid,v3_confirmation_test_iid_0050,5,-4,-3,-4,-4,True,True
decode_reencode,test_iid,v3_confirmation_test_iid_0051,5,-4,-3,-4,-4,True,True
decode_reencode,test_iid,v3_confirmation_test_iid_0053,5,-4,-3,-4,-4,True,True
decode_reencode,test_iid,v3_confirmation_test_iid_0054,5,-4,-3,-4,-4,True,True
decode_reencode,test_iid,v3_confirmation_test_iid_0056,5,-4,-3,-4,-4,True,True
decode_reencode,test_iid,v3_confirmation_test_iid_0057,5,-4,-3,-4,-4,True,True
decode_reencode,test_iid,v3_confirmation_test_iid_0059,5,-4,-3,-4,-4,True,True
decode_reencode,test_iid,v3_confirmation_test_iid_0060,5,-4,-3,-4,-4,True,True
decode_reencode,test_iid,v3_confirmation_test_iid_0062,5,-4,-3,-4,-4,True,True
decode_reencode,test_iid,v3_confirmation_test_iid_0063,5,-4,-3,-4,-4,True,True
decode_reencode,test_iid,v3_confirmation_test_iid_0065,5,-4,-3,-4,-4,True,True
decode_reencode,test_iid,v3_confirmation_test_iid_0066,5,-4,-3,-4,-4,True,True
decode_reencode,test_iid,v3_confirmation_test_iid_0068,5,-4,-3,-2,-2,True,True
decode_reencode,test_iid,v3_confirmation_test_iid_0069,5,-4,-3,-4,-4,True,True
decode_reencode,test_iid,v3_confirmation_test_iid_0071,5,-4,-3,-4,-4,True,True
decode_reencode,test_iid,v3_confirmation_test_iid_0072,5,-4,-3,-4,-4,True,True
decode_reencode,test_iid,v3_confirmation_test_iid_0074,5,-4,-3,-4,-4,True,True
decode_reencode,test_iid,v3_confirmation_test_iid_0075,5,-4,-3,-4,-4,True,True
decode_reencode,test_iid,v3_confirmation_test_iid_0077,5,-4,-3,-4,-4,True,True
decode_reencode,test_iid,v3_confirmation_test_iid_0078,5,-4,-3,-4,-4,True,True
decode_reencode,test_template_ood,v3_confirmation_test_template_ood_0000,1,0,1,0,0,True,True
decode_reencode,test_template_ood,v3_confirmation_test_template_ood_0002,1,0,1,0,0,True,True
decode_reencode,test_template_ood,v3_confirmation_test_template_ood_0003,1,0,1,0,0,True,True
decode_reencode,test_template_ood,v3_confirmation_test_template_ood_0005,1,0,1,0,0,True,True
decode_reencode,test_template_ood,v3_confirmation_test_template_ood_0006,1,0,1,0,0,True,True
decode_reencode,test_template_ood,v3_confirmation_test_template_ood_0008,1,0,1,0,0,True,True
decode_reencode,test_template_ood,v3_confirmation_test_template_ood_0009,1,0,1,0,0,True,True
decode_reencode,test_template_ood,v3_confirmation_test_template_ood_0011,1,0,1,0,0,True,True
decode_reencode,test_template_ood,v3_confirmation_test_template_ood_0012,1,0,1,0,0,True,True
decode_reencode,test_template_ood,v3_confirmation_test_template_ood_0014,1,0,1,0,0,True,True
decode_reencode,test_template_ood,v3_confirmation_test_template_ood_0015,1,0,1,0,0,True,True
decode_reencode,test_template_ood,v3_confirmation_test_template_ood_0017,1,0,1,0,0,True,True
decode_reencode,test_template_ood,v3_confirmation_test_template_ood_0018,1,0,1,0,0,True,True
decode_reencode,test_template_ood,v3_confirmation_test_template_ood_0020,1,0,1,0,0,True,True
decode_reencode,test_template_ood,v3_confirmation_test_template_ood_0021,1,0,1,0,0,True,True
decode_reencode,test_template_ood,v3_confirmation_test_template_ood_0023,1,0,1,0,0,True,True
decode_reencode,test_template_ood,v3_confirmation_test_template_ood_0024,1,0,1,0,0,True,True
decode_reencode,test_template_ood,v3_confirmation_test_template_ood_0026,1,0,1,0,0,True,True
decode_reencode,test_template_ood,v3_confirmation_test_template_ood_0027,1,0,1,0,0,True,True
decode_reencode,test_template_ood,v3_confirmation_test_template_ood_0029,1,0,1,0,0,True,True
decode_reencode,test_template_ood,v3_confirmation_test_template_ood_0030,1,0,1,0,0,True,True
decode_reencode,test_template_ood,v3_confirmation_test_template_ood_0032,1,0,1,0,0,True,True
decode_reencode,test_template_ood,v3_confirmation_test_template_ood_0033,1,0,1,0,0,True,True
decode_reencode,test_template_ood,v3_confirmation_test_template_ood_0035,1,0,1,0,0,True,True
decode_reencode,test_template_ood,v3_confirmation_test_template_ood_0036,1,0,1,0,0,True,True
decode_reencode,test_template_ood,v3_confirmation_test_template_ood_0038,1,0,1,0,0,True,True
decode_reencode,test_template_ood,v3_confirmation_test_template_ood_0039,1,0,1,0,0,True,True
decode_reencode,test_template_ood,v3_confirmation_test_template_ood_0041,1,0,1,0,0,True,True
decode_reencode,test_template_ood,v3_confirmation_test_template_ood_0042,1,0,1,0,0,True,True
decode_reencode,test_template_ood,v3_confirmation_test_template_ood_0044,1,0,1,0,0,True,True
decode_reencode,test_template_ood,v3_confirmation_test_template_ood_0045,1,0,1,0,0,True,True
decode_reencode,test_template_ood,v3_confirmation_test_template_ood_0047,1,0,1,0,0,True,True
decode_reencode,test_template_ood,v3_confirmation_test_template_ood_0048,1,0,1,0,0,True,True
decode_reencode,test_template_ood,v3_confirmation_test_template_ood_0050,1,0,1,0,0,True,True
decode_reencode,test_template_ood,v3_confirmation_test_template_ood_0051,1,0,1,0,0,True,True
decode_reencode,test_template_ood,v3_confirmation_test_template_ood_0053,1,0,1,0,0,True,True
decode_reencode,test_template_ood,v3_confirmation_test_template_ood_0054,1,0,1,0,0,True,True
decode_reencode,test_template_ood,v3_confirmation_test_template_ood_0056,1,0,1,0,0,True,True
decode_reencode,test_template_ood,v3_confirmation_test_template_ood_0057,1,0,1,0,0,True,True
decode_reencode,test_template_ood,v3_confirmation_test_template_ood_0059,1,0,1,0,0,True,True
decode_reencode,test_template_ood,v3_confirmation_test_template_ood_0060,1,0,1,0,0,True,True
decode_reencode,test_template_ood,v3_confirmation_test_template_ood_0062,1,0,1,0,0,True,True
decode_reencode,test_template_ood,v3_confirmation_test_template_ood_0063,1,0,1,0,0,True,True
decode_reencode,test_template_ood,v3_confirmation_test_template_ood_0065,1,0,1,0,0,True,True
decode_reencode,test_template_ood,v3_confirmation_test_template_ood_0066,1,0,1,0,0,True,True
decode_reencode,test_template_ood,v3_confirmation_test_template_ood_0068,1,0,1,0,0,True,True
decode_reencode,test_template_ood,v3_confirmation_test_template_ood_0069,1,0,1,0,0,True,True
decode_reencode,test_template_ood,v3_confirmation_test_template_ood_0071,1,0,1,0,0,True,True
decode_reencode,test_template_ood,v3_confirmation_test_template_ood_0072,1,0,1,0,0,True,True
decode_reencode,test_template_ood,v3_confirmation_test_template_ood_0074,1,0,1,0,0,True,True
decode_reencode,test_template_ood,v3_confirmation_test_template_ood_0075,1,0,1,0,0,True,True
decode_reencode,test_template_ood,v3_confirmation_test_template_ood_0077,1,0,1,0,0,True,True
decode_reencode,test_template_ood,v3_confirmation_test_template_ood_0078,1,0,1,0,0,True,True
decode_reencode,test_template_ood,v3_confirmation_test_template_ood_0000,2,-1,-3,-1,-1,True,True
decode_reencode,test_template_ood,v3_confirmation_test_template_ood_0002,2,-1,1,-1,-1,True,True
decode_reencode,test_template_ood,v3_confirmation_test_template_ood_0003,2,-1,0,-1,-1,True,True
decode_reencode,test_template_ood,v3_confirmation_test_template_ood_0005,2,-1,1,-1,-1,True,True
decode_reencode,test_template_ood,v3_confirmation_test_template_ood_0006,2,-1,0,-1,-1,True,True
decode_reencode,test_template_ood,v3_confirmation_test_template_ood_0008,2,-1,0,-1,-1,True,True
decode_reencode,test_template_ood,v3_confirmation_test_template_ood_0009,2,-1,0,0,-1,False,False
decode_reencode,test_template_ood,v3_confirmation_test_template_ood_0011,2,-1,0,0,-1,False,False
decode_reencode,test_template_ood,v3_confirmation_test_template_ood_0012,2,-1,0,-1,-1,True,True
decode_reencode,test_template_ood,v3_confirmation_test_template_ood_0014,2,-1,-3,-1,-1,True,True
decode_reencode,test_template_ood,v3_confirmation_test_template_ood_0015,2,-1,-3,-1,-1,True,True
decode_reencode,test_template_ood,v3_confirmation_test_template_ood_0017,2,-1,1,-1,-1,True,True
decode_reencode,test_template_ood,v3_confirmation_test_template_ood_0018,2,-1,0,-1,-1,True,True
decode_reencode,test_template_ood,v3_confirmation_test_template_ood_0020,2,-1,0,-1,-1,True,True
decode_reencode,test_template_ood,v3_confirmation_test_template_ood_0021,2,-1,1,0,-1,False,False
decode_reencode,test_template_ood,v3_confirmation_test_template_ood_0023,2,-1,0,0,-1,False,False
decode_reencode,test_template_ood,v3_confirmation_test_template_ood_0024,2,-1,1,-1,-1,True,True
decode_reencode,test_template_ood,v3_confirmation_test_template_ood_0026,2,-1,1,-1,-1,True,True
decode_reencode,test_template_ood,v3_confirmation_test_template_ood_0027,2,-1,0,-1,-1,True,True
decode_reencode,test_template_ood,v3_confirmation_test_template_ood_0029,2,-1,0,-1,-1,True,True
decode_reencode,test_template_ood,v3_confirmation_test_template_ood_0030,2,-1,0,-1,-1,True,True
decode_reencode,test_template_ood,v3_confirmation_test_template_ood_0032,2,-1,0,-1,-1,True,True
decode_reencode,test_template_ood,v3_confirmation_test_template_ood_0033,2,-1,0,0,-1,False,False
decode_reencode,test_template_ood,v3_confirmation_test_template_ood_0035,2,-1,0,0,-1,False,False
decode_reencode,test_template_ood,v3_confirmation_test_template_ood_0036,2,-1,-3,-1,-1,True,True
decode_reencode,test_template_ood,v3_confirmation_test_template_ood_0038,2,-1,1,-1,-1,True,True
decode_reencode,test_template_ood,v3_confirmation_test_template_ood_0039,2,-1,1,-1,-1,True,True
decode_reencode,test_template_ood,v3_confirmation_test_template_ood_0041,2,-1,-3,-1,-1,True,True
decode_reencode,test_template_ood,v3_confirmation_test_template_ood_0042,2,-1,0,-1,-1,True,True
decode_reencode,test_template_ood,v3_confirmation_test_template_ood_0044,2,-1,1,-1,-1,True,True
decode_reencode,test_template_ood,v3_confirmation_test_template_ood_0045,2,-1,-3,0,-1,False,False
decode_reencode,test_template_ood,v3_confirmation_test_template_ood_0047,2,-1,0,0,-1,False,False
decode_reencode,test_template_ood,v3_confirmation_test_template_ood_0048,2,-1,-3,-1,-1,True,True
decode_reencode,test_template_ood,v3_confirmation_test_template_ood_0050,2,-1,1,-1,-1,True,True
decode_reencode,test_template_ood,v3_confirmation_test_template_ood_0051,2,-1,0,-1,-1,True,True
decode_reencode,test_template_ood,v3_confirmation_test_template_ood_0053,2,-1,-3,-1,-1,True,True
decode_reencode,test_template_ood,v3_confirmation_test_template_ood_0054,2,-1,0,-1,-1,True,True
decode_reencode,test_template_ood,v3_confirmation_test_template_ood_0056,2,-1,-3,-1,-1,True,True
decode_reencode,test_template_ood,v3_confirmation_test_template_ood_0057,2,-1,-3,0,-1,False,False
decode_reencode,test_template_ood,v3_confirmation_test_template_ood_0059,2,-1,1,0,-1,False,False
decode_reencode,test_template_ood,v3_confirmation_test_template_ood_0060,2,-1,-3,-1,-1,True,True
decode_reencode,test_template_ood,v3_confirmation_test_template_ood_0062,2,-1,1,-1,-1,True,True
decode_reencode,test_template_ood,v3_confirmation_test_template_ood_0063,2,-1,1,-1,-1,True,True
decode_reencode,test_template_ood,v3_confirmation_test_template_ood_0065,2,-1,1,-1,-1,True,True
decode_reencode,test_template_ood,v3_confirmation_test_template_ood_0066,2,-1,0,-1,-1,True,True
decode_reencode,test_template_ood,v3_confirmation_test_template_ood_0068,2,-1,0,-1,-1,True,True
decode_reencode,test_template_ood,v3_confirmation_test_template_ood_0069,2,-1,0,0,-1,False,False
decode_reencode,test_template_ood,v3_confirmation_test_template_ood_0071,2,-1,0,0,-1,False,False
decode_reencode,test_template_ood,v3_confirmation_test_template_ood_0072,2,-1,0,-1,-1,True,True
decode_reencode,test_template_ood,v3_confirmation_test_template_ood_0074,2,-1,-3,-1,-1,True,True
decode_reencode,test_template_ood,v3_confirmation_test_template_ood_0075,2,-1,1,-1,-1,True,True
decode_reencode,test_template_ood,v3_confirmation_test_template_ood_0077,2,-1,0,-1,-1,True,True
decode_reencode,test_template_ood,v3_confirmation_test_template_ood_0078,2,-1,0,-1,-1,True,True
decode_reencode,test_template_ood,v3_confirmation_test_template_ood_0000,3,-2,-3,-2,-2,True,True
decode_reencode,test_template_ood,v3_confirmation_test_template_ood_0002,3,-2,-3,-2,-2,True,True
decode_reencode,test_template_ood,v3_confirmation_test_template_ood_0003,3,-2,-1,-2,-2,True,True
decode_reencode,test_template_ood,v3_confirmation_test_template_ood_0005,3,-2,-3,-2,-2,True,True
decode_reencode,test_template_ood,v3_confirmation_test_template_ood_0006,3,-2,-3,-2,-2,True,True
decode_reencode,test_template_ood,v3_confirmation_test_template_ood_0008,3,-2,-3,-2,-2,True,True
decode_reencode,test_template_ood,v3_confirmation_test_template_ood_0009,3,-2,0,0,-2,False,False
decode_reencode,test_template_ood,v3_confirmation_test_template_ood_0011,3,-2,0,0,-2,False,False
decode_reencode,test_template_ood,v3_confirmation_test_template_ood_0012,3,-2,-1,-2,-2,True,True
decode_reencode,test_template_ood,v3_confirmation_test_template_ood_0014,3,-2,-3,-2,-2,True,True
decode_reencode,test_template_ood,v3_confirmation_test_template_ood_0015,3,-2,-3,-2,-2,True,True
decode_reencode,test_template_ood,v3_confirmation_test_template_ood_0017,3,-2,-3,-2,-2,True,True
decode_reencode,test_template_ood,v3_confirmation_test_template_ood_0018,3,-2,-3,-3,-3,True,True
decode_reencode,test_template_ood,v3_confirmation_test_template_ood_0020,3,-2,-3,-2,-2,True,True
decode_reencode,test_template_ood,v3_confirmation_test_template_ood_0021,3,-2,1,0,-2,False,False
decode_reencode,test_template_ood,v3_confirmation_test_template_ood_0023,3,-2,0,0,-2,False,False
decode_reencode,test_template_ood,v3_confirmation_test_template_ood_0024,3,-2,-3,-2,-2,True,True
decode_reencode,test_template_ood,v3_confirmation_test_template_ood_0026,3,-2,-3,-2,-2,True,True
decode_reencode,test_template_ood,v3_confirmation_test_template_ood_0027,3,-2,-1,-2,-2,True,True
decode_reencode,test_template_ood,v3_confirmation_test_template_ood_0029,3,-2,-3,-2,-2,True,True
decode_reencode,test_template_ood,v3_confirmation_test_template_ood_0030,3,-2,-3,-2,-2,True,True
decode_reencode,test_template_ood,v3_confirmation_test_template_ood_0032,3,-2,-3,-2,-2,True,True
decode_reencode,test_template_ood,v3_confirmation_test_template_ood_0033,3,-2,0,0,-2,False,False
decode_reencode,test_template_ood,v3_confirmation_test_template_ood_0035,3,-2,0,0,-2,False,False
decode_reencode,test_template_ood,v3_confirmation_test_template_ood_0036,3,-2,-3,-2,-2,True,True
decode_reencode,test_template_ood,v3_confirmation_test_template_ood_0038,3,-2,-3,-2,-2,True,True
decode_reencode,test_template_ood,v3_confirmation_test_template_ood_0039,3,-2,1,-2,-2,True,True
decode_reencode,test_template_ood,v3_confirmation_test_template_ood_0041,3,-2,-3,-2,-2,True,True
decode_reencode,test_template_ood,v3_confirmation_test_template_ood_0042,3,-2,-3,-2,-2,True,True
decode_reencode,test_template_ood,v3_confirmation_test_template_ood_0044,3,-2,-3,-2,-2,True,True
decode_reencode,test_template_ood,v3_confirmation_test_template_ood_0045,3,-2,-3,0,-2,False,False
decode_reencode,test_template_ood,v3_confirmation_test_template_ood_0047,3,-2,0,0,-2,False,False
decode_reencode,test_template_ood,v3_confirmation_test_template_ood_0048,3,-2,-3,-2,-2,True,True
decode_reencode,test_template_ood,v3_confirmation_test_template_ood_0050,3,-2,-3,-2,-2,True,True
decode_reencode,test_template_ood,v3_confirmation_test_template_ood_0051,3,-2,-3,-2,-2,True,True
decode_reencode,test_template_ood,v3_confirmation_test_template_ood_0053,3,-2,-3,-2,-2,True,True
decode_reencode,test_template_ood,v3_confirmation_test_template_ood_0054,3,-2,-3,-2,-2,True,True
decode_reencode,test_template_ood,v3_confirmation_test_template_ood_0056,3,-2,-3,-2,-2,True,True
decode_reencode,test_template_ood,v3_confirmation_test_template_ood_0057,3,-2,-3,0,-2,False,False
decode_reencode,test_template_ood,v3_confirmation_test_template_ood_0059,3,-2,1,0,-2,False,False
decode_reencode,test_template_ood,v3_confirmation_test_template_ood_0060,3,-2,-3,-2,-2,True,True
decode_reencode,test_template_ood,v3_confirmation_test_template_ood_0062,3,-2,-3,-2,-2,True,True
decode_reencode,test_template_ood,v3_confirmation_test_template_ood_0063,3,-2,-3,-2,-2,True,True
decode_reencode,test_template_ood,v3_confirmation_test_template_ood_0065,3,-2,-3,-2,-2,True,True
decode_reencode,test_template_ood,v3_confirmation_test_template_ood_0066,3,-2,-3,-2,-2,True,True
decode_reencode,test_template_ood,v3_confirmation_test_template_ood_0068,3,-2,-3,-2,-2,True,True
decode_reencode,test_template_ood,v3_confirmation_test_template_ood_0069,3,-2,0,0,-2,False,False
decode_reencode,test_template_ood,v3_confirmation_test_template_ood_0071,3,-2,0,0,-2,False,False
decode_reencode,test_template_ood,v3_confirmation_test_template_ood_0072,3,-2,-1,-2,-2,True,True
decode_reencode,test_template_ood,v3_confirmation_test_template_ood_0074,3,-2,-3,-2,-2,True,True
decode_reencode,test_template_ood,v3_confirmation_test_template_ood_0075,3,-2,-3,-2,-2,True,True
decode_reencode,test_template_ood,v3_confirmation_test_template_ood_0077,3,-2,-1,-2,-2,True,True
decode_reencode,test_template_ood,v3_confirmation_test_template_ood_0078,3,-2,-3,-2,-2,True,True
decode_reencode,test_template_ood,v3_confirmation_test_template_ood_0000,4,-3,-3,-3,-3,True,True
decode_reencode,test_template_ood,v3_confirmation_test_template_ood_0002,4,-3,-3,-3,-3,True,True
decode_reencode,test_template_ood,v3_confirmation_test_template_ood_0003,4,-3,-3,-3,-3,True,True
decode_reencode,test_template_ood,v3_confirmation_test_template_ood_0005,4,-3,-3,-3,-3,True,True
decode_reencode,test_template_ood,v3_confirmation_test_template_ood_0006,4,-3,-3,-3,-3,True,True
decode_reencode,test_template_ood,v3_confirmation_test_template_ood_0008,4,-3,-3,-3,-3,True,True
decode_reencode,test_template_ood,v3_confirmation_test_template_ood_0009,4,-3,0,0,-3,False,False
decode_reencode,test_template_ood,v3_confirmation_test_template_ood_0011,4,-3,0,0,-3,False,False
decode_reencode,test_template_ood,v3_confirmation_test_template_ood_0012,4,-3,-3,-3,-3,True,True
decode_reencode,test_template_ood,v3_confirmation_test_template_ood_0014,4,-3,-3,-3,-3,True,True
decode_reencode,test_template_ood,v3_confirmation_test_template_ood_0015,4,-3,-3,-3,-3,True,True
decode_reencode,test_template_ood,v3_confirmation_test_template_ood_0017,4,-3,-3,-2,-2,True,True
decode_reencode,test_template_ood,v3_confirmation_test_template_ood_0018,4,-3,-3,-3,-3,True,True
decode_reencode,test_template_ood,v3_confirmation_test_template_ood_0020,4,-3,-3,-3,-3,True,True
decode_reencode,test_template_ood,v3_confirmation_test_template_ood_0021,4,-3,1,0,-3,False,False
decode_reencode,test_template_ood,v3_confirmation_test_template_ood_0023,4,-3,0,0,-3,False,False
decode_reencode,test_template_ood,v3_confirmation_test_template_ood_0024,4,-3,-3,-3,-3,True,True
decode_reencode,test_template_ood,v3_confirmation_test_template_ood_0026,4,-3,-3,-3,-3,True,True
decode_reencode,test_template_ood,v3_confirmation_test_template_ood_0027,4,-3,-3,-2,-2,True,True
decode_reencode,test_template_ood,v3_confirmation_test_template_ood_0029,4,-3,-3,-3,-3,True,True
decode_reencode,test_template_ood,v3_confirmation_test_template_ood_0030,4,-3,-3,-3,-3,True,True
decode_reencode,test_template_ood,v3_confirmation_test_template_ood_0032,4,-3,-3,-3,-3,True,True
decode_reencode,test_template_ood,v3_confirmation_test_template_ood_0033,4,-3,0,0,-3,False,False
decode_reencode,test_template_ood,v3_confirmation_test_template_ood_0035,4,-3,0,0,-4,False,False
decode_reencode,test_template_ood,v3_confirmation_test_template_ood_0036,4,-3,-3,-3,-3,True,True
decode_reencode,test_template_ood,v3_confirmation_test_template_ood_0038,4,-3,-3,-3,-3,True,True
decode_reencode,test_template_ood,v3_confirmation_test_template_ood_0039,4,-3,-3,-3,-3,True,True
decode_reencode,test_template_ood,v3_confirmation_test_template_ood_0041,4,-3,-3,-3,-3,True,True
decode_reencode,test_template_ood,v3_confirmation_test_template_ood_0042,4,-3,-3,-3,-3,True,True
decode_reencode,test_template_ood,v3_confirmation_test_template_ood_0044,4,-3,-3,-3,-3,True,True
decode_reencode,test_template_ood,v3_confirmation_test_template_ood_0045,4,-3,-3,0,-3,False,False
decode_reencode,test_template_ood,v3_confirmation_test_template_ood_0047,4,-3,0,0,-3,False,False
decode_reencode,test_template_ood,v3_confirmation_test_template_ood_0048,4,-3,-3,-3,-3,True,True
decode_reencode,test_template_ood,v3_confirmation_test_template_ood_0050,4,-3,-3,-3,-3,True,True
decode_reencode,test_template_ood,v3_confirmation_test_template_ood_0051,4,-3,-3,-3,-3,True,True
decode_reencode,test_template_ood,v3_confirmation_test_template_ood_0053,4,-3,-3,-3,-3,True,True
decode_reencode,test_template_ood,v3_confirmation_test_template_ood_0054,4,-3,-3,-3,-3,True,True
decode_reencode,test_template_ood,v3_confirmation_test_template_ood_0056,4,-3,-3,-3,-3,True,True
decode_reencode,test_template_ood,v3_confirmation_test_template_ood_0057,4,-3,-3,0,-3,False,False
decode_reencode,test_template_ood,v3_confirmation_test_template_ood_0059,4,-3,1,0,-3,False,False
decode_reencode,test_template_ood,v3_confirmation_test_template_ood_0060,4,-3,-3,-3,-3,True,True
decode_reencode,test_template_ood,v3_confirmation_test_template_ood_0062,4,-3,-3,-3,-3,True,True
decode_reencode,test_template_ood,v3_confirmation_test_template_ood_0063,4,-3,-3,-3,-3,True,True
decode_reencode,test_template_ood,v3_confirmation_test_template_ood_0065,4,-3,-3,-3,-3,True,True
decode_reencode,test_template_ood,v3_confirmation_test_template_ood_0066,4,-3,-3,-3,-3,True,True
decode_reencode,test_template_ood,v3_confirmation_test_template_ood_0068,4,-3,-3,-3,-3,True,True
decode_reencode,test_template_ood,v3_confirmation_test_template_ood_0069,4,-3,0,0,-3,False,False
decode_reencode,test_template_ood,v3_confirmation_test_template_ood_0071,4,-3,0,0,-3,False,False
decode_reencode,test_template_ood,v3_confirmation_test_template_ood_0072,4,-3,-3,-3,-3,True,True
decode_reencode,test_template_ood,v3_confirmation_test_template_ood_0074,4,-3,-3,-3,-3,True,True
decode_reencode,test_template_ood,v3_confirmation_test_template_ood_0075,4,-3,-3,-3,-3,True,True
decode_reencode,test_template_ood,v3_confirmation_test_template_ood_0077,4,-3,-3,-3,-3,True,True
decode_reencode,test_template_ood,v3_confirmation_test_template_ood_0078,4,-3,-3,-3,-3,True,True
decode_reencode,test_template_ood,v3_confirmation_test_template_ood_0000,5,-4,-3,-4,-4,True,True
decode_reencode,test_template_ood,v3_confirmation_test_template_ood_0002,5,-4,-3,-4,-4,True,True
decode_reencode,test_template_ood,v3_confirmation_test_template_ood_0003,5,-4,-3,-2,-2,True,True
decode_reencode,test_template_ood,v3_confirmation_test_template_ood_0005,5,-4,-3,-4,-4,True,True
decode_reencode,test_template_ood,v3_confirmation_test_template_ood_0006,5,-4,-3,-4,-4,True,True
decode_reencode,test_template_ood,v3_confirmation_test_template_ood_0008,5,-4,-3,-4,-4,True,True
decode_reencode,test_template_ood,v3_confirmation_test_template_ood_0009,5,-4,0,0,-4,False,False
decode_reencode,test_template_ood,v3_confirmation_test_template_ood_0011,5,-4,0,0,-4,False,False
decode_reencode,test_template_ood,v3_confirmation_test_template_ood_0012,5,-4,-3,-4,-4,True,True
decode_reencode,test_template_ood,v3_confirmation_test_template_ood_0014,5,-4,-3,-4,-4,True,True
decode_reencode,test_template_ood,v3_confirmation_test_template_ood_0015,5,-4,-3,-4,-4,True,True
decode_reencode,test_template_ood,v3_confirmation_test_template_ood_0017,5,-4,-3,-2,-2,True,True
decode_reencode,test_template_ood,v3_confirmation_test_template_ood_0018,5,-4,-3,-3,-3,True,True
decode_reencode,test_template_ood,v3_confirmation_test_template_ood_0020,5,-4,-3,-4,-4,True,True
decode_reencode,test_template_ood,v3_confirmation_test_template_ood_0021,5,-4,1,0,-4,False,False
decode_reencode,test_template_ood,v3_confirmation_test_template_ood_0023,5,-4,0,0,-4,False,False
decode_reencode,test_template_ood,v3_confirmation_test_template_ood_0024,5,-4,-3,-4,-4,True,True
decode_reencode,test_template_ood,v3_confirmation_test_template_ood_0026,5,-4,-3,-3,-4,False,False
decode_reencode,test_template_ood,v3_confirmation_test_template_ood_0027,5,-4,-3,-2,-2,True,True
decode_reencode,test_template_ood,v3_confirmation_test_template_ood_0029,5,-4,-3,-4,-4,True,True
decode_reencode,test_template_ood,v3_confirmation_test_template_ood_0030,5,-4,-3,-4,-4,True,True
decode_reencode,test_template_ood,v3_confirmation_test_template_ood_0032,5,-4,-3,-4,-4,True,True
decode_reencode,test_template_ood,v3_confirmation_test_template_ood_0033,5,-4,0,0,-4,False,False
decode_reencode,test_template_ood,v3_confirmation_test_template_ood_0035,5,-4,0,0,-4,False,False
decode_reencode,test_template_ood,v3_confirmation_test_template_ood_0036,5,-4,-3,-4,-4,True,True
decode_reencode,test_template_ood,v3_confirmation_test_template_ood_0038,5,-4,-3,-4,-4,True,True
decode_reencode,test_template_ood,v3_confirmation_test_template_ood_0039,5,-4,-3,-4,-4,True,True
decode_reencode,test_template_ood,v3_confirmation_test_template_ood_0041,5,-4,-3,-4,-4,True,True
decode_reencode,test_template_ood,v3_confirmation_test_template_ood_0042,5,-4,-3,-4,-4,True,True
decode_reencode,test_template_ood,v3_confirmation_test_template_ood_0044,5,-4,-3,-4,-4,True,True
decode_reencode,test_template_ood,v3_confirmation_test_template_ood_0045,5,-4,-3,0,-4,False,False
decode_reencode,test_template_ood,v3_confirmation_test_template_ood_0047,5,-4,0,0,-4,False,False
decode_reencode,test_template_ood,v3_confirmation_test_template_ood_0048,5,-4,-3,-4,-4,True,True
decode_reencode,test_template_ood,v3_confirmation_test_template_ood_0050,5,-4,-3,-3,-4,False,False
decode_reencode,test_template_ood,v3_confirmation_test_template_ood_0051,5,-4,-3,-4,-4,True,True
decode_reencode,test_template_ood,v3_confirmation_test_template_ood_0053,5,-4,-3,-4,-4,True,True
decode_reencode,test_template_ood,v3_confirmation_test_template_ood_0054,5,-4,-3,-4,-4,True,True
decode_reencode,test_template_ood,v3_confirmation_test_template_ood_0056,5,-4,-3,-4,-4,True,True
decode_reencode,test_template_ood,v3_confirmation_test_template_ood_0057,5,-4,-3,0,-2,False,False
decode_reencode,test_template_ood,v3_confirmation_test_template_ood_0059,5,-4,1,0,-4,False,False
decode_reencode,test_template_ood,v3_confirmation_test_template_ood_0060,5,-4,-3,-4,-4,True,True
decode_reencode,test_template_ood,v3_confirmation_test_template_ood_0062,5,-4,-3,-4,-4,True,True
decode_reencode,test_template_ood,v3_confirmation_test_template_ood_0063,5,-4,-3,-4,-4,True,True
decode_reencode,test_template_ood,v3_confirmation_test_template_ood_0065,5,-4,-3,-2,-2,True,True
decode_reencode,test_template_ood,v3_confirmation_test_template_ood_0066,5,-4,-3,-4,-4,True,True
decode_reencode,test_template_ood,v3_confirmation_test_template_ood_0068,5,-4,-3,-4,-4,True,True
decode_reencode,test_template_ood,v3_confirmation_test_template_ood_0069,5,-4,0,0,-4,False,False
decode_reencode,test_template_ood,v3_confirmation_test_template_ood_0071,5,-4,0,0,-3,False,False
decode_reencode,test_template_ood,v3_confirmation_test_template_ood_0072,5,-4,-3,-3,-4,False,False
decode_reencode,test_template_ood,v3_confirmation_test_template_ood_0074,5,-4,-3,-3,-4,False,False
decode_reencode,test_template_ood,v3_confirmation_test_template_ood_0075,5,-4,-3,-4,-4,True,True
decode_reencode,test_template_ood,v3_confirmation_test_template_ood_0077,5,-4,-3,-4,-4,True,True
decode_reencode,test_template_ood,v3_confirmation_test_template_ood_0078,5,-4,-3,-4,-4,True,True
