path,split,step,n,edited_cosine,reset_cosine,cosine_change_post_minus_pre,edited_normalized_l2,reset_normalized_l2,l2_change_post_minus_pre,reset_l2_improved_pct,edited_probe_correct_pct,reset_probe_correct_pct,mean_residual_norm,reset_same_stage_success_pct
pure_latent,test_iid,1,53,0.096588,0.0,-0.096588,0.462991,0.0,-0.462991,100.0,100.0,100.0,2.02718,100.0
pure_latent,test_iid,2,53,0.264924,0.0,-0.264924,0.875987,0.0,-0.875987,100.0,100.0,0.0,1.467489,100.0
pure_latent,test_iid,3,53,0.393182,0.003424,-0.389758,1.218409,0.050239,-1.16817,100.0,83.02,83.02,1.208738,62.26
pure_latent,test_iid,4,53,0.479291,0.202085,-0.277206,1.509525,0.740997,-0.768528,100.0,0.0,100.0,1.118606,0.0
pure_latent,test_iid,5,53,0.543612,0.359428,-0.184184,1.769839,1.130764,-0.639076,100.0,100.0,0.0,1.0863,0.0
decode_reencode,test_iid,1,53,0.096588,0.0,-0.096588,0.462991,0.0,-0.462991,100.0,100.0,100.0,2.02718,100.0
decode_reencode,test_iid,2,53,0.094469,0.0,-0.094469,0.456883,0.0,-0.456883,100.0,100.0,0.0,2.117907,100.0
decode_reencode,test_iid,3,53,0.093932,0.0,-0.093932,0.455315,0.0,-0.455315,100.0,1.89,100.0,2.216582,100.0
decode_reencode,test_iid,4,53,0.092115,-0.0,-0.092115,0.451605,0.0,-0.451605,100.0,100.0,0.0,2.260186,100.0
decode_reencode,test_iid,5,53,0.093969,0.0,-0.093969,0.455658,0.0,-0.455658,100.0,0.0,0.0,2.402199,100.0
pure_latent,test_template_ood,1,53,0.099144,0.0,-0.099144,0.469408,0.0,-0.469408,100.0,100.0,100.0,2.029763,100.0
pure_latent,test_template_ood,2,53,0.267637,0.000459,-0.267178,0.878706,0.014353,-0.864353,100.0,100.0,0.0,1.460236,77.36
pure_latent,test_template_ood,3,53,0.39626,0.010971,-0.385289,1.222688,0.12027,-1.102419,100.0,88.68,50.94,1.206131,16.98
pure_latent,test_template_ood,4,53,0.482208,0.193044,-0.289164,1.51267,0.723525,-0.789144,100.0,0.0,100.0,1.114869,0.0
pure_latent,test_template_ood,5,53,0.545993,0.364973,-0.18102,1.772348,1.14777,-0.624578,100.0,100.0,0.0,1.082505,0.0
decode_reencode,test_template_ood,1,53,0.099144,0.0,-0.099144,0.469408,0.0,-0.469408,100.0,100.0,100.0,2.029763,100.0
decode_reencode,test_template_ood,2,53,0.096767,0.000459,-0.096308,0.461163,0.014353,-0.44681,100.0,100.0,0.0,2.083588,77.36
decode_reencode,test_template_ood,3,53,0.096883,0.001292,-0.095591,0.462585,0.024135,-0.438451,100.0,0.0,77.36,2.165442,77.36
decode_reencode,test_template_ood,4,53,0.096128,0.001313,-0.094815,0.460625,0.024335,-0.43629,100.0,77.36,0.0,2.207527,77.36
decode_reencode,test_template_ood,5,53,0.097703,0.00129,-0.096414,0.464194,0.02588,-0.438313,100.0,0.0,0.0,2.318197,69.81
