group,seed,token_mse,centered_token_mse,mean_residual_norm,top4_fraction,gap4,relative_gap4,train_tokens,lambda4,lambda5
C1,42,0.006023725850596707,0.005177160536279248,0.8063263367866689,0.8682912980828166,0.03393040961691962,0.18865226624007317,19392,0.17985688851328618,0.14592647889636656
C1,43,0.006770273180774259,0.0049138003248606725,1.1940565955354183,0.834631283206228,0.07192439953949939,0.30891357317382107,19392,0.2328301692947257,0.1609057697552263
C1,44,0.006558246171121514,0.005416199105952893,0.9365319781243463,0.8527794284215666,0.06734940144018778,0.28760264205951264,19392,0.2341751833637585,0.16682578192357073
C2,42,0.00017501210049518948,0.00017455130893718855,0.018811908902201607,0.2558534024352711,0.0009610701985370944,0.15358691520966128,19392,0.006257500498822695,0.005296430300285601
C2,43,0.0001746451836270222,0.00017415445786728254,0.01941333004613252,0.25364449227872193,0.0009038722820932767,0.14344055470873152,19392,0.0063013719092809405,0.005397499627187664
C2,44,0.00017537064226908104,0.00017491199524760856,0.018768082280586452,0.25806938639198684,0.000978872164429166,0.15373184599401885,19392,0.006367400053644385,0.005388527889215219
C3,42,0.00018859578845406807,0.00018756141671117432,0.028185058072361407,0.27909315229983334,0.00014756446761800789,0.022469921804632146,19392,0.00656719987283568,0.006419635405217672
C3,43,0.00019035399689430743,0.0001892773947449571,0.028754659634588734,0.28720164880322113,0.00045125631456146686,0.06837042784409343,19392,0.0066001680666746216,0.006148911752113155
C3,44,0.000188388625608512,0.0001878501673414153,0.020335583324072405,0.28354902971809326,0.0005532629345090714,0.08374136891299717,19392,0.006606805473694633,0.006053542539185562
C4,42,0.008016125812174826,0.0022083965675577617,2.1119507711748176,0.811555096799626,0.04721334806051087,0.4359586292312249,19392,0.10829777161141987,0.061084423550909005
C4,43,0.008088648816942389,0.002289047481042945,2.110472417723286,0.8246838281167731,0.057764565736293357,0.5160192196153939,19392,0.11194266325844839,0.05417809752215503
C4,44,0.007201987781555447,0.0019126852074663227,2.015486139099063,0.7916448468697358,0.04516774483478115,0.4648930965535054,19392,0.09715727157411706,0.05198952673933591
C5,42,0.008381700388347436,0.00643144944008839,1.223843424733306,0.8126768772893355,0.09025433875051295,0.3164265473360433,19392,0.2852299831046202,0.19497564435410727
C5,43,0.008956048861089194,0.006624889411426642,1.3380323080332701,0.8234452632443511,0.0551687700273992,0.21144857415509272,19392,0.260908687835058,0.2057399178076588
C5,44,0.008880543197197693,0.006728138684891881,1.2857086238533457,0.8341763019831993,0.04213032562324681,0.1537588784484219,19392,0.2740025554841657,0.23187222986091888
