record_id,split,path,reason,status
cross_v1_test_iid_0001,test_iid,minus3,all frames must be >= record_date,reported_completed
cross_v1_test_iid_0004,test_iid,minus3,all frames must be >= record_date,reported_completed
cross_v1_test_iid_0007,test_iid,minus3,all frames must be >= record_date,reported_completed
cross_v1_test_iid_0010,test_iid,minus3,all frames must be >= record_date,reported_completed
cross_v1_test_iid_0013,test_iid,minus3,all frames must be >= record_date,reported_completed
cross_v1_test_iid_0016,test_iid,minus3,all frames must be >= record_date,reported_completed
cross_v1_test_iid_0019,test_iid,minus3,all frames must be >= record_date,reported_completed
cross_v1_test_iid_0022,test_iid,minus3,all frames must be >= record_date,reported_completed
cross_v1_test_iid_0025,test_iid,minus3,all frames must be >= record_date,reported_completed
cross_v1_test_iid_0028,test_iid,minus3,all frames must be >= record_date,reported_completed
cross_v1_test_iid_0031,test_iid,minus3,all frames must be >= record_date,reported_completed
cross_v1_test_iid_0034,test_iid,minus3,all frames must be >= record_date,reported_completed
cross_v1_test_iid_0037,test_iid,minus3,all frames must be >= record_date,reported_completed
cross_v1_test_iid_0040,test_iid,minus3,all frames must be >= record_date,reported_completed
cross_v1_test_iid_0043,test_iid,minus3,all frames must be >= record_date,reported_completed
cross_v1_test_iid_0046,test_iid,minus3,all frames must be >= record_date,reported_completed
cross_v1_test_iid_0049,test_iid,minus3,all frames must be >= record_date,reported_completed
cross_v1_test_iid_0052,test_iid,minus3,all frames must be >= record_date,reported_completed
cross_v1_test_iid_0055,test_iid,minus3,all frames must be >= record_date,reported_completed
cross_v1_test_iid_0058,test_iid,minus3,all frames must be >= record_date,reported_completed
cross_v1_test_iid_0061,test_iid,minus3,all frames must be >= record_date,reported_completed
cross_v1_test_iid_0064,test_iid,minus3,all frames must be >= record_date,reported_completed
cross_v1_test_iid_0067,test_iid,minus3,all frames must be >= record_date,reported_completed
cross_v1_test_iid_0070,test_iid,minus3,all frames must be >= record_date,reported_completed
cross_v1_test_iid_0073,test_iid,minus3,all frames must be >= record_date,reported_completed
cross_v1_test_iid_0076,test_iid,minus3,all frames must be >= record_date,reported_completed
cross_v1_test_iid_0079,test_iid,minus3,all frames must be >= record_date,reported_completed
cross_v1_test_template_ood_0001,test_template_ood,minus3,all frames must be >= record_date,reported_completed
cross_v1_test_template_ood_0004,test_template_ood,minus3,all frames must be >= record_date,reported_completed
cross_v1_test_template_ood_0007,test_template_ood,minus3,all frames must be >= record_date,reported_completed
cross_v1_test_template_ood_0010,test_template_ood,minus3,all frames must be >= record_date,reported_completed
cross_v1_test_template_ood_0013,test_template_ood,minus3,all frames must be >= record_date,reported_completed
cross_v1_test_template_ood_0016,test_template_ood,minus3,all frames must be >= record_date,reported_completed
cross_v1_test_template_ood_0019,test_template_ood,minus3,all frames must be >= record_date,reported_completed
cross_v1_test_template_ood_0022,test_template_ood,minus3,all frames must be >= record_date,reported_completed
cross_v1_test_template_ood_0025,test_template_ood,minus3,all frames must be >= record_date,reported_completed
cross_v1_test_template_ood_0028,test_template_ood,minus3,all frames must be >= record_date,reported_completed
cross_v1_test_template_ood_0031,test_template_ood,minus3,all frames must be >= record_date,reported_completed
cross_v1_test_template_ood_0034,test_template_ood,minus3,all frames must be >= record_date,reported_completed
cross_v1_test_template_ood_0037,test_template_ood,minus3,all frames must be >= record_date,reported_completed
cross_v1_test_template_ood_0040,test_template_ood,minus3,all frames must be >= record_date,reported_completed
cross_v1_test_template_ood_0043,test_template_ood,minus3,all frames must be >= record_date,reported_completed
cross_v1_test_template_ood_0046,test_template_ood,minus3,all frames must be >= record_date,reported_completed
cross_v1_test_template_ood_0049,test_template_ood,minus3,all frames must be >= record_date,reported_completed
cross_v1_test_template_ood_0052,test_template_ood,minus3,all frames must be >= record_date,reported_completed
cross_v1_test_template_ood_0055,test_template_ood,minus3,all frames must be >= record_date,reported_completed
cross_v1_test_template_ood_0058,test_template_ood,minus3,all frames must be >= record_date,reported_completed
cross_v1_test_template_ood_0061,test_template_ood,minus3,all frames must be >= record_date,reported_completed
cross_v1_test_template_ood_0064,test_template_ood,minus3,all frames must be >= record_date,reported_completed
cross_v1_test_template_ood_0067,test_template_ood,minus3,all frames must be >= record_date,reported_completed
cross_v1_test_template_ood_0070,test_template_ood,minus3,all frames must be >= record_date,reported_completed
cross_v1_test_template_ood_0073,test_template_ood,minus3,all frames must be >= record_date,reported_completed
cross_v1_test_template_ood_0076,test_template_ood,minus3,all frames must be >= record_date,reported_completed
cross_v1_test_template_ood_0079,test_template_ood,minus3,all frames must be >= record_date,reported_completed
