S001	PPP	PPP	PPP	PPP	Kellogg涨幅4又1/4及终值75保留；还原仅去转义反斜杠，不改变分数。
S002	PPP	PPP	PPP	PPP	携带缺陷基因的小鼠、实验背景及被动配对事件保留。
S003	PPP	PPU	PPU	PPU	引语和报告语可辨，但will be never aware生硬，独立可读性保留不确定。
S004	PPP	PPP	PPP	PPP	he发动自己的攻击，施事、对象与unstoppable修饰保留。
S005	PPP	PPP	UPP	UPP	Sept.30及5.3million股份均保留；编辑的未来日期适用性缺少叙述锚点。
S006	PPP	PPP	PUP	PUP	全球产量减半与1998保留；would变will是否丢失条件性不明。
S007	PPP	PPP	PPP	PPP	Jeff Rowe为文章作贡献的事件与身份均保留。
S008	PPP	PPP	PPP	PPP	humility使成功机会更好这一因果关系保留。
S009	PPP	PPP	PPP	PPP	RTC需要能干且可获得管理人员的需求及修饰均保留。
S010	PPP	PPP	PPF	PPP	investors不喜欢消息的否定、公司名和either保留；Shift重复will造成语法错误。
S011	PPP	PPP	PPP	PPP	2.9%增长、827.9million及804.3million的对应关系保持。
S012	PPP	PPP	PPP	PPP	每个75000的成本和研究用途保持；原主句未来时未破坏，从句成本转将来。
S013	PPP	PPP	PPP	PPP	Goldman Sachs及Salomon Brothers官员无法评论的状态保持。
S014	PPP	PPP	UPP	UPP	开园与安排状态保留，但1992相对叙述时间不明，编辑时间适用性不确定。
S015	PPP	PPP	PPP	PPP	平均美国人每天看七小时电视的主体、量与频率保持。
S016	PPP	PPP	PPP	PPP	5.2million利润与去年同期1million对比保持，基准无需也改未来。
S017	PPP	PPP	PPP	PPP	4.5%、522.3million和499.4million均保持。
S018	PPP	PPP	PPP	PPP	Jim Beam平面广告在不同国家触动不同反应的习语和修饰保持。
S019	PPP	PPP	PPP	PPP	收入增长5%、终值282million及基准268.3million保持。
S020	PPP	PPP	PPP	PPP	Carnival官员拒绝评论的施事与事件保持。
S021	PPP	PPP	PFP	PPP	Blumenfeld报告满意且问题此前已解决；Shift丢失完成体，改成问题将被解决。
S022	PPP	PPP	UPP	UPP	1989、20%及last year均保留，但未来完成式相对历史年份的锚点缺失。
S023	PPP	PPP	PPP	PPP	被震荡市场反复冲击的背景及债券高收事件保持；after非限定从句先后关系清楚。
S024	PPP	PPP	PPP	PPP	BSB及3.1million流通股保持。
S025	PPP	FPF	PPP	FUF	原句intuition made manifest可读，Shift保留该分词结构；目标及Lowrank给分词错误增加will。
S026	PPP	FPF	UPU	FFF	源句让别人不当思考的事件清楚；参考重复will；Shift伪分裂句时态与语法边界不明；Lowrank丢失do。
S027	PPP	PPP	FPP	PPP	Howley的引语内容及报告者保留；Shift留下said，未把报告事件转未来。
S028	PPP	PPP	PPP	PPP	公司拒绝过去提案的事件保持；past修饰提案不妨碍将来拒绝。
S029	PPP	PPP	PPF	PPP	联邦保险保护631163存款人的事件和数量保持；Shift出现will protected。
S030	PPP	FPF	FUF	FUF	标准条件句原本成立；复制或生成if he will be破坏普通条件读法，可能引入意愿语义。
S031	PPP	PPP	PPP	PPP	小企业正在采取更积极措施及反制强制休假的目的保持。
S032	PPP	PPP	PUP	PUP	make sense及for somebody to do it内容保留；would到will的模态差异缺语境。
S033	PPP	UPP	UPP	FPP	目标还原和Shift补上will be discarded的be；首项can仍是能力语义，是否足够未来不明确；Lowrank原样不编辑。
S034	PPP	PPP	FFF	PPF	Seltzer解释视觉成熟的事件应保留；Shift丢失explain，Lowrank保留事件却重复will。
S035	PPP	FPF	PPP	FPF	得到法律兴趣并创办Litigation Sciences；Shift正确将两事件转未来，参考和Lowrank漏改formed。
S036	PPP	PPP	PPF	PPF	never否定及多数公司放弃研究保留；两编辑器都生成will panned而非will pan。
S037	PPP	FPF	PPP	FPF	think、害怕、待在家三项关系保留；Shift的will get scared and stay home正确共享will，参考及Lowrank留下stayed。
S038	PPP	PPP	FPP	PPP	Sears吸引顾客的努力保留；Shift只改struggling而主句show仍为现在。
S039	PPP	PPP	PPP	PPP	January铂金合约、每盎司上涨2.30至488.60均保持。
S040	PPP	FPP	FPP	FPP	prior year仍限制主事件，will exceed与该过去限定冲突；8.8billion差值保持。
S041	PPP	PPP	PPP	PPP	community involvement更糟的评价与even比较保留。
S042	PPP	PPP	PPP	PPP	涨幅匹配Dow Jones industrials本年涨幅的关系保留。
S043	PPP	PPP	PPP	PPP	短期利率从不变到略低的范围保持。
S044	PPP	PPP	PPP	PPP	many的视角及像Oct.13重演的比喻保持，begin转未来。
S045	PPP	PPP	PPP	PPP	针对England的广告及artsy、irreverent性质保持。
S046	PPP	PPP	PPP	PPP	Japan为资金找到美国住房抵押去处，完成体和同位关系保持。
S047	PPP	PPP	PPP	PPP	Poles参与商业的状态保持。
S048	PPP	PPP	PPP	PPP	大盘背景、股价下跌及交易疲软修饰保持。
S049	PPP	PPP	PPP	PPP	重申东德对共产主义正统忠诚的角色保持；Shift移动also位置不改变含义。
S050	PPP	PPP	PPP	PPP	Unifirst宣布2-for-1拆股的事件和比例保持。
S051	PPP	PPP	PPP	PPP	教师不是教育危机重要因素的否定范围保持。
S052	PPP	FPF	FUF	FUF	参考help will find错误，编辑器均修复该局部结构，但if client will need仍有条件语义问题。
S053	PPP	PPP	PUP	PUP	Blumenfeld、not fully understand及购买事件保留；理解变未来而购买仍过去的相对时间有疑问。
S054	PPP	PPP	PPP	PPP	两类拍卖参与令人失望，消息来自dealers的归属保持。
S055	PPP	PPP	PPP	PPP	this not the case的否定判断保持。
S056	PPP	PPP	PPP	PPP	政府承担经过计算风险的进行体和indeed保持。
S057	PPP	PPP	PPP	PPP	看起来像假日的状态及类比保持。
S058	PPP	PPP	PPP	PPP	按省略引号的引语读取，guess、naive状态及he报告事件均未来化，内容保留。
S059	PPP	PPP	PPP	PPP	曼哈顿通勤优于平均及in other words连接保持。
S060	PPP	PPP	PPP	PPP	收入从1.1billion升到1.5billion的数量关系保持。
S061	PPP	PPP	FFP	PUF	Shift把Harold Simmons从说话者改成兴趣对象并删除said事件；Lowrank在名字前多插will而破坏语法。
S062	PPP	PPP	PPP	PPP	11%收入增长及4.56、4.12billion两值保持。
S063	PPP	PPP	PPP	PPP	日本投资者避开抵押证券及因果连接保持。
S064	PPP	PPP	PPP	PPP	收盘跌8.375至170、此前跌33至145，数值与先后背景保持。
S065	PPP	FPP	FUP	FUP	once were原为曾经属于；编辑后的once future读法与过去关系冲突，不能把词序变化当等价。
S066	PPP	FPF	FPP	FPF	Shift保留原问句但未作未来编辑；Lowrank在can't及to write内插will，语法错误。
S067	PPP	PPP	PPP	PPP	Blumenfeld不独特的否定保持。
S068	PPP	PPP	PPP	PPP	交易员承担大宗风险的从句及受到震动主句均未来化，角色保持。
S069	PPP	PPP	PPP	PPP	问题解决方案为限时毒丸，修饰和关系保持。
S070	PPP	PPP	PPP	PPP	存在更多波动的数量比较和to come保留。
S071	PPU	FPF	FPU	FPU	源句be的省略补语依赖前文，可读性不确定；参考need not will错误，两编辑器原样返回而未编辑。
S072	PPP	PPP	UFF	PFP	Suntory在Japan分销Brown-Forman波旁酒；Shift生成distory及重复will，Lowrank把distribute改成distill，句法成立但从分销变为蒸馏制造。
S073	PPP	PPP	PPP	PPP	others不介意新危机产生的否定及still保持；Shift将still移到be前是自然等价措辞。
S074	PPP	FPP	FUF	FUP	can不等于明确将来时，且可能改变could模态；Shift叠加will can进一步破坏语法。
S075	PPP	PPP	PPP	PPP	11%、8billion、7.2billion三项数字关系保持。
S076	PPP	PPP	PPP	PPP	交易需要监管及股东两种批准均保持。
S077	PPP	PPP	PPP	PPP	文章充满outrageous distortions及unfortunately评价保持，位置变化不影响可读性。
S078	PPP	PPF	PPP	PPP	还原复制参考will settled错误；两编辑器均修正为will settle且1014/ton和13保留。
S079	PPP	PPP	PPP	PPP	朗姆出口54%、814000及proof gallons单位保持。
S080	PPP	FPF	PPP	FPF	New Jersey受请求接受300000并拒绝；Shift改为will refuse，Lowrank同参考留下refused。
S081	PPP	PPP	PPP	PPP	Vinson估计及行业收入接近200million两个谓词均未来化，归属保持。
S082	PPP	PPP	UPP	UPP	听证、Nov.3及accords保持；安排与举行的时间关系缺少锚点。
S083	PPP	PPP	PPP	PPP	不知道所有公交车所在的否定与范围保持；where buses will be明确同时未来，并非新增事件。
S084	PPP	PPP	PPP	PPP	Freddie Mac、9%、97又21/32及升5/32均保持。
S085	PPP	PPP	PPP	PPP	交易员报告及program traders精密计算购买的被动角色均保持。
S086	PPP	PPP	UPP	UPP	1987起40州提高乡村州际公路限速均保留；未来完成式的截止时间未交代。
S087	PPP	PPP	PPP	PPP	所有人的手指离按钮更近一英寸，主体、单位及比较保持。
S088	PFF	PFP	FFP	FFP	四路径均把终价43又7/8改为43又7/7；源还原另重复to43，两编辑器还保留过去tumbled。
S089	PPP	PPP	PPP	PPP	Reebok报告和Fireman接任president的身份与关系保持，原有从句will不变。
S090	PPP	PPP	PPP	PPP	未来可能性及进一步研究揭示偏差的关系保持，however插入位置不作事实错误。
S091	PPP	PPP	PPP	PPP	棋类语境少一子的computer认输，a piece down与主语关系保持。
S092	PPP	PPP	PPP	PPP	银行财务稳健及作为现实的两个陈述均未来化，内容保留。
S093	PPP	PPP	PFF	PPP	Shift保留主体内容后额外续写he will be，新增无补语片段；Lowrank保持无理由相信与报告关系。
S094	PPU	PPU	PUU	FPU	so省略前文谓词，独立意义和可读性不确定；Lowrank保留would而未编辑。
S095	PPP	PPP	PPP	PPP	收入从1.01billion至1.1billion的起终值保持。
S096	PPP	PPP	PPP	PPP	系统工作方式的关系及两个谓词未来转换保持。
S097	PPP	FPF	FUF	FUF	普通if there is条件应保留标准条件读法，if there will be机械转换有语法/条件含义问题。
S098	PPP	PPP	PPP	PPP	no other的排除范围、图形性能和价格关系保持。
S099	PPP	PPP	PPP	PPP	化工利润从98million跌至78million保持。
S100	PPP	PPP	PPP	PPP	像驾车看事故的类比和非限定背景保持，主句was转will be。
